Area,Area Code,Item,Item Code,current_year,current_area_harvested_1000 ha,current_production_t,current_yield_None,Q_hat,R_hat,q_prior_scale,q_prior_strength,beta_1962,se_1962,beta_1963,se_1963,beta_1964,se_1964,beta_1965,se_1965,beta_1966,se_1966,beta_1967,se_1967,beta_1968,se_1968,beta_1969,se_1969,beta_1970,se_1970,beta_1971,se_1971,beta_1972,se_1972,beta_1973,se_1973,beta_1974,se_1974,beta_1975,se_1975,beta_1976,se_1976,beta_1977,se_1977,beta_1978,se_1978,beta_1979,se_1979,beta_1980,se_1980,beta_1981,se_1981,beta_1982,se_1982,beta_1983,se_1983,beta_1984,se_1984,beta_1985,se_1985,beta_1986,se_1986,beta_1987,se_1987,beta_1988,se_1988,beta_1989,se_1989,beta_1990,se_1990,beta_1991,se_1991,beta_1992,se_1992,beta_1993,se_1993,beta_1994,se_1994,beta_1995,se_1995,beta_1996,se_1996,beta_1997,se_1997,beta_1998,se_1998,beta_1999,se_1999,beta_2000,se_2000,beta_2001,se_2001,beta_2002,se_2002,beta_2003,se_2003,beta_2004,se_2004,beta_2005,se_2005,beta_2006,se_2006,beta_2007,se_2007,beta_2008,se_2008,beta_2009,se_2009,beta_2010,se_2010,beta_2011,se_2011,beta_2012,se_2012,beta_2013,se_2013,beta_2014,se_2014,beta_2015,se_2015,beta_2016,se_2016,beta_2017,se_2017,beta_2018,se_2018,beta_2019,se_2019,beta_2020,se_2020,beta_2021,se_2021,beta_2022,se_2022,beta_2023,se_2023
Afghanistan,2,All pasture-based animal products,0,2023,30000.0,2170392.6799999997,,4.741990688881478e-08,2.4836784956441517e-06,0.02,0.7,-3.1041805540447914e-05,0.0018732827479241074,-3.104205760701448e-05,0.0018605980080208721,-3.1046643486748045e-05,0.001848085751370214,-3.105136893586928e-05,0.0018354927352257791,-3.1059419098296555e-05,0.0018230053390723997,-3.107289023505042e-05,0.0018107433356579392,-3.1088439087767134e-05,0.0017985077196960558,-3.1105073123309804e-05,0.0017862382461312782,-3.112211214966158e-05,0.0017738933863732417,-3.115421021752654e-05,0.0017623061664583935,-3.118800952024945e-05,0.0017507124664004289,-3.1221812363765915e-05,0.0017390141937323415,-3.125773963490969e-05,0.001727327352393315,-3.129373326546324e-05,0.0017155350934108457,-3.132980731702764e-05,0.0017036358932540584,-3.1366316182427365e-05,0.0016916466381786317,-3.141154928147631e-05,0.0016800117797448795,-3.145679372492262e-05,0.0016682589639976353,-3.150208019258007e-05,0.0016563872891413296,-3.154737586453964e-05,0.0016443923878177702,-3.159280747201343e-05,0.0016322781346046692,-3.163851101559652e-05,0.001620048657693114,-3.168438690057819e-05,0.0016076957816335666,-3.173114385719724e-05,0.0015952523179282245,-3.1797669481742776e-05,0.0015836642613993128,-3.195796172293829e-05,0.0015766048588382767,-3.2125779233630314e-05,0.0015697732691464128,-3.229365878090312e-05,0.001562799376295354,-3.2461627986567776e-05,0.0015556825333654198,-3.268925537345029e-05,0.0015512755516115552,-3.291736849013444e-05,0.0015467410270278558,-3.3145676246017485e-05,0.001542063725865506,-3.3383175741948814e-05,0.0015376607714126147,-3.363649579619305e-05,0.0015338319335051526,-3.389747198103218e-05,0.0015301964438875697,-3.41651683159114e-05,0.0015267074264436725,-3.443574023973287e-05,0.001523188932494183,-3.4706602481429386e-05,0.0015195242014272863,-3.498283496085147e-05,0.0015159343692796774,-3.5295553964852065e-05,0.001513764342083472,-3.574588170943591e-05,0.0015173343591236806,-3.640101399714379e-05,0.001529437408708619,-3.70626807785908e-05,0.001541657881349731,-3.7724356734667346e-05,0.001553725296857929,-3.8388350554456034e-05,0.0015657382902240875,-3.905927817947734e-05,0.0015778876375648618,-3.9730312562715206e-05,0.0015898981883336403,-4.040236236421883e-05,0.0016018094848484583,-4.10744312322357e-05,0.0016135847449574193,-4.1746898613970456e-05,0.0016252418420341316,-4.241961152977509e-05,0.001636777538460847,-4.3093181215201904e-05,0.0016482180848506006,-4.3767886241505356e-05,0.0016595764985633224,-4.450076225045699e-05,0.001673017703321895,-4.524975887331883e-05,0.0016869449289585814,-4.5999605481324656e-05,0.001700786733329764,-4.675237874960057e-05,0.0017146224773864677,-4.7505174139028006e-05,0.0017283475029383096,-4.825848456091849e-05,0.0017419823735721689,-4.6629110751948726e-05,0.001755517739846489,-4.50000960233094e-05,0.0017689627104734273,-4.499993694348959e-05,0.001782309368787214
Africa,5100,All pasture-based animal products,0,2023,889110.9864,54465774.370000005,,3.7414345086771406e-07,1.754012245321756e-05,0.02,0.7,0.05328430893232194,0.02371327463929531,0.05328377904874883,0.023705590418711023,0.05328286172104423,0.023698317097339893,0.05328146167730798,0.02369139680365286,0.05328260893617058,0.02368503731108697,0.05328384759593916,0.023678688009728454,0.053285161952252025,0.02367234378679275,0.05328850519766269,0.023666669772818828,0.053291804398620024,0.023661023521339964,0.05329506421480722,0.023655407680795035,0.05329979233384481,0.023650091580314513,0.05330460059513027,0.023644780040418707,0.05330913423791919,0.023639845510061805,0.05331523647906716,0.02363585647681363,0.05332126405208633,0.023631866701444355,0.05332743467519467,0.023627902365105893,0.05333389275905783,0.023623993279562674,0.053340574476334314,0.023620136073887837,0.05334774439632025,0.023616420835020045,0.05335508865744772,0.023612723800891453,0.053362025628244505,0.023609031872647655,0.05336920725514697,0.02360537538885331,0.05337638127696649,0.02360171682458795,0.05338661632558436,0.023599935833878326,0.05339681363000956,0.02359825644933166,0.053406900718697616,0.023596575780178857,0.05341690616033697,0.023594895089646985,0.05342636574505627,0.023593255482309373,0.05343558651930942,0.023591661429942554,0.053444768580302934,0.023590071742582246,0.05345532619206209,0.023588928434064148,0.0534662295582502,0.023587807999532643,0.05346863649757678,0.023586918931867762,0.0534733579641795,0.023586182863939084,0.05347802014208488,0.023585468741868183,0.05348286069483865,0.023584920151490312,0.053487214197628544,0.023584683280441495,0.05349169285417034,0.02358445685746963,0.053496656625739464,0.023585011601382107,0.053503527100749515,0.023585859658236123,0.05349365738260469,0.023587303907629423,0.05348880229796493,0.023591182207236196,0.053485897354401374,0.023595759299833687,0.053483095592718174,0.023600365113733215,0.05347870180960698,0.023605470102159486,0.053474300633790585,0.02361057280516304,0.053470117406950894,0.02361571523460758,0.053466454962370326,0.023620890663368165,0.05346260038939416,0.023626203381568553,0.053459507510867206,0.02363196803069777,0.05345670026004442,0.02363789931542814,0.05345411129440154,0.023643867681323216,0.0534527785249482,0.023650304845990847,0.05345172129037798,0.02365682833661534,0.05345086958643507,0.02366343963069623,0.05344991251433269,0.023670156307127113,0.053449144534277945,0.023677176108378686,0.05344825078932395,0.023684294551652954,0.05344808684970311,0.023691624255296573,0.05344831748423283,0.023699012619930543,0.053448535208129484,0.023706410701362028,0.05344858670472809,0.023713879341740456
Albania,3,All pasture-based animal products,0,2023,580.2845,840026.63,,5.753912754091029e-05,0.002913072718275587,0.02,0.7,0.009770600851771172,0.10923879074155185,0.009769102446804456,0.10897541527989466,0.009768195241151911,0.10871146907776597,0.009766966571156888,0.10844688742288329,0.00977393028333895,0.10818320033138877,0.009787079203824545,0.10791956960981904,0.009829402895349448,0.10767862789190993,0.009860353958166368,0.10743847313040529,0.009908829984902223,0.10720004174310492,0.009994397739928995,0.1069718369297423,0.010228453837592744,0.10677197084948595,0.010487403618604285,0.10657218924523372,0.010869021565523551,0.10638729553521124,0.011191963023865825,0.10620483755122483,0.011477978585616333,0.10602226419223598,0.011772749198873722,0.10583909307957307,0.011985890956260126,0.10566241743382104,0.012195176656281143,0.10549138144161736,0.012401305159927739,0.10532006504719998,0.01260700815787788,0.10514807431165937,0.012816486495140084,0.10497605278566148,0.013021961166315599,0.10480474086988807,0.013226728156848305,0.10463274983856073,0.013435342572037684,0.10446351859194096,0.013651996227866697,0.10432424520862688,0.013868764699275532,0.10418426588524682,0.014084578418093241,0.10404795459035054,0.014288589911861327,0.10391299475542595,0.014492433363968882,0.10377730578665424,0.014619833907979232,0.10366351143344642,0.014760460630475147,0.10355099596880044,0.014895596550068807,0.10346008124545196,0.015026844725951408,0.10337560599945624,0.015152332104101704,0.1033374266792812,0.015264875411362098,0.10334852566074888,0.01535755652200857,0.10337246420867725,0.015562142488576618,0.10353057944827802,0.015771304969045573,0.103688385342355,0.01597395096199295,0.103846180979018,0.01617583294919823,0.1040044950382093,0.016363176679574487,0.10416208494977114,0.016547465220585564,0.10431913232079128,0.016731058478010853,0.10447549334067306,0.016913225834359495,0.10463191593205254,0.017103820917660897,0.1047884896253444,0.017294506021712758,0.10494434537962409,0.017540894720243665,0.10512745579949269,0.017830699843225065,0.10531103167861498,0.018138466203672404,0.10549478545557686,0.018443979686710577,0.10567843338651456,0.01875061311256164,0.10586152695659337,0.019064669528965843,0.10604594236079386,0.01937587573909562,0.10623069692829089,0.019663637284591723,0.10641820331936429,0.01995751906828673,0.10660737599895485,0.020254459840023838,0.10679703643668328,0.020559383731707258,0.10698757653507553,0.02086999773430788,0.10718060456190401,0.021193370275963123,0.10738296590546242,0.02153996616549688,0.1076017466695543,0.021818803363302032,0.10783251852986886,0.022102537528498077,0.10807396851999773
Algeria,4,All pasture-based animal products,0,2023,32807.0,2956229.54,,7.696762577024751e-06,0.0003842584249061012,0.02,0.7,0.05800731525707695,0.049591644868194375,0.05800367284552388,0.049514780477255466,0.0579975330335347,0.04943972599236201,0.05800474190189214,0.049369626312451925,0.05801225406847331,0.04930081688399249,0.05801936185057037,0.049232983826101064,0.058025889190722775,0.0491655508209817,0.058031550145956845,0.04909948546171344,0.0580369682978716,0.04903474058721685,0.05804559768706818,0.04897107625657941,0.058047955789090167,0.048907398347714945,0.05805048534472283,0.048843610861139204,0.05804177057813577,0.04878016025509439,0.05803714157177199,0.04872365545599314,0.0580623438774628,0.04867031425369725,0.05808698571884484,0.04861838094367703,0.05811151084836714,0.048566322876048874,0.05813688926124726,0.048514276168540024,0.058164688539759354,0.048462754537339954,0.05819344999211605,0.04841130526684471,0.05812758119144462,0.048360954591909325,0.05806860768989533,0.048316958686518946,0.05804310903862748,0.04827877478277318,0.0580321088170535,0.04824696059527846,0.05801713083639398,0.04821520223380788,0.057996664625589237,0.04818454499353549,0.05797880914130152,0.048159059141308205,0.05796442683013951,0.048134538887317245,0.057950038033183354,0.04810988884482315,0.057935558012238764,0.04808523114661328,0.057924235952303345,0.04807149092774776,0.057918759190902246,0.04806392058770102,0.05791285666328493,0.04805626490941306,0.057905635447919726,0.04804848068022953,0.057900451783665374,0.04804447810915603,0.05789509312682916,0.04804092683477609,0.05789989311116897,0.0480449547520715,0.05790148520076289,0.04805372455443109,0.057903368016134174,0.04806244309948884,0.057895141847823677,0.048074788723924414,0.05788773768007467,0.04808703860677807,0.05787686440180491,0.048105336810202695,0.05786812639590764,0.04812408296664572,0.05779770292358297,0.0481505308294772,0.057726773361767944,0.048177088015108054,0.05765620554497085,0.04820361414755533,0.057589010902656536,0.048230777465065974,0.057520656763868395,0.04825823243935563,0.0574528539609907,0.048285584459601676,0.057393062643225704,0.0483229836614871,0.05733305060493189,0.04836027204063212,0.05727365560352078,0.04840031067206016,0.057213787947419326,0.048440280492127605,0.057155518521079696,0.04848407102296199,0.057097092032637756,0.04852774178153075,0.05704520209542342,0.04857571024112933,0.05700124695110509,0.04863062868386776,0.05698114878331773,0.04870091012722546,0.05696232493888843,0.04877157722343735,0.05695116267903533,0.04884594756967694,0.05694384972556464,0.04892174977579428,0.05693959627118015,0.04899856369158955
Americas,5200,All pasture-based animal products,0,2023,793935.3741,235015424.11,,9.369281518991144e-07,4.7056163749181076e-05,0.02,0.7,-0.056808968414475525,0.06849406400775228,-0.05680871687256564,0.06848726012012167,-0.056808927322131886,0.06848048635708509,-0.05680979499636499,0.06847394239018206,-0.05681089385681346,0.06846783863346455,-0.05681231784076224,0.06846186270794044,-0.05681439930616895,0.0684561896231968,-0.056816536306428064,0.06845052055821696,-0.05681884833988732,0.06844490210910387,-0.05682082892481151,0.06843936938197509,-0.05682247629920868,0.06843394884209303,-0.056824773861598364,0.0684288251315508,-0.056828001648082035,0.06842567443122512,-0.05683161760816967,0.06842265100887913,-0.05683665246339791,0.06841995008562775,-0.0568447201771807,0.06841870339319411,-0.05685233141420111,0.06841767443458098,-0.05686208033127323,0.06841719769322172,-0.056871559377377714,0.06841709185069582,-0.05688231801963175,0.06841771026958775,-0.056893431487722496,0.06841856505186701,-0.056904480309228275,0.06841941956448641,-0.05691562181856369,0.06842027598882708,-0.05692643059569798,0.06842175200156433,-0.05693791247924547,0.06842385066740884,-0.056949452188841065,0.06842599990730171,-0.056961769861461065,0.06842829087735494,-0.05697412527696437,0.06843061205166434,-0.05698655671625823,0.06843301842257998,-0.05699897458718888,0.06843545322242348,-0.05701145997484239,0.06843792738014264,-0.05702382162639253,0.06844051386328034,-0.05703645494203919,0.06844313875640519,-0.05704874654222517,0.06844586902854853,-0.05706067716700758,0.06844890736282085,-0.057072301389958835,0.06845207524418387,-0.05708381875970557,0.0684552533242406,-0.05709535445137428,0.06845843387657392,-0.057106958312691164,0.06846205257365427,-0.057118276206255654,0.06846577434365361,-0.0571176173675181,0.06846969693497869,-0.05711698862952398,0.06847362179231035,-0.05711714775643447,0.06847768777202419,-0.05711707589863744,0.06848185498462274,-0.057116686566399344,0.06848626851869255,-0.05711493688995817,0.06849111515093849,-0.05711302084929244,0.06849598194291633,-0.05710963347451044,0.06850139505679233,-0.05710716918312955,0.06850722211323418,-0.057104458611930864,0.06851310523590053,-0.05710137896980119,0.06851909456790924,-0.057098286824832534,0.06852508989026192,-0.057095308732762445,0.06853110364999,-0.057092144410473125,0.06853712078098345,-0.05708959474854397,0.06854326677614447,-0.05708807171729393,0.0685496754038905,-0.05708637082448707,0.06855609349902998,-0.05708445678771617,0.0685625206726891,-0.057082673803860645,0.06856896670167623,-0.05708091968024414,0.068575450138583,-0.05707957331911364,0.06858198978649027,-0.057078899304367665,0.06858866460358402
Angola,7,All pasture-based animal products,0,2023,40950.293,351235.23,,5.126529548204175e-08,2.605624036389668e-06,0.02,0.7,0.0012467933840536998,0.004786628487480158,0.0012468793181452638,0.004781350939984883,0.001247056663830885,0.004776136883271869,0.0012473596979556177,0.004771061993509338,0.0012476657854496908,0.004765981170904847,0.001247960079299898,0.004760897217817812,0.001248305796185652,0.00475583256219376,0.001248675365678814,0.004750770381741486,0.0012491338787859099,0.00474576687820551,0.001249644629859245,0.004740791273984799,0.0012501602149730543,0.004735809784261596,0.0012507084665183132,0.004730836953969311,0.0012512666716817215,0.004725859061091778,0.001251820268287667,0.004720875337414152,0.0012524963721701826,0.004716019093006802,0.0012531608787177688,0.004712241385852829,0.0012538338524519695,0.004708458560599388,0.001254557987821789,0.0047046934142715305,0.0012553227079921145,0.0047009430422892615,0.001256130438035873,0.004697203762957152,0.0012569253422389385,0.004693461335190477,0.0012577167723143074,0.004689712697158145,0.0012585043572491275,0.004685957947385841,0.0012592873086538143,0.004682197068723895,0.0012600761317367603,0.0046784303356718375,0.0012608586195444718,0.0046746576663558356,0.00126159351268003,0.00467095571758444,0.0012622742715943807,0.004667380289162499,0.0012628821018194944,0.004663935105791412,0.0012635280807825444,0.004660501412178505,0.0012641176007497197,0.004657119939777933,0.0012648180576667143,0.004653839295656503,0.00126574771566446,0.004650622021529856,0.00126720260841376,0.00464767988648331,0.0012686524397378103,0.004644999063488874,0.0012720520699954596,0.004643749280494603,0.0012749412577861552,0.004642874525025848,0.0012752464550085448,0.004642455407842626,0.0012759590598953412,0.004642042773522884,0.001277116942660173,0.004641720460407153,0.0012864739995766183,0.00464163303070837,0.001295497832901553,0.004641561588571585,0.0013034536063711575,0.004641529827445505,0.0013049421363021652,0.004642018405892945,0.0013123983717096277,0.004643478923092256,0.0013193095748377545,0.004644996718716836,0.0013259803696747132,0.004646525855546226,0.0013324270748410426,0.0046480621471038895,0.001331721977779261,0.004651316999440212,0.0013287714473606054,0.004655977949162689,0.001326613310979671,0.00466091376164022,0.0013244071930178926,0.004665845001235548,0.0013221705116495137,0.004670770360278855,0.0013201527177601384,0.004675698387889407,0.0013174426334262043,0.004680905218713656,0.0013145799966304782,0.004686105992501996,0.0013112825618437104,0.00469133106701226,0.0013084200544743936,0.004696640639249005,0.0013068083815462594,0.004702006206053679,0.001305060508343035,0.004707386558720514,0.0013038954682369195,0.00471279403419491,0.0013039247981453024,0.00471822859937578
Antigua and Barbuda,8,All pasture-based animal products,0,2023,4.4376999999999995,2294.59,,8.066168220290391e-05,0.004174017025361548,0.02,0.7,-0.00858275195778524,0.08551517056693254,-0.00858091970635999,0.08504233158106057,-0.008575528431805313,0.0845671917893234,-0.008533828070150767,0.08413339107903048,-0.008406818530842158,0.083697064630261,-0.008285966206171141,0.08325892656901734,-0.008162678799810835,0.08281812673123001,-0.008025118603392917,0.08238017144103121,-0.007877109244374791,0.08194228187008512,-0.007728230306614292,0.08150145536264272,-0.007556506422169068,0.08107265904698786,-0.0073857892017233084,0.08064083575410308,-0.007214904704627129,0.08020591127965684,-0.007052019434210882,0.07976938580567175,-0.006889006392677727,0.07932965607001899,-0.006723018757381072,0.07888689076081118,-0.0065455848760465896,0.0784442148262739,-0.006313471709509841,0.07809490181908371,-0.006047875904909877,0.07777396191708558,-0.005740798620422108,0.07749972688679772,-0.005455341652049028,0.0772325376563389,-0.00515960384481666,0.07696446791162392,-0.004861713116520269,0.07669294275689338,-0.004542980089860468,0.07641783448705354,-0.004202525704811097,0.07615112942450185,-0.0038614812122338277,0.0758807492176471,-0.0035199115648058416,0.07560665259326937,-0.00317794669775584,0.07532879605094309,-0.002856668803802767,0.07505683421534101,-0.0025425756085447893,0.07478222343543595,-0.0021884999069340244,0.07454375355835369,-0.0018597872031760887,0.07431587355456518,-0.001505061772342095,0.07410027464568147,-0.0011493735100707864,0.07388069943563308,-0.0008155852665282515,0.0736680158619206,-0.0004975658788228393,0.07345695455027687,-0.00018751150954260387,0.07324324526702809,0.00011836702714200509,0.0730257959391167,0.0004459801565105531,0.07281495564672984,0.0007699486344742781,0.07260020526725451,0.0010222935184523996,0.07238255500437349,0.0012559052272953647,0.07216869509673297,0.001520068605966117,0.07196590318595088,0.0017896694622044629,0.07175918665567309,0.0020601483393770104,0.07154808229124851,0.0023318805295535205,0.07133255696229644,0.002577538685271344,0.07112758188553422,0.002834710016386459,0.07092042462137296,0.003087302429580889,0.07070905511895122,0.0031429978333540557,0.07117861407470881,0.003221656586112514,0.07165103230280045,0.0032985354639559175,0.07211908853471577,0.00337308860698392,0.07258289446386765,0.003451065899846018,0.07304270119864519,0.003513422290241124,0.07350394863094949,0.003590074087651962,0.0739648921259676,0.0036713306296215697,0.0744222449848022,0.0036986604778830017,0.07494806878314428,0.003711459062408635,0.07547555276534187,0.0037372615653558892,0.07600251786059244,0.003754538655977942,0.07652754307656605,0.003764955354816658,0.07705008531952527
Argentina,9,All pasture-based animal products,0,2023,78425.0,15022195.15,,2.060062087286733e-06,0.00010447016579089151,0.02,0.7,-0.017257297697279628,0.026656106581057503,-0.017252979159621734,0.02661769509990451,-0.017238787377878984,0.026580636403244793,-0.01724161808746503,0.026546193720032925,-0.017256998472736353,0.02651314965782166,-0.01725298002178456,0.026485356951262928,-0.01725716108614753,0.026458094713065202,-0.01725316854505994,0.026431446450856624,-0.01724640231369734,0.026404808464007692,-0.017232483319567858,0.02638328109753821,-0.017217371835491407,0.026361767831907038,-0.017213032110013987,0.02634360187588086,-0.017204703923180076,0.026326388823082972,-0.017195549762767007,0.026309151123796327,-0.017195143700610233,0.026294262675327074,-0.017200791973936067,0.026280587150421055,-0.017201517645473025,0.026268559366393832,-0.017203083455356035,0.02625650436621244,-0.017202905646042873,0.026244550628982993,-0.017198764437867553,0.026233536138218796,-0.017194179674578657,0.026222472314736792,-0.017185534347917506,0.026212402659830467,-0.01717746238164785,0.02620228892029102,-0.017167823051852514,0.0261922439168526,-0.017161832888755,0.026182652368211233,-0.017153550170358377,0.026173290420169346,-0.017152044994377783,0.026165419823327377,-0.017145973990723137,0.026158905660402697,-0.017147741499719073,0.026153792742695487,-0.01714796048777093,0.026148700013196444,-0.017143545866103737,0.02614438011059876,-0.01714514071828999,0.026140909790261364,-0.017151190081177943,0.026137904143271603,-0.017166487044873203,0.02613680324704773,-0.017188162698304543,0.026136655256324703,-0.01721210667212462,0.026136594139621445,-0.01723692794832426,0.02613649664679858,-0.01726226815323887,0.02613634790772444,-0.017298110989134082,0.026138587952137485,-0.017328058754858523,0.026142228417319877,-0.01730553445653704,0.026147636545887722,-0.017273563288349447,0.02615764834551528,-0.017250089301267854,0.026168988749871374,-0.017213347733075483,0.026187987321317132,-0.017172260495854425,0.026207444420888258,-0.017126898154369814,0.026227116416983432,-0.017092230359673628,0.026248001114498737,-0.01705439627693207,0.02626895792041421,-0.017014971776001468,0.026289886545569713,-0.01698679204275299,0.026311968509466016,-0.016949582085518555,0.02633496967261786,-0.016911931664218935,0.0263579146768961,-0.016880267401484506,0.026381114780921467,-0.016853837023882573,0.02640448572659961,-0.016812846306118807,0.026429908717625114,-0.016817042540244465,0.026466616582277412,-0.016824854853729528,0.026503361080184924,-0.016823439043695355,0.02654069795233528,-0.016819295792105417,0.02657823301828897,-0.016821585055238446,0.02661673515533246,-0.01682441432573333,0.026655189778070243,-0.016826914077938047,0.026693591753208058
Armenia,1,All pasture-based animal products,0,2023,1170.5,628426.35,,2.59347761399443e-05,0.0011922898553182208,0.02,0.7,,,,,,,,,,,,,,,,,,,,,,,,,,,,,,,,,,,,,,,,,,,,,,,,,,,,,,,,,,,,,,,0.288957405397146,0.1517514238055609,0.28895462409243583,0.15166627447165829,0.28895469206322455,0.15158259764446488,0.2889381795712659,0.1514997349843362,0.2889244183428464,0.15141684674409472,0.288926383396534,0.1513356853532115,0.2889445186610417,0.15125745971640908,0.28896254569326624,0.15117918576714584,0.2889764695711023,0.1511015561756791,0.28899174615135415,0.15102391631163314,0.288970912412385,0.1509502031006012,0.2889305758318258,0.15087994800009752,0.2888684784726475,0.1508229089792931,0.28876604204826906,0.1507680893793212,0.28858739258728816,0.15071703027689093,0.28842451676395864,0.15066788728156916,0.28827441958007594,0.15062049453180412,0.2881329985371396,0.15059330355464862,0.2879776630024349,0.15057201633372908,0.287812139794366,0.1505510562584471,0.2876575701928013,0.150530686190692,0.2875310233145165,0.15051624235304242,0.2874346615651489,0.15050828600501145,0.2873575249612323,0.1505033325807151,0.287294012472212,0.1505004647224551,0.28723057224836396,0.15049754765327433,0.28717783034866373,0.15051531234986423,0.28712299895383164,0.15054315717121527,0.28706261474426403,0.15057339489566693,0.28703536045424627,0.1506111278352361,0.2870162693785963,0.15066830229107958
Asia,5300,All pasture-based animal products,0,2023,1110100.337,467578712.68999994,,2.776223659911953e-05,0.0007136474741706465,0.02,0.7,1.305502857879299,0.1752070165086951,1.3055165042332213,0.17513003231010935,1.3055577114759043,0.17505734018095753,1.3056295908694966,0.17498935910306332,1.305739436025832,0.17492695709937872,1.305871270388237,0.1748678499313666,1.3060099853247793,0.17480991088484035,1.3061509634368387,0.17475214558280708,1.3062970706802775,0.17469517109659746,1.306528211871712,0.17465001538613487,1.306759680962691,0.1746048506196967,1.3070093754135015,0.17456222826695061,1.307269995208997,0.17452104020581802,1.307530763398496,0.17447983142098816,1.3077926281015737,0.1744387417452731,1.3080630505099275,0.17439792677589866,1.3083334769944894,0.17435707576929055,1.3086056543368851,0.17431645773868884,1.3088776733298564,0.17427581630161437,1.309154851709535,0.17423597916981126,1.3094459924430097,0.1741977251164813,1.3097392381292003,0.17415981835294242,1.3100431906105219,0.1741231432097994,1.3103778338125924,0.17409088482921675,1.3107160405720137,0.1740594221073295,1.3110556634218309,0.17402828180823537,1.3114046543533213,0.17399800952493563,1.3117538320531679,0.17396781380660323,1.3121039663212755,0.17393785934755873,1.3124552566000778,0.17390796847180484,1.3128187328704635,0.173879978714511,1.3126043453237615,0.17393844239348358,1.3123900016713856,0.17399690182038952,1.3121762013150253,0.17405537706076088,1.311968255550556,0.17411430860411656,1.3117679285719837,0.174174083493906,1.3115764268049088,0.17423458783003465,1.3113850362698358,0.1742950797478174,1.3111988944747655,0.1743561354032968,1.3110201823823355,0.17441858197671029,1.3108425658320764,0.17448099646967058,1.3106643959581377,0.17454344402665273,1.3105265258310468,0.17460808813251252,1.31041441051816,0.1746758384689055,1.3103395768904138,0.1747460125082788,1.3102752215056495,0.17481696035219393,1.310214980645239,0.17488808046726106,1.3101565245105438,0.1749600390011412,1.310111718344954,0.17503308077835456,1.3100666015708622,0.1751060973697702,1.3100210856716534,0.1751790871413032,1.3099751781813511,0.17525205060191584,1.3099290534903656,0.17532544039880366,1.3099066831661013,0.17540117494735769,1.30988451815357,0.1754773495718197,1.3098625345727635,0.17555395628892204,1.3098496977022394,0.175631270045147,1.309837174508551,0.1757085528999622,1.3098239619548258,0.1757858313781382,1.3098183030427573,0.1758636403720633,1.3098184266698787,0.17594178516576844,1.309819603078071,0.17602052295348158
Australia,10,All pasture-based animal products,0,2023,331869.0,11620086.05,,1.467139015134742e-05,0.0007211702374263187,0.02,0.7,-0.12688574203933747,0.09273963378743073,-0.1269127433291016,0.09267177440906188,-0.12694625712759697,0.09260478214479681,-0.12698337513578242,0.09253822650621216,-0.1270228615142667,0.09247174349481029,-0.1270625354298298,0.09240520202486091,-0.12710480712298722,0.09233884014107137,-0.12709919067226,0.09227781742157211,-0.1270955002858623,0.09221726782178917,-0.127063448064099,0.09216636062574471,-0.1270219607665021,0.0921166037414116,-0.1269805509712339,0.09206677889644606,-0.12693790004700284,0.09201746574782098,-0.1268933602366234,0.0919783260253508,-0.1268487557374932,0.09193911766947525,-0.12680467370641357,0.09189987027573648,-0.1267824621656212,0.09186539143140889,-0.12675644995487378,0.09183180098953672,-0.1267311112229755,0.09179832604564356,-0.1267093836998891,0.0917794205432195,-0.12668785470793809,0.09176276078827784,-0.12666605867415187,0.09174603762892006,-0.126641117010134,0.09173049306506076,-0.12661796557862473,0.09171514445710711,-0.12659651092985907,0.09169989951632843,-0.1265677446556427,0.09168481023743927,-0.1265478735699551,0.09167095389858018,-0.12652706643465175,0.09165706661230967,-0.1265066943246818,0.09164314634412331,-0.12648774758996018,0.09163000628642098,-0.1264706880883507,0.09161781633678841,-0.1264663437570977,0.09160760686881161,-0.12645880212584776,0.09160341155384176,-0.12649552206705325,0.09160757979892147,-0.12653216093797384,0.09161167912745441,-0.12657377053219204,0.09161746267756074,-0.12661428732727198,0.09162448735419304,-0.1266589626636059,0.09163215802089311,-0.12668647587774007,0.09164599565375439,-0.12672714506731197,0.09166371591302169,-0.1267671935419994,0.09168210954144289,-0.12679982035388632,0.09170368211456256,-0.12687237695239995,0.09173936204995277,-0.12699345971795248,0.09177574151905497,-0.12711271398907983,0.09181205916893258,-0.12723201432495024,0.0918483074180389,-0.1273749222377783,0.0918880900289519,-0.1275399568592598,0.09193090058468892,-0.1277040807576317,0.09197365478748838,-0.12788374699000388,0.0920196836112026,-0.12806041102923077,0.0920656654113978,-0.12822749087497798,0.09211323279914474,-0.12837912924420314,0.09216161928736145,-0.12853560685123466,0.09221053819227953,-0.12870091542436154,0.09225945547150052,-0.1288708235110465,0.09230902245840097,-0.1288995395684478,0.09237204096271587,-0.12890457797561808,0.09243802038991798,-0.1289007180219727,0.092506077207022,-0.12890336192043886,0.09257467880440533,-0.12889261396349097,0.0926447285805711,-0.1288844302920193,0.09272099990419545
Australia and New Zealand,5501,All pasture-based animal products,0,2023,341045.9048,34061828.16,,1.3883732325404767e-05,0.000690834941700442,0.02,0.7,-0.11984125089269443,0.10473248561680676,-0.119850425684561,0.104669212853951,-0.1198623070728913,0.10460613336418689,-0.11987653597964276,0.10454329284707965,-0.11989434361324697,0.10448076922815155,-0.11991318573679999,0.1044184237646356,-0.11993325259423465,0.10435610961887008,-0.119917495394777,0.1042970828819762,-0.1199035510502792,0.10423863888296041,-0.11988886069187754,0.10418015615442135,-0.11986479980925063,0.10412305414898895,-0.11984190933860148,0.1040660452533948,-0.1198177677690009,0.10401092526772744,-0.11979278165064029,0.10397032570083821,-0.11977179333492496,0.10393060293198983,-0.11975657131937552,0.1038925338223933,-0.1197558717235841,0.10385748415203534,-0.1197500076138836,0.10382956950790945,-0.11974415027987957,0.10380161186987334,-0.11973462213823133,0.10377602955605601,-0.11972389446836146,0.10375176459939608,-0.11971375577724103,0.10372748049016146,-0.11970169117307293,0.10370350734750906,-0.11969568634489328,0.10368163096998596,-0.11969237379149605,0.10366017748875204,-0.11968508072023813,0.10363875963582661,-0.11967095230559568,0.10362225614330603,-0.11966027138120419,0.10360612762573065,-0.11965788001169664,0.10359395807558971,-0.11965558332375159,0.10358179929687727,-0.11965487975022004,0.10357066724972754,-0.11966075283202625,0.10356031882582084,-0.11966347190766463,0.10355773044053253,-0.1197055257736647,0.10356360488994448,-0.1197540017324677,0.10357182377830754,-0.11980899485069776,0.10358310652565,-0.11986421073163268,0.10359901841810681,-0.11992167358300827,0.10361520748837359,-0.1199829868123054,0.1036315035406502,-0.12006575634772212,0.10365720300604311,-0.12014984897119199,0.10368317607884044,-0.12022742476643723,0.10371130820908576,-0.12031512855103384,0.10374163943491932,-0.12039300159674128,0.10377196804661268,-0.12044918341604169,0.1038038243524238,-0.12050641904637482,0.10383571928503953,-0.12057013155480176,0.1038680318691872,-0.12065630616729486,0.10390408720972452,-0.12073480367233536,0.10394194217538928,-0.12081687239912048,0.10398009234882152,-0.12089552393460627,0.10401823425188972,-0.12095989022470083,0.10406289767438424,-0.12101877312225406,0.10410763946639884,-0.12109382710954884,0.10415724908132053,-0.12116309058221653,0.10420685161322807,-0.12124402154132474,0.10425997808326307,-0.12126265414211962,0.10431578755427069,-0.12127075836534915,0.10437213442211309,-0.12127147947325431,0.10443011571072203,-0.12127761228648705,0.1044885683966288,-0.12127360345305148,0.10454794984388843,-0.12127275162734355,0.10461422430737215
Austria,11,All pasture-based animal products,0,2023,1343.2159000000001,3890960.0,,3.4909863365248836e-06,0.00017763855444682733,0.02,0.7,0.000632367975000353,0.06570265620962522,0.0006353179054076619,0.06567756455159665,0.0006391384793371924,0.06565259360954497,0.0006444462567897769,0.06562797120041501,0.00065146314539688,0.06560379447532201,0.0006587379624498624,0.0655796172635284,0.0006698059945485502,0.06555750066899718,0.0006804301188794715,0.06553540024290651,0.0006902475518119622,0.06551337908092236,0.000699222005663025,0.06549143952441801,0.0007068824356870201,0.06546980029687598,0.000714283132351487,0.06544816219964775,0.0007212511455459841,0.06542654438832861,0.0007287552187019986,0.0654049615648375,0.0007354317709551278,0.06538347650010082,0.0007421502243518535,0.0653619807884831,0.0007497500792102707,0.06534058463089151,0.0007580492634082503,0.06531924633314187,0.0007653134681900459,0.06529803909961646,0.000774989066463061,0.06527755519411971,0.0007822698871499667,0.06525765786213093,0.0007882760063940425,0.06523792243422541,0.0007922809838332347,0.065218613209917,0.0007934123222539339,0.06520017515655056,0.0007942962297680413,0.06518173260652065,0.0007958896892001979,0.06516333233968977,0.0007993450219898543,0.06514529560263434,0.0008145760975158817,0.06514151620311869,0.0008305060469427222,0.06513777748157679,0.0008465457168314733,0.0651340290126121,0.0008626465577117812,0.06513028994609056,0.0008789977437926311,0.06512683457077319,0.0008955808064228868,0.06512367816495342,0.0009122360332892328,0.06512053772722884,0.0009306163373416602,0.06513236637864459,0.0009485061333816755,0.06514424844365854,0.0009657448846888093,0.06515622903062972,0.00098286107111566,0.06516820247354571,0.0009982385631480892,0.06518095450549719,0.001015392877362544,0.06519458996531746,0.001001427110474476,0.06520864502602089,0.000987722213091343,0.06522275483688401,0.0009747801632023247,0.06523753669438694,0.000962481644202845,0.0652536101031953,0.0009506408561296593,0.06526984312110762,0.0009387968563555026,0.06528618360060684,0.0009267294616948987,0.06530251633252694,0.0009162026624195165,0.06531897657344235,0.0009058349603184059,0.0653354756379326,0.0008954158659336738,0.06535198475972981,0.000886456052157366,0.06536858592610952,0.0008802554188079448,0.0653855465480542,0.0008742047692458458,0.06540249774622145,0.0008660134782209478,0.06542005078168274,0.0008562999330478174,0.06543770070945437,0.0008586530474209183,0.06545581534253697,0.0008616005929184978,0.0654743051811858,0.0008607413972863431,0.06549358482946399,0.0008625275421649176,0.06551313093850533,0.0008652367062074481,0.06553266909318427,0.0008680290384858341,0.06555219914732092,0.000871352435757033,0.06557236631780668
Azerbaijan,52,All pasture-based animal products,0,2023,2414.4,2491419.0,,3.0044357791077776e-06,0.00014987534922562796,0.02,0.7,,,,,,,,,,,,,,,,,,,,,,,,,,,,,,,,,,,,,,,,,,,,,,,,,,,,,,,,,,,,,,,0.08994947615225289,0.08697005675752292,0.08996539552961744,0.08696859176503811,0.08999735864162556,0.08697228753155084,0.09002977797601247,0.08697644069287781,0.09006569933567574,0.08698097382557103,0.0900949568546098,0.08698611129704542,0.09009617427300746,0.08699425696458474,0.0900967736833543,0.08700289238970023,0.09009523214463258,0.0870115890812326,0.0900934828146156,0.08702038141937883,0.09009202978242178,0.08702940670400879,0.09009002313057798,0.08703866252532462,0.0900879940434808,0.08704793598941657,0.090086017533705,0.08705721279633216,0.09008407827643106,0.08706653381903467,0.09008189694187296,0.08707585996862349,0.090079608770279,0.08708518859643875,0.09007927411829564,0.08709496892753754,0.0900820714367375,0.08710768455311563,0.09008486288469095,0.08712042107837302,0.09009063946855989,0.08713387285109231,0.09010138813922532,0.08714810256633156,0.0901122084335202,0.08716233670544349,0.0901236105086383,0.08717661070171058,0.09013964659891774,0.08719103272251999,0.09013884711927134,0.08720636791509835,0.09013779275203239,0.08722172439633222,0.09013680311505498,0.08723708802509443,0.09013603480424243,0.08725264970352678,0.09013510746773379,0.08726875840283191,0.0901342662982653,0.08728514665644647
Bahamas,12,All pasture-based animal products,0,2023,2.8754999999999997,825.86,,0.00020049131813670753,0.010255684431759745,0.02,0.7,0.04186043311583898,0.21290117508939949,0.04186301042511076,0.21243003816780487,0.041868629481484815,0.21195818463522,0.04191653894550684,0.21152805638859398,0.04197986367624337,0.21110414546001122,0.04204714082756339,0.21067971590566018,0.042109931619141144,0.21025501335845456,0.04216141756081704,0.20983497975531062,0.04221072270837471,0.2094140403106628,0.04224864943315099,0.20899782028860225,0.04230079492800348,0.208586693066677,0.04235496174899065,0.20817460436977714,0.04238384294423003,0.20780339088514813,0.04241145049004179,0.20743111808351392,0.04241604765665126,0.20708959666682591,0.04242399983000726,0.20674694400179067,0.042417047534255806,0.20641379444112254,0.04238344113334601,0.20612864414396417,0.04235097560147448,0.2058423929382418,0.04230274951354892,0.20556706724189044,0.04225457256104749,0.20529058479660572,0.04220757130732808,0.20501298999250817,0.04218631493501908,0.20475189115347575,0.04216639023981415,0.20448968436708867,0.042171471058933284,0.20424304524108058,0.04217901848190927,0.20399543797514466,0.04217001369190304,0.20376008149093705,0.04214529409043999,0.20353539159342618,0.042123160608286386,0.20330974099854512,0.04209065940702943,0.20308748560391152,0.042057978276932556,0.20286403164313457,0.04208674700452593,0.2027145722147156,0.04208206366915976,0.2027554015238171,0.04205487416940144,0.2028241607574967,0.042154591709732306,0.20311911605839247,0.042247201282249916,0.20341490166171577,0.04234232688307272,0.20370971215620878,0.04243965880080807,0.20400350313060636,0.04250790608559449,0.20436186643997323,0.042570248381543295,0.20472043346841406,0.042425074804164895,0.2050808872668898,0.04229849165434192,0.20545013172582954,0.04221261515695151,0.20584411446736353,0.042167198540618976,0.20625885312317507,0.0421519639230808,0.2066898860528777,0.04210301154988365,0.20713853773290627,0.04206375697068665,0.20758882034000364,0.04202347909139106,0.20803800478968396,0.041991841365946636,0.20848751445698713,0.04196912679986282,0.2089370041793381,0.04194092335802997,0.20938698797047675,0.04192752611097719,0.20984077568972856,0.04191207624403472,0.21029355140681108,0.0419011437969146,0.21074590052484765,0.04187056236366484,0.21121647830875365,0.04184351517563206,0.211686285475461,0.04182062818754056,0.21215550301165803,0.0417972451297506,0.21262367615032776,0.04177674472643905,0.2130911569155013,0.04176524476074157,0.2135594965374222,0.04175802272965745,0.21402745301095888,0.04175440983588362,0.21449485136794683
Bangladesh,16,All pasture-based animal products,0,2023,1863.8393,13487485.28,,0.0006809304913059912,0.03467567758832208,0.02,0.7,-0.19252631601544712,0.3146688439089892,-0.19254488242872214,0.31359353421992125,-0.1925801991583339,0.3125217026766765,-0.19263545349699696,0.31145554339936515,-0.19269849044832332,0.31038757139518625,-0.1927843171339082,0.30932726639569913,-0.1928807363036532,0.3082664342489682,-0.1929881005188554,0.3072052113395568,-0.19310401369195684,0.3061423341935676,-0.1932280177464356,0.305077542499554,-0.193376760024634,0.30402149723492083,-0.19354978067303202,0.3029737501015729,-0.19374951646292726,0.3019361186363872,-0.19396221761059473,0.3008988841662911,-0.19418825538978413,0.2998622008964867,-0.19440616110033027,0.2988296987500463,-0.19463707543959563,0.2977974325241518,-0.19486540904614896,0.29680411217786706,-0.19510185447166473,0.2958084228010189,-0.1957346152746025,0.29525773279854683,-0.19637971523752307,0.29470668028057384,-0.197045246239661,0.2941602899352482,-0.19772643225330466,0.2936153858652653,-0.1985567810607693,0.29320469366947854,-0.19939002973531994,0.2927897241747472,-0.20023794669237457,0.2923755298615034,-0.20110139862267876,0.2919625892144761,-0.20198011561561394,0.29155070251065046,-0.20287523505733193,0.2911405174267914,-0.20378522173524694,0.2907310766440307,-0.20471717138404513,0.29032686981926503,-0.20566383154347948,0.2899232420510121,-0.20661987151804587,0.28951739549421945,-0.2076349204282671,0.28927632858861435,-0.20866766926480565,0.28903751846725756,-0.2097568326001854,0.28895611658175807,-0.2108440884335567,0.28890757489608737,-0.21192971280389844,0.2888543575886707,-0.2130122052798088,0.2887968808139476,-0.21409331591769534,0.2887346840764258,-0.2139212864965071,0.28867894647112297,-0.21378049011993622,0.2886272938866963,-0.21362928268106254,0.2885807838119491,-0.21351490263359185,0.28854025504601977,-0.2134570342098012,0.2885041032334117,-0.2134481666562807,0.2884661547256104,-0.21346352821136294,0.2884287307760926,-0.21340371283744422,0.2884147490245124,-0.21333664870233027,0.2885559126974721,-0.21328480772598346,0.2886931533860114,-0.21323466684983805,0.28894886074251924,-0.21327109461462312,0.289255126815693,-0.21330828557256465,0.2900668306670595,-0.21335647195533972,0.2909626209245439,-0.21339030585367616,0.2918896337843828,-0.21342567327755677,0.29281214011980866,-0.21351385779180226,0.2939269418846101,-0.21360705800309746,0.2950434713931757,-0.21369387263979606,0.2961556350855043,-0.213774492626115,0.2972668508900561,-0.2137988630589334,0.2983980443549431,-0.2138052656628985,0.2995332150858767
Barbados,14,All pasture-based animal products,0,2023,2.766,4409.39,,0.00017051043660838594,0.008790225568590049,0.02,0.7,0.0223000488509415,0.14621291070241058,0.022298342792887234,0.14562959682914997,0.022297936142901542,0.14504434835703894,0.022301168276679093,0.14445952887314947,0.022305197278963323,0.1438724605053545,0.022312690457115276,0.14328550444842147,0.02231542245162228,0.14270778611791726,0.022320439514163008,0.14212875259820115,0.022332744630789367,0.14155635157036822,0.022346631517858095,0.14098197919424432,0.02236165813320784,0.1404053284133063,0.022374516535638864,0.1398275934357985,0.022393923793600834,0.13925472718489745,0.022420797992288945,0.1386885084364344,0.022444141065195863,0.13812444240621918,0.02248136172583072,0.1375826622925498,0.022523309790737245,0.1370423170889382,0.022579677018522266,0.13652546481995467,0.022643270555993827,0.1360144018887445,0.022707746713723755,0.13550063624783945,0.022768672909968563,0.13498881647573185,0.022828213364497738,0.1344745987758567,0.02289991105767989,0.13397708401738245,0.022987674241141808,0.13350665507289328,0.02308358582301568,0.13304342413746256,0.023199915224393387,0.13261968425312554,0.023332976663592228,0.13222431621690683,0.023467257811186373,0.13182613957377046,0.023618527970779866,0.13145663248041367,0.023784972862849432,0.13111061726599263,0.023951980975921987,0.13076145168399134,0.024165599172896457,0.13090951427942518,0.024373777289229556,0.1310899431369023,0.02457867020374577,0.13127116230789643,0.024793040508530914,0.13146173008336776,0.025014858700343773,0.1316575757676979,0.025236192460754536,0.13185029751904292,0.025465189577547825,0.1320487018095133,0.02568897812784752,0.13227063302957287,0.025913062492105184,0.13248944455217487,0.026313539274290428,0.1327055425784167,0.02665637403031801,0.13293427060592544,0.0269875043493435,0.13316622990664487,0.027250957602569265,0.13340731779107012,0.02750348073383615,0.1336559228068565,0.027717438067446747,0.13393109922316457,0.027972189749098125,0.13428963420421675,0.0282264108723427,0.13464518354515334,0.028495209793530655,0.13500436489288462,0.028725876975392556,0.1353641004320407,0.028830576274606973,0.13576729421237516,0.028985705654270617,0.13617560727013217,0.029046550040880293,0.1366659376947678,0.029099913480489063,0.13715409471189646,0.029203034065192826,0.13764784179527026,0.02919786024635209,0.13818006765145072,0.0292036135944119,0.1387194332708586,0.029208910817934104,0.13925611330238866,0.02921251944953518,0.13979221015106572,0.02920391755122356,0.14037867102578883,0.029205778367675784,0.14097709792878096,0.029203973723415568,0.1415798245934885
Belarus,57,All pasture-based animal products,0,2023,3590.6339,8187466.67,,0.00015121299305346416,0.007296848836477291,0.02,0.7,,,,,,,,,,,,,,,,,,,,,,,,,,,,,,,,,,,,,,,,,,,,,,,,,,,,,,,,,,,,,,,0.48087989535205833,0.33137152729806274,0.4809110912449923,0.33117689816739293,0.4809236177334145,0.33098647444303503,0.4810137874966132,0.33086215230853233,0.48111964573892646,0.3307520116075412,0.4812311029814086,0.3306480080374161,0.4813446258778914,0.3305450028740876,0.48153973691266805,0.33051468973069104,0.4817910709443404,0.330520458137727,0.481460113022228,0.33055396730947134,0.4811260790927028,0.33059047244069284,0.4807969575355676,0.33063266274232905,0.4805573762835198,0.3307251983209019,0.4803913970671178,0.3308742605611615,0.48023574729832574,0.33102968546527445,0.4800788220574939,0.3311852540472156,0.4799515826449095,0.33135276240637546,0.4798646459721033,0.33153773434303674,0.479777435659245,0.33172255741371576,0.4796874808607521,0.3319117277267168,0.4796190715123568,0.33210689138316823,0.4795377767755781,0.33230588184791765,0.47945543584073325,0.33250472484589577,0.47940894851690075,0.3327179858262481,0.4793635405260022,0.33293114455456785,0.4793283646968352,0.33314565913812544,0.4792925388203346,0.3333601117966343,0.47925605282952993,0.3335744216964671,0.47925779982181094,0.3338000661805712,0.4792597330525374,0.334025557434711,0.47926116881959435,0.3342509049907479
Belgium,255,All pasture-based animal products,0,2023,552.99,4937470.0,,3.693582582565128e-05,0.001919949200103576,0.02,0.7,,,,,,,,,,,,,,,,,,,,,,,,,,,,,,,,,,,,,,,,,,,,,,,,,,,,,,,,,,,,,,,,,,,,,,,,,,,,,,,-0.0761361213681937,0.21009212284209083,-0.07611561716380591,0.21000432345374354,-0.07611479005185362,0.20993256335214242,-0.07611964688731211,0.2098660574331711,-0.07616457082357053,0.2098435947856627,-0.07621753926833665,0.20982347478263372,-0.07628285290786388,0.2098192133679447,-0.07634638471813854,0.2098149866490008,-0.07641704451827758,0.20981226357642457,-0.07648797591550717,0.2098105295593343,-0.07655492960058245,0.2098128227189061,-0.07662275464667102,0.20981509710224636,-0.07668623139262108,0.2098191574927361,-0.07672591271831977,0.20986438527010126,-0.07675078787930929,0.20991914686218077,-0.07677047886758201,0.20999139727549102,-0.07678146387716528,0.2100678294209036,-0.07678345134705544,0.21014680455103635,-0.07679792985412226,0.2102289320768675,-0.07681136400892133,0.21031133851011433,-0.076822941073279,0.2103960248287153,-0.07683508582379966,0.21048158602194758,-0.07684128306012263,0.21056827004542455
Belgium-Luxembourg,15,All pasture-based animal products,0,1999,628.0,3939499.0,,3.892807224589201e-05,0.0019394029592562927,0.02,0.7,0.3280172530814388,0.30468247599570086,0.32801372714076815,0.3046198526588561,0.3279903104782286,0.30456108113642094,0.3279742523810643,0.3045123801045792,0.327958582383391,0.30446684515834865,0.32794232438861814,0.3044215567102619,0.327922467397733,0.3043826361183235,0.3279036875359286,0.3043450298281307,0.32788202559241,0.3043077106524183,0.32787357780982684,0.3042775729519698,0.32787041407084777,0.3042531335064216,0.3278693792182537,0.30422991196932264,0.3278710586796242,0.3042067951713113,0.32783646107847836,0.3041936580471155,0.3278031566439372,0.30418305263217926,0.3277696772696469,0.30417277471828646,0.3277373834309993,0.3041628573029239,0.3276969171839881,0.30416110182644396,0.3276738785535464,0.30415978084355527,0.3276540771204791,0.3041587949130426,0.32763632716640845,0.3041584680354018,0.3276279632265879,0.30415824314556367,0.327624253014502,0.30416232101108315,0.32762052324211277,0.3041663856195842,0.32761665381379157,0.30417044151256073,0.32762083307401396,0.3041796497403275,0.3276258940917959,0.3041944662507298,0.32763644621968374,0.30421632035181434,0.3276460559624281,0.3042381693771604,0.32765713427607723,0.30426004582843263,0.3276666505114523,0.3042820520413556,0.3276692213142466,0.3043048352121051,0.3276853701460643,0.3043347960191617,0.3276924005202847,0.30436479979304326,0.3276687745710132,0.3043957366292812,0.32763711634033094,0.3044277217977559,0.32763088199791085,0.3044779521578108,0.3276277723418224,0.3045410947872738,,,,,,,,,,,,,,,,,,,,,,,,,,,,,,,,,,,,,,,,,,,,,,,,
Belize,23,All pasture-based animal products,0,2023,60.9432,6529.95,,2.341505443506952e-05,0.0009622480020405678,0.02,0.7,0.03470478119712861,0.032168548319193586,0.034707078487454024,0.03180262066152056,0.034712632839872914,0.03143261892210141,0.03471847401332162,0.031058204472716015,0.03472577980793434,0.030679253815072353,0.03473569738606341,0.030295674878235895,0.03474726131562045,0.029907214230306133,0.034762039701376174,0.029513800946019585,0.03477058017639548,0.0291160990384493,0.03478175443996381,0.028712957885606353,0.03480575934195268,0.028306006783986374,0.034834541717092715,0.027893351587934746,0.03488119579487631,0.027477707577330993,0.03492058481835009,0.02705689709066697,0.03495813226806181,0.02662922812786756,0.035001731481251935,0.02619479154009972,0.03505380776911138,0.025753610974628402,0.035068783935464774,0.025304456503899748,0.035082172954632417,0.0248468827922852,0.03509250673179369,0.02438054115684566,0.035107118433077025,0.023904976391063145,0.035126576868785946,0.023419668099823435,0.03517854578510208,0.02293078508337596,0.03525079208583543,0.022433868624468712,0.03525279020998215,0.021925559153945683,0.03528159114569712,0.021409182044562047,0.035308943585677655,0.020878856950742673,0.0353298543929116,0.020334267138446056,0.03654761236153105,0.02060901496386497,0.03774739419592098,0.02090432840622746,0.03894580370764554,0.02118465857651657,0.04013954888128777,0.021450956179649344,0.04133126074347945,0.02170342606812908,0.042519221607714694,0.021942729679900012,0.04369544611257067,0.022170267277991193,0.04486447849488121,0.02239484908137982,0.046024864993918474,0.022610578589143074,0.047183312396679535,0.022814509044186724,0.04835824797813454,0.023009015404987822,0.049535599519302975,0.023192341988179318,0.04921293863036185,0.0234760580225438,0.04894461701579917,0.02378656557812877,0.04870113268979686,0.024089842551828455,0.04849474664022656,0.02438832515678999,0.048280119989350216,0.0246924598560656,0.04804243085468312,0.02500086407172268,0.04779567423946253,0.025305693873013967,0.047567224051978205,0.025604175296334797,0.047374467635916025,0.025905856730697504,0.04717146396470141,0.026207907038996236,0.04702531362715087,0.026512508970752177,0.046959480439661916,0.02684337328707083,0.046884439597217324,0.027168099696334495,0.046800683976419566,0.02749398461811219,0.046703590370302486,0.02782890293970229,0.04661134287363144,0.02819507245146915,0.0465320910304616,0.02855778426268252,0.04647262568814234,0.028917840737510487,0.04641369162464827,0.029277080965643826,0.04635815766817169,0.02963242353364985,0.04636633266101945,0.030009750670099488,0.046371161987742444,0.030382274653151495
Benin,53,All pasture-based animal products,0,2023,856.4105,195901.0,,8.119975663273915e-05,0.004175502108958933,0.02,0.7,-0.009242710881277594,0.08552598887075558,-0.009246944127543066,0.08505062502455898,-0.00924886391229203,0.08457279154213522,-0.009247110071341463,0.08409276515917226,-0.009230852445460541,0.0836191052016897,-0.009203530933438508,0.08314773402021634,-0.009175960704729633,0.08267349758450111,-0.009162738238418539,0.08220323544528427,-0.009145518537795976,0.0817306196626591,-0.009146771412992003,0.08126596499023273,-0.009161268342766694,0.08080405807131846,-0.00917223943814005,0.08033949435078187,-0.009184993028066881,0.07987186535844625,-0.009187451783842723,0.07940519247247776,-0.009174548817075006,0.07894498338505287,-0.00916819601283176,0.07848287641230196,-0.009181247059978252,0.07802891730313354,-0.009186045291306122,0.07757406957910865,-0.009196429934858858,0.07711673654368553,-0.009198377745247028,0.07665848005323798,-0.009205195097624429,0.07619735398594339,-0.009211452869892762,0.07573252530222314,-0.00921767003569617,0.07526390156742829,-0.009219911557789196,0.07479196744774334,-0.009230028853405126,0.07431806211246988,-0.009031539178946335,0.07385910979957054,-0.008841865687446826,0.07339848861789715,-0.008657771699328548,0.07293468742148594,-0.008490198131793004,0.07247462811360783,-0.008418277668461413,0.07201494355656886,-0.00828508665882938,0.07244421003603492,-0.008154743868794993,0.07286940082599279,-0.008034333241563482,0.07329336129347762,-0.007906183344861642,0.07371523847226295,-0.007814567376305728,0.07416863971762712,-0.007711016242486017,0.07462322471257804,-0.007610985699117093,0.07507425077953299,-0.007510885284750801,0.07552138120351098,-0.007416454430294166,0.07596574115479572,-0.0073211388587809175,0.07640636788618413,-0.007193358331403754,0.07684331718039561,-0.007063702387388848,0.07727720909863192,-0.006934963514571282,0.07770826437977943,-0.006813721124505125,0.07813634036310224,-0.006698408151596901,0.07856161438264295,-0.006598896398851993,0.07898394335205246,-0.006503762342910856,0.07940348423538279,-0.006414278962157518,0.07982026632473711,-0.006331008283540319,0.08023432540813955,-0.0062560260240154065,0.08064573183233122,-0.006188702228373622,0.08105453601467304,-0.0061216694651440254,0.08146083929432796,-0.006056914192512227,0.08186471007792236,-0.005996638442898323,0.08226619807925281,-0.005940585303914837,0.08266530798872264,-0.005885393335979238,0.08306209404460177,-0.005835086425403015,0.08345654566464086,-0.005789625831424305,0.08384882639705146,-0.005742143433953348,0.08423853137662222,-0.005764267944004021,0.08470510219960126,-0.005770666569367235,0.08517927505994691,-0.005779955176547314,0.085651097342181
Bhutan,18,All pasture-based animal products,0,2023,441.1077,42228.34,,1.6436350541239312e-05,0.0005883447417001758,0.02,0.7,-0.13776887687214923,0.040248218411417055,-0.13777088552173078,0.040044382835960464,-0.13776993151142605,0.039839732738609614,-0.1377694449979221,0.039634328939904234,-0.13776578573040232,0.03942812546990545,-0.13776204743030934,0.0392208291050512,-0.13775518184788008,0.03901268387399,-0.13774702295415944,0.03880358392890513,-0.1377359072042379,0.0385935566735884,-0.1377249316166972,0.0383825488072366,-0.13771132811641235,0.03817051169675853,-0.13769776407486106,0.0379574139008698,-0.13768396528182106,0.037743081964908165,-0.13767022516176178,0.03752766613658358,-0.13765285269749733,0.0373113843465917,-0.13763125326979053,0.037094589999701943,-0.13760955198065503,0.03687655849896615,-0.1375845284336059,0.036657483975035494,-0.13756066369981435,0.03643705640970322,-0.1375366642847517,0.036215251514917265,-0.1375093053497346,0.035994560944494665,-0.1374822818773089,0.03577242368532842,-0.13745537240991343,0.035548814952038404,-0.13742856782107757,0.03532370274951285,-0.1374022825969531,0.035097061873777397,-0.1374005011401859,0.0348716081378449,-0.13739729212696614,0.034644562329868296,-0.13739726819615447,0.03441600116151188,-0.13739630630216781,0.03418969286848642,-0.1374174086008873,0.03397472761968474,-0.13637439626980494,0.03399710196701763,-0.1353849611428143,0.03402533596589494,-0.13440036650759452,0.03405207678593212,-0.13342038069327092,0.03407731139482341,-0.13277283678932075,0.03410813624905909,-0.13215029766979144,0.03414006524994268,-0.13153276896622848,0.034170534156676084,-0.13091934751731676,0.0341994795875253,-0.1303039929960872,0.03423046712839135,-0.1297123478189642,0.034268152969938,-0.1291521597282136,0.034312492576011044,-0.1285981090161354,0.03435550831197056,-0.12804323595963157,0.03439694953724715,-0.1274861051817296,0.03443682757903986,-0.12694857360974082,0.03448770448400851,-0.12662778037181663,0.03457906499909931,-0.12634706821029085,0.034674051976691114,-0.1260796921822255,0.03478176301114609,-0.12581804555736958,0.03489588434197715,-0.1255598343472901,0.035008544534540234,-0.125296796049146,0.03512146755066405,-0.12503786213712667,0.0352402516434674,-0.12477739308046501,0.03535753244591406,-0.1245764736544946,0.035485528797747,-0.12439336527264762,0.03562571451313871,-0.12425160871265052,0.035787656604451004,-0.12410502867498567,0.03595057108763258,-0.1239536282430071,0.036113055650445626,-0.12380130965291838,0.03628010615901301,-0.12364900766852027,0.03644574884006921,-0.12346361980008991,0.03661461893529739,-0.12342303531638771,0.036830019034883046
Bolivia (Plurinational State of),19,All pasture-based animal products,0,2023,33000.0,944011.0,,9.639418745119876e-07,4.837883474896731e-05,0.02,0.7,0.01766531505291763,0.020246406442829854,0.0176676883195141,0.020222738360461134,0.017667208499407998,0.020199227489088135,0.017666414988004392,0.02017621821184467,0.01766497030450269,0.02015328560720382,0.017664753325053024,0.020130532246762516,0.01766409831092502,0.020107793325891077,0.01766348984300826,0.020085026236648405,0.01766254529993525,0.020062235753651604,0.017660263620586536,0.020040178777197753,0.017650140948031495,0.020018609030944746,0.017620510481357127,0.019999106078994567,0.017591247453057873,0.019979596825694154,0.01756503485540202,0.019960101729156143,0.01753888179893899,0.019940577438657996,0.017514143649376396,0.01992128697427353,0.017487813081766196,0.01990198034177137,0.017461304070779143,0.019882650590634307,0.017428144600996065,0.01986354258260108,0.017406895283638688,0.01985114127903852,0.01740016469769806,0.019839733614087553,0.01739306835501954,0.019828324747758197,0.01738558716828529,0.019816917910129486,0.017386993239088596,0.01980589613860271,0.017389717708582282,0.019795076371009034,0.017414145216460945,0.019786519748801714,0.017440165326524613,0.019778253401828972,0.01746679517072665,0.019770015148948224,0.017494321159388038,0.019761798322825853,0.01752049399579673,0.019754324006361436,0.01753473099254553,0.01976913156826344,0.017550434647590877,0.019784186527625574,0.017564531079925047,0.019799257673818325,0.01757936504860906,0.01981438124927177,0.01759364783597821,0.019829545229705887,0.01760789133136054,0.019844679681970945,0.017621889819226653,0.0198597966500002,0.017635580338730764,0.019874903793120013,0.017648810645543727,0.01989002855241989,0.01766157695304734,0.01990517189846428,0.017673519463644934,0.01992046786547813,0.017684804027769375,0.0199358406162682,0.01768685070908917,0.019951287622010018,0.017688098564225305,0.019966729179784818,0.017690060955612586,0.019982338572129204,0.01769252100281597,0.01999805818592884,0.017697843221454457,0.020014592258847313,0.01770254659180635,0.020031189941627323,0.017705944914089434,0.020050894604431133,0.017708777941140112,0.020070645879701893,0.017711259325316513,0.02009039503096539,0.017716804534278936,0.020111058737456812,0.01772365256873221,0.02013192340578567,0.01773011668730552,0.02015279184581316,0.017736600113526037,0.020173631974579546,0.017741601917643523,0.02019582697371076,0.01774628684287758,0.020218015216648837,0.017750062969356082,0.020240413279723,0.017752489671393482,0.02026359017310478,0.01775401154649271,0.020286974966875312,0.017754513446575314,0.02031065727981066,0.017754502205283514,0.02033437336218501
Bosnia and Herzegovina,80,All pasture-based animal products,0,2023,656.0,591704.0,,0.0002003916523360908,0.01027367100266154,0.02,0.7,,,,,,,,,,,,,,,,,,,,,,,,,,,,,,,,,,,,,,,,,,,,,,,,,,,,,,,,,,,,,,,-0.08936263523309274,0.19449624075057562,-0.08934752593596616,0.19399078581377935,-0.0893129601146726,0.19355380747891143,-0.0892601171988279,0.19313480293381408,-0.08934132937909708,0.1928322173981265,-0.08968349219687959,0.19285115073959372,-0.09000850957682435,0.1930801336483401,-0.09033661669204786,0.19330784628215808,-0.09066527740865647,0.19353518279544224,-0.09098984074158512,0.19376888710578238,-0.091305346639488,0.19400219759146461,-0.09165147051023076,0.1942381261429674,-0.09203116345496086,0.19451338331937737,-0.09243937998058346,0.19480836444183755,-0.09286540502524451,0.19510835656546968,-0.09332808316581646,0.1954320708931369,-0.09379621452093583,0.19575513297360053,-0.09427847237465664,0.19608187801022556,-0.0947285799562306,0.19645483356501572,-0.09515800978362263,0.19683397559480265,-0.09557635336244427,0.19721469811453024,-0.09599564737417562,0.19759414052533902,-0.09640934513910764,0.19797339317589502,-0.09683443299526198,0.19835337563153774,-0.09724881336517704,0.198732610035527,-0.09766367946540788,0.1991152361709717,-0.0980663119364037,0.19949768023757658,-0.09843903086164912,0.1998928966844258,-0.09879516613883643,0.20028862114583493,-0.09906557955133008,0.20078263630218282,-0.0990540581638745,0.20127825286606116
Brazil,21,All pasture-based animal products,0,2023,178103.8,47768191.39,,1.6384461895956183e-06,8.245263478310767e-05,0.02,0.7,0.02919510837638839,0.034806029950373615,0.02919470765351062,0.03478248592311047,0.02920100565728667,0.03475913734577015,0.029180657268400884,0.0347408196595343,0.029150356480632175,0.03472310269640595,0.029128283374507347,0.034705743952744825,0.029114527666228615,0.034688772922966384,0.02909221694623497,0.03467233230228714,0.02907485856189629,0.03465604073055102,0.029063372706764276,0.03463997496462785,0.029059572411077303,0.03462486742288533,0.029056190681102347,0.034609747451400115,0.029048702296593433,0.03459506915757029,0.029032175237940404,0.03458370839499337,0.029007698902093558,0.03457486641816845,0.02898021702488575,0.03456712720286752,0.02896616332908307,0.03456503808897324,0.02895251700008988,0.03456294513262303,0.028938272165827464,0.034560868167823264,0.02892009471146293,0.034563756214755714,0.02890264173663006,0.03456776913986609,0.028885281170890013,0.03457201917372493,0.02886798683613589,0.034576479644988535,0.028850850647177455,0.03458101314554347,0.028833759029294803,0.03458575455506601,0.028816908819636323,0.0345904821220239,0.028800634628055162,0.034595206723630346,0.0287871523825829,0.03460018813141628,0.02877500956818148,0.03460522161733298,0.02876092645792117,0.034610420402687095,0.028749644220897888,0.03461587766002092,0.028740248676557834,0.03462144988627895,0.02872690396199026,0.03462792837951845,0.028712682647066643,0.034634424677128,0.02870231644550511,0.03464139768450452,0.028710339931154884,0.03465209681954306,0.028711621669844527,0.034663672142911085,0.028706202569739908,0.03467610700617545,0.028702423552965158,0.03468856657479346,0.02869896907851094,0.0347010117096803,0.028694323510055145,0.03471345811050458,0.02869373184469449,0.034726155843781914,0.028691636277163503,0.034738878756378204,0.028695442518269963,0.03475206397310104,0.028705223466335122,0.034765801773531106,0.02871583421497933,0.034779533151376836,0.028725423084098624,0.03479368331165563,0.028736725134618706,0.03480820393221885,0.028747227041071778,0.03482290963445689,0.028760853119574575,0.0348385723074637,0.028774504952123633,0.034854219273717964,0.028787479661931712,0.03487013024736866,0.02880212557166287,0.03488637475386611,0.028816357104482937,0.0349026880306309,0.028829287732464355,0.034920703813248924,0.028840596194466828,0.034940905057016955,0.028850762779497056,0.03496190566806632,0.028859865469521073,0.03498295954051691,0.02886872371268722,0.035004001101091635,0.028874914901021106,0.035025557981987546,0.028877556503179677,0.03504818992620278,0.02887714307035942,0.0350715472060412
Brunei Darussalam,26,All pasture-based animal products,0,2023,3.7526,1730.59,,3.629733304634586e-05,0.0019755977131595322,0.02,0.7,0.005872796604648721,0.029913308960250653,0.005828396839435313,0.02948686186110982,0.0058038659971572475,0.029056704095012122,0.005818953596268083,0.028644005981010457,0.005910853276189579,0.028309262605046095,0.00600025009499937,0.027960170758833728,0.00609088498512454,0.027596046088751446,0.006158147644847652,0.027236602832627344,0.006215520380294181,0.02686372752379653,0.006288725883726435,0.026479281095303602,0.006363019891794191,0.02607711650429434,0.00643995779857453,0.025656537645397746,0.006528661856060011,0.02521940926588253,0.006590969211468562,0.024788240498435622,0.006712359804025447,0.02438505642571375,0.006800692778554842,0.02401112174485065,0.00691208008194656,0.023622853634726586,0.007080216731028904,0.02325310042297568,0.00721349207701011,0.023047776374699427,0.007439442991538352,0.022906178681853812,0.0076382090838234395,0.022766501531668565,0.007841924555141919,0.022599397063240684,0.008021728924930385,0.022424562317563908,0.008925320585121042,0.02224103559174278,0.009803954760656146,0.02217001768486093,0.010945194851123944,0.022385559851160152,0.012062413431967322,0.022617891882275247,0.013174715217625046,0.02282233396721786,0.014284618070662104,0.022999190389375104,0.015402029776758261,0.02314999484117138,0.01650404373305115,0.02328631965369323,0.017644634665604963,0.02341278208190332,0.018802989761441322,0.023518138692862026,0.01994861720788006,0.02360672264092999,0.020009176879726368,0.02370459607963293,0.020056690512350032,0.023790640024524776,0.02009223654434534,0.023859921884166066,0.020114699962623956,0.023919443150218628,0.020187881445984254,0.024115114954103768,0.020326756564192753,0.024320388751490386,0.0205288175889387,0.024503192383765353,0.020714521602317484,0.0246701825257824,0.020906515354157797,0.024816072255273672,0.02115129006733627,0.024968015938481483,0.021468049581301094,0.025126451594169333,0.020809363397025424,0.025315387885997402,0.02025722821849687,0.02549160877470189,0.01981786811343999,0.025697297532946767,0.019375815010360016,0.025883729846651538,0.01895498830645404,0.026054929647712357,0.018531219038838254,0.026220662657829186,0.01812190854081623,0.02637268377542394,0.017786002554407376,0.02656560927685249,0.01744803027687654,0.02676069588648339,0.0171102790531625,0.026938752373430484,0.016810411546836254,0.027181584393534165,0.016507749305762556,0.027411902124518092,0.016210972916446707,0.027633616408926278,0.015916456183744578,0.027839918817051244,0.015629097580035757,0.028093610704137465,0.015347300571163592,0.028471982175195632,0.01524180067809447,0.029013110427006033
Bulgaria,27,All pasture-based animal products,0,2023,1470.2244,769170.0,,3.897736603860916e-05,0.001969444989686117,0.02,0.7,0.05208089906877067,0.09209384616250034,0.05211936657695726,0.09188304878664086,0.052155043392749734,0.0916726194704661,0.0521430971712291,0.09149315001014251,0.052107927719387076,0.09132133026131312,0.05208101444601418,0.0911673794787206,0.0519742241918601,0.09102693303750554,0.05186733486435763,0.09088598468625238,0.05175552644347425,0.09074454203548446,0.05164136216832568,0.09060426453310742,0.051527389453565026,0.09046531689892827,0.05141100864430817,0.09032652855235182,0.05131520117430502,0.09018958221227645,0.051184176888786875,0.09005593686318576,0.05104692319309703,0.08992193005647503,0.05083006115148986,0.08978882520761404,0.05060932367818158,0.0896612499046765,0.05038165077664486,0.0895363963977054,0.050144963639783324,0.08942919771747797,0.04990097736683935,0.0893220699883812,0.049659308301603394,0.0892172887060311,0.0494162199367322,0.08911724721801056,0.049178017011085845,0.08902011401238688,0.04894473028056692,0.08892486395613244,0.04871033395055535,0.08882923355648754,0.04847919895824676,0.08873392570544038,0.04824826052922812,0.08863808281744702,0.048015331843604764,0.0885418322737862,0.0477815797176476,0.08844515757957742,0.0475437060178735,0.08834831557656128,0.04730632192227041,0.08829470678602805,0.04692190222667186,0.08825164720406391,0.046521654317029176,0.08825327000250348,0.046290691242936735,0.0882803129685785,0.046065617635602,0.0883100724846517,0.045889202118039686,0.08834009517584077,0.04571831635697826,0.08836966144728169,0.04543044363638914,0.08841580898360026,0.045155963778890806,0.08846636100173313,0.04488657887543189,0.0885168819230566,0.04477562126365183,0.08862838786837772,0.04470767207216343,0.08874713407906093,0.04463612381182828,0.088865507401365,0.044559702395451886,0.08898526794456468,0.04451508774656543,0.08910669638090649,0.04447335305308241,0.0892276743600913,0.0443920820192313,0.0893723581800314,0.044310453214647105,0.08951651818584279,0.04415392271007468,0.0896660990522411,0.044016142967009154,0.08981905720358012,0.04388089338263568,0.089971554707486,0.043734387552739895,0.09012460205237136,0.04375127691696286,0.09028112837354818,0.0437594896132205,0.09043952338035642,0.04377429241459085,0.09060464505324334,0.04379085319599107,0.09076931966431447,0.04381476350852782,0.09093721757946206,0.043842393259649545,0.09111312912971568,0.043881049354991784,0.09129932592397753,0.04393244344161468,0.0914940261575138,0.04397723480519261,0.0916912625054938,0.04401895590745188,0.09189823624784627
Burkina Faso,233,All pasture-based animal products,0,2023,6481.3512,413168.69,,1.279467211194068e-05,0.000656294370522285,0.02,0.7,0.0020062555251352254,0.05844250955055245,0.0020062101547566047,0.05833294710491187,0.002006188195451227,0.05822317952919227,0.002007538120586679,0.05811629194377667,0.0020119704299535433,0.05802245033726836,0.002016481936096451,0.057928411141546114,0.002020883887065684,0.057834184774277625,0.002024579609226968,0.05774080448951445,0.0020293995662835594,0.05764932054182618,0.0020345490799056464,0.05755782159166735,0.002038787535208782,0.057467920080843324,0.00204025214694137,0.057403795175078105,0.0020384663258461856,0.05738360284664565,0.0020368862742639435,0.05736327221724064,0.00203604707154509,0.057343674476126386,0.002035032441991067,0.05732391954855323,0.0020341959305717424,0.0573040061681579,0.002033687254055921,0.057284070677305066,0.0020335984288102947,0.05726423414020514,0.002032901040233019,0.05724494606455021,0.002031967094218704,0.05722554940621608,0.0020320114657730198,0.05720754233767681,0.002032726441798229,0.05719009933450556,0.0020330242345391073,0.05717278701605716,0.0020336925261285176,0.05715550335014485,0.0020345306025546578,0.05713805383234746,0.0020355110971514326,0.05712042257496281,0.0020364090612301263,0.057102584748818214,0.002037425590144329,0.057084553282544526,0.0020363991563186173,0.05707761783234207,0.002035783147945573,0.057070764148003855,0.0020348112563324857,0.05706394184087049,0.0020337307416452553,0.05705692191034145,0.002032546691839509,0.057049702188109515,0.0020312801807846866,0.057042275041171556,0.002029922194585519,0.05703464339584066,0.002028472748696194,0.05702680715587708,0.00202693228995696,0.05701876607114904,0.0020253012111166777,0.05701051990870716,0.002023580041326575,0.05700206838646092,0.0020284816813771443,0.05699341127259811,0.002034357760253871,0.05698454835631729,0.002084953703631775,0.057067759654312135,0.0021403510215103807,0.057150770631641375,0.002197409648879569,0.05723359481939616,0.0022579379880391885,0.057316220676008035,0.002317292211514742,0.05739864958189815,0.002366048339700331,0.05748088059124234,0.002411056841849465,0.05756291618001357,0.0024559638263840517,0.0576447571647207,0.002503431713585613,0.057726403858871594,0.0025481112343389532,0.057807857585916896,0.0025927717187114547,0.05788910309147977,0.0025840124984508523,0.057975636632329075,0.0025938612762062252,0.058063512376868645,0.0025859677562165943,0.05815577187427877,0.0025793338897751616,0.058247887630314195,0.002571801878356823,0.05834006982912579,0.0025583727084056342,0.05844565782910828,0.0025592484687514405,0.05855489406868537,0.0025623586332701996,0.05866396792208163,0.0025624951111945272,0.058772880228373604
Burundi,29,All pasture-based animal products,0,2023,558.3717,69399.05,,1.4302741369823314e-05,0.0006471363573999029,0.02,0.7,0.03485835378055424,0.03031400473490831,0.03486724951481007,0.0300777961219061,0.03487804270838091,0.029839738900187728,0.0349382012846281,0.029603568823830036,0.03500495875136464,0.029368627212935674,0.03507155192423869,0.029131670898928038,0.035136817925183805,0.02889416344226538,0.035202228518563125,0.028654606706202446,0.03514672385038327,0.028428288744271907,0.03513162578186073,0.028200606512453943,0.03508821311197023,0.027971146356250438,0.034994177270400384,0.02774115059309951,0.03487587623148976,0.027509182870464114,0.034763070531667606,0.027274780216459082,0.03463580203245094,0.027038024995057024,0.03452601363377178,0.026798926111288035,0.03440914565526762,0.02655725530865982,0.03429478603431185,0.02631288470595423,0.03418413867496124,0.02606578010226352,0.03405307142537659,0.02583417758905499,0.033898156186757795,0.02563297064069542,0.03374503787936266,0.025428742269237553,0.033595771521234524,0.02522232423768348,0.03344645400945621,0.02501271893820422,0.033307299484134634,0.024803496981773164,0.03317251618487941,0.024611355890542017,0.03303708837509599,0.024419952795166875,0.03290194270831598,0.024225045048855465,0.03276620357710236,0.02402658183778917,0.03262868997110459,0.023825205392634087,0.03250352378472233,0.023624199847230184,0.032377856852773154,0.02341934107708106,0.03225205570840558,0.023210501889702605,0.03213146667976599,0.023005798711019747,0.03180695630126565,0.022812423889561027,0.03139751553050754,0.022617003630642132,0.030880353020697013,0.022420916120334377,0.03046833075249039,0.022223198999697446,0.029941367341530953,0.022025091882785636,0.02930580877095021,0.02183757061609089,0.028700216413230298,0.021645628352567666,0.028054757315490092,0.02144924345113806,0.027437467648729674,0.021259982769019862,0.026830253004596766,0.02106943841559907,0.026251671918541247,0.020895235368686073,0.02567581608467076,0.020716630519578137,0.02510611812006802,0.02054775902375669,0.024536228820368836,0.020380511914319967,0.023971836619326822,0.020208515221108635,0.02340694412502029,0.020036873619767335,0.02282982461859675,0.019891568682797563,0.022293890872163533,0.01974903676179201,0.02175679197547329,0.019600789666660925,0.0212325645261559,0.019497347324602874,0.020707301578410636,0.019387034447532203,0.020175103074266162,0.019288467011961786,0.019633657442563512,0.01919246460509801,0.019129870766821763,0.019103335611738718,0.018688660951450685,0.019142517712464262,0.018625604898075312,0.019455567774991116,0.01857114058772025,0.019763045571247476,0.01858579830659255,0.02010094873419373
Cabo Verde,35,All pasture-based animal products,0,2023,30.4716,6064.38,,1.7656135872649742e-05,0.0008398372210631761,0.02,0.7,-0.029274134467605115,0.031976620461769814,-0.029278010619999184,0.03170051196073844,-0.02928241822789253,0.03143099412906518,-0.029293067504176092,0.031161344382015142,-0.029307698094795304,0.03089030991210512,-0.029324861261637875,0.03061720249384084,-0.0293408815769547,0.030341666816442795,-0.029357628957184773,0.03006340365886297,-0.02938189850531336,0.029785254298009704,-0.029404354881411902,0.029506282501774127,-0.029449083850884246,0.029236987260317388,-0.02949534149519468,0.028974601859103676,-0.029559405729710553,0.028718344889332333,-0.029649964323748758,0.02847414358679943,-0.02974643528229842,0.028228541717704784,-0.029847452550341727,0.0279807905143691,-0.029946926767921857,0.027730140023652754,-0.030045318952497888,0.027476062804383472,-0.030156122134610497,0.0272236384424961,-0.03026740844935805,0.02696737709576219,-0.030382237101758604,0.026718914746371353,-0.03050609167444184,0.026469734102420796,-0.030683375986503954,0.026248678718813888,-0.03086435138907722,0.026034729257149263,-0.031065050977505913,0.025846225676915687,-0.031270115335378136,0.025665100769604352,-0.031473468081158834,0.025480845987116953,-0.03173407242404549,0.025357210296959032,-0.031996192584955924,0.02522898670731114,-0.032258760147777184,0.025095930380759805,-0.03254565077551949,0.024969230104516224,-0.032831027708384516,0.024838171965234464,-0.03311633421077754,0.024702028052135103,-0.03340272309618165,0.02456081606176404,-0.03369415286203414,0.02441560805233593,-0.03450301318225767,0.024683964111747985,-0.0353222890516184,0.024950643159926313,-0.036140104028065306,0.025213004705505554,-0.03696438831321647,0.025472294608245304,-0.03781287329317105,0.02573714102631513,-0.037676756045495564,0.026021911218070945,-0.03754066541449144,0.02630296904441177,-0.03745646837835189,0.026598169080415447,-0.03737105545521972,0.0268894089396083,-0.037282436669739835,0.027177395731256177,-0.03718110911438162,0.027465524506786965,-0.03710798528250159,0.027762228756492476,-0.03703607739586484,0.02805549662960147,-0.03696459664931839,0.028345239765527396,-0.036913576946287746,0.028635052726584526,-0.036873201535255966,0.028922904519054483,-0.03683596399572428,0.029207896047279275,-0.036803018388870436,0.02949010759473905,-0.03676817901269402,0.02977085708892173,-0.03673435448790219,0.030048746168763425,-0.03672265622612951,0.030331395147846812,-0.03670935614647311,0.030618688348209033,-0.036699519137608744,0.03090392837526287,-0.03669150819231449,0.031186972259091453,-0.03668510820193877,0.0314675596968298,-0.036681100997375204,0.03174613349808464,-0.03667918542659435,0.03202266697848784
Cambodia,115,All pasture-based animal products,0,2023,1501.2629,82122.9,,2.5120941609648153e-05,0.0012176470290053902,0.02,0.7,0.09410272108873441,0.07214518863443613,0.09410832019591964,0.07197126407297041,0.09411941944089575,0.07179728890387815,0.09413859658195578,0.0716236331352194,0.09416297793129014,0.07144988286225351,0.09419240912259152,0.071276016059122,0.09430491220237877,0.0711308604802376,0.09446702787563904,0.07099932490002586,0.09464543018688173,0.07086981978511332,0.09485150092860084,0.07074566847956767,0.09504972952789198,0.07062243408166337,0.09523773781514086,0.07050165625741256,0.09541543504880684,0.07038342006162909,0.09558450229448202,0.07026649051195138,0.095754347793572,0.0701875753585132,0.0959127114114228,0.0701240650429269,0.09605849912674043,0.07007084666301584,0.09619481112065154,0.07003790400396617,0.09634312444346718,0.07005727254269448,0.09655093768516546,0.07009394084032854,0.09680030654777531,0.07014069858772684,0.09709424768413898,0.07019868744529727,0.09741428888312116,0.07026140314983524,0.09775884976236839,0.07032902598647045,0.09809203986331219,0.07039899617982337,0.09844167721959929,0.07047097308865576,0.09880945898572295,0.0705453886982453,0.09918091216317917,0.07061952607995113,0.09949240077254155,0.07069664706553862,0.0998130593064066,0.07077422888510786,0.10005143658491661,0.0708603103524983,0.10031110116671302,0.07094968845665796,0.1005803312129798,0.07103960330952463,0.10085532364134885,0.07112911706441914,0.10114002478210218,0.07121919777913892,0.10142507835941354,0.0713088435509628,0.10171008596702277,0.07139805425998184,0.10200846804461694,0.07148707419897284,0.10230407243618408,0.07157579149953612,0.10220085795581728,0.07170334205858406,0.10218209228339317,0.07183248095294047,0.10228761132018724,0.07196900610153113,0.10240583781787228,0.07210522673600255,0.10252837174706128,0.07224103577722574,0.10261690415712774,0.07237737250996741,0.10271539992411005,0.07251435592042692,0.10281291110116295,0.07265094071166862,0.10291104345267649,0.07278711970896365,0.10301244072099819,0.07292303070533888,0.10310357580136854,0.07306196971974899,0.10318876468651986,0.07320123713408541,0.10327026849883358,0.07334034815642455,0.10334087039733265,0.07348349240731711,0.10340089764032515,0.07364066437894672,0.10345245986465446,0.07379930681755743,0.10349964415978792,0.07395791964272685,0.10354615888937979,0.07411614951370075,0.10358621711737216,0.07427490622544462,0.10362317405795562,0.07443344887410998,0.1036495198039312,0.07459564166472368,0.10366661094059718,0.0747599430033718,0.10367525733410198,0.07492574876398875
Cameroon,32,All pasture-based animal products,0,2023,2678.4803,350417.4,,3.913087399377673e-05,0.002005261520806815,0.02,0.7,0.03880574491249095,0.08760091141287613,0.03880398612802112,0.08737824627368183,0.03880615012528983,0.08715691534754494,0.038814561871553854,0.08698413150804896,0.03882956456258949,0.086815111643384,0.038851368976219165,0.08665005886680067,0.03887362495523293,0.0864844554756966,0.03889598567799028,0.08631826244540355,0.03892596657502326,0.0861568542459012,0.039030993808017986,0.08610813092467663,0.03913881805432588,0.08605987283235154,0.039243886087786714,0.08601637053444147,0.03934676835379203,0.08597405709544517,0.039449587042587206,0.0859311420782151,0.03955483591566232,0.0858884559773477,0.039662346038778516,0.08584589926025657,0.039773267765498686,0.0858042139472806,0.03988455899127602,0.08576194801298785,0.040016903941584414,0.08574147522918643,0.040160431797241644,0.08572968097423081,0.04030127387117782,0.0857223367450732,0.04043951508512052,0.08571823729764799,0.040575797415904336,0.08571484800021843,0.040721460916458015,0.0857179846928254,0.04087209927177813,0.08572321226801582,0.041022277363646234,0.08572787816763834,0.041176691341186296,0.08573401548968086,0.04133436416812317,0.08574089456366688,0.04149245344449563,0.08574719816595629,0.04165087865074577,0.08575291559298492,0.0418222104225071,0.08576915929768861,0.0419918340581574,0.08578571811848411,0.042160619178511965,0.08580183845818705,0.042326949369307,0.08582061318703947,0.042492593073548426,0.08583889078624479,0.042659783973522485,0.08585693213936402,0.04282448500584303,0.08588098755000793,0.04298801099264714,0.08590480379771095,0.04315509259244289,0.0859295550705277,0.04332178906805564,0.08595373494268545,0.043259396959001224,0.08597924748482498,0.04319758969574099,0.08602589116746755,0.04313231775037627,0.08607262486438454,0.043065042662518746,0.08611889419196209,0.04299548022060211,0.08616501907503689,0.042927401026079545,0.08621058930647031,0.0428584627488169,0.08625568689762975,0.04279016787142311,0.08630021323696759,0.042716393367353965,0.08634607874854683,0.04264396316902541,0.0864064573467281,0.04257016283268709,0.08646629593965578,0.042491239945490755,0.0865293196485859,0.042421146369082396,0.08659393896367852,0.04235985694373136,0.08666362622928638,0.04230029169012074,0.08673311910737046,0.042256061254493646,0.08681061840453147,0.04221211116000649,0.08688753993979055,0.04218084709472253,0.08697296106416977,0.04219232153431149,0.08718483674094267,0.04219698392301288,0.08740662765433249,0.04219984146901211,0.08762894285753736,0.04220146986680562,0.08785110155361497
Canada,33,All pasture-based animal products,0,2023,23772.0,11275562.0,,3.51384152403153e-05,0.0017853242415027193,0.02,0.7,-0.0569793268656511,0.2253357504217055,-0.05697924488641459,0.22525777064961738,-0.05697948557020993,0.22517980324050177,-0.05698068205679163,0.22510212056511494,-0.05698174588449423,0.22502441821603023,-0.05698328981813172,0.22494673449232297,-0.05698694363169854,0.2248698473445539,-0.05698941567038365,0.22479329601988876,-0.05699079697764073,0.2247170163304513,-0.05699593117702079,0.22464290953134033,-0.05700895914955498,0.22457628009299269,-0.057021610826112346,0.22450985814119637,-0.05703902176986114,0.22445181999680439,-0.057056586580515434,0.22439378076742478,-0.0570733320230989,0.22433862968735735,-0.05709018909893278,0.22428346618089726,-0.057106989248095236,0.22422827536578624,-0.057139200755362995,0.22417622831582215,-0.057222886571310194,0.2241517929109188,-0.05728695525037064,0.22413319920578723,-0.05734118287785506,0.22411585948647159,-0.05738910504043618,0.22410216046854817,-0.05745217230360941,0.22409895507990943,-0.057510948025184944,0.22409715141093053,-0.05757486201614359,0.2240967718088448,-0.05763823528573406,0.22409638279384392,-0.05770070994282059,0.22409606195251405,-0.05776850413304613,0.22409820854101656,-0.05783928831290322,0.2241012121479771,-0.05790826380002287,0.2241046231572594,-0.05797272349078203,0.22411148085090074,-0.05803778365272931,0.22411986671924053,-0.05810374072641039,0.22413079355177457,-0.0581704197757683,0.22414558271392765,-0.05823732954338123,0.22416194396424585,-0.05830421089977793,0.22417832079596586,-0.05837379733120779,0.22419814710186306,-0.058444782654806196,0.22421918957970635,-0.05851585090347526,0.2242402117707886,-0.05858668076843739,0.22426127817790084,-0.05860717155343487,0.22428261423858353,-0.05861362771811783,0.22430506680746515,-0.058612662951647965,0.22433423223670954,-0.058625376112371896,0.2243733633414894,-0.05863447666931002,0.22441376770310426,-0.05864112470187198,0.2244543271599063,-0.058647384187947835,0.2244948696475251,-0.05865362024375364,0.22453538488856722,-0.058660771627943836,0.2245759245439938,-0.0586789696362827,0.22462208359515062,-0.058698932674832435,0.2246683901842038,-0.058716136565476855,0.2247151403929384,-0.05874010117548395,0.22476397872030693,-0.05876360666474455,0.22481280120668384,-0.05877945754379349,0.22486545356773868,-0.0587856579745204,0.22492425485641498,-0.058796604810870234,0.22499751999129247,-0.058802378365125633,0.2250739292520939,-0.05880759875135165,0.22515033360997766,-0.05881041049170058,0.22522693613174277,-0.05881154359019494,0.22530466995034917,-0.058811909330150756,0.22538258085524093
Caribbean,5206,All pasture-based animal products,0,2023,5352.2717,1809795.56,,1.2905432336381313e-05,0.0006306511283053453,0.02,0.7,0.107999261189341,0.06743164192640781,0.10797173422368267,0.06733759957173947,0.10792735764917594,0.06724514376586055,0.10779854874902539,0.0671546500768143,0.10768519383441111,0.0670660714903303,0.10757022387185955,0.06697820464362457,0.10750239006462796,0.06690100683481966,0.107491455463694,0.06683051619947138,0.10750705002400662,0.06676175907170766,0.10752539439790626,0.06669329168736757,0.10754315392866987,0.0666247235518043,0.10753331337837856,0.06655942343467797,0.10752299768969223,0.06649398507537907,0.10751006164022635,0.06642848237675925,0.10750084043779919,0.06636361053729589,0.1074942840711723,0.0663016825475885,0.10749222916069036,0.06624465658608934,0.10748102424547379,0.06618817259500234,0.10751290380266314,0.066139000485705,0.10754782064723013,0.06608981857017031,0.10759896389173781,0.06604478749634854,0.1076540302890942,0.06599979150058013,0.10770898556062572,0.06595465187498771,0.10775094498258952,0.06591092071265366,0.10779822494868439,0.0658699514162151,0.10785337060791636,0.06582912643237582,0.10790491388265835,0.06578819475031263,0.10795624896818573,0.06574727751985072,0.10801433481993974,0.06570689897666615,0.10805918605875067,0.06566897169603231,0.10811795498972172,0.06566267906460482,0.10810701213056757,0.06567939088618618,0.10806238854036995,0.06569840479293527,0.10803843006719846,0.06571897798660412,0.10801344202259305,0.06573963355429688,0.10798975179043739,0.06576017243648545,0.10794328000427991,0.06578556446000416,0.10790769444424148,0.0658167548049688,0.10786221442376681,0.06584925257447262,0.10781864383415782,0.06588177050077497,0.10775033279506448,0.06591437770901175,0.10768102912270537,0.0659479596066279,0.1076136547775928,0.06598570502887187,0.10752614289246652,0.06602936720862675,0.10748604006815071,0.06607923232561548,0.10745750046044657,0.06613293152830484,0.10742668802273518,0.06619143327769506,0.10740711723109632,0.06625327952787721,0.10738807581741508,0.06631514816469934,0.1073725701490319,0.06637800962709298,0.10735617794828113,0.06644234060253486,0.10732911249126084,0.0665070338711684,0.10730136296745717,0.06657158867303703,0.10727282194254831,0.06663606003194199,0.10723757903827272,0.06670164827475246,0.10722204536039226,0.06678517528550677,0.10720605546433268,0.06686937994288639,0.10719406410016509,0.06695498446005443,0.10719175746677191,0.06704281078682602,0.10718913892646396,0.06713335473335061,0.10718939720957153,0.06722923892675053,0.10718935366129255,0.06732515107399747
Central African Republic,37,All pasture-based animal products,0,2023,3186.9782,224068.59000000003,,2.3130111600116378e-06,0.00011639603377818719,0.02,0.7,-0.027647042558762228,0.03333656717435867,-0.02764777233746684,0.03330220327225581,-0.027648928782799162,0.03326795894634374,-0.027651147659659446,0.03323426312962275,-0.027654237570088093,0.03320097427762771,-0.027657476532009603,0.033167676713224604,-0.027661107959591622,0.03313596683133918,-0.02766468351219329,0.0331042267963037,-0.02766830641570365,0.0330724533559308,-0.027671762393930738,0.03304079051577874,-0.027675133499046135,0.03300910784127,-0.027678335460790446,0.032977632452145085,-0.027681367715781387,0.03294629345399275,-0.027684770179325087,0.03291504070690644,-0.02768826353013899,0.03288376194337538,-0.027691599543420868,0.03285277710642769,-0.027695546300621016,0.03282201761880591,-0.027699334433149807,0.032791543684296966,-0.02770341757776254,0.03276245209168901,-0.027707927148779413,0.032734984778518404,-0.027712270671935005,0.03270775119652491,-0.027717354755732275,0.032682686150179975,-0.027732665842219305,0.0326731833204151,-0.02775024790596133,0.032665199530391986,-0.027767988564067876,0.03265720781638915,-0.027785788988159112,0.0326491829801924,-0.027804202528572353,0.03264309727949024,-0.02782247514818978,0.032637041842077344,-0.027840688815703993,0.03263095527581402,-0.02785894461806623,0.03262483294973483,-0.027877148274888793,0.0326186777005983,-0.027896422083800238,0.032615205287328884,-0.02792205599006665,0.032617067374390914,-0.02794832713918613,0.0326191676048956,-0.027971449349257244,0.03262358173637412,-0.027996561953169893,0.03263208146003231,-0.0280295677705631,0.032647417194162816,-0.028063311595598564,0.032663056128762996,-0.02809751135437668,0.032678824584327026,-0.028135958944452977,0.032701890659410184,-0.028115535934688823,0.03272575037165059,-0.02809518057463574,0.03274957873055815,-0.028078562111530016,0.032775019104224465,-0.028060912440585846,0.03280076444227507,-0.0280438987041804,0.03282660269367802,-0.02802764567484041,0.032852464711796474,-0.028011270733879087,0.032879140723529224,-0.027998402387719362,0.032907535551767605,-0.0279864380479251,0.03293605238667342,-0.02797407578232156,0.03296454491042802,-0.027960518515237617,0.032993163936395425,-0.027947456512874655,0.033021845117325505,-0.02793533227255677,0.03305065392283551,-0.027926645307881297,0.03308187089262025,-0.027918637154722738,0.033113330249495,-0.027912035920608962,0.03314525686079124,-0.027906321024071503,0.03317744881094601,-0.027902076247952934,0.03321036027796074,-0.027898185225290494,0.03324339961349527,-0.027895745492062172,0.03327695470652759,-0.027894403439173633,0.033311081232827666,-0.027893697877307246,0.03334545381450732
Central America,5204,All pasture-based animal products,0,2023,87728.8791,21084345.42,,1.105393911997133e-06,5.624664736421057e-05,0.02,0.7,0.0003040338205414009,0.026151923248129795,0.0003039777108080131,0.02613095305616022,0.0003039550712053297,0.026110047414528235,0.000303856942875551,0.02608914212016988,0.0003038016469624361,0.02606822311885465,0.00029980063426857627,0.026063513846411878,0.0002960075153522817,0.026059257678486793,0.000292111484107631,0.026055024165540907,0.0002879943722260501,0.026051065792938546,0.000280960668769056,0.02604717021725047,0.00027346603291037407,0.02604326162306442,0.0002609343092855026,0.026048025821413558,0.00024734858889842795,0.02605288072806986,0.0002328898392464987,0.026058052585891188,0.00021827896298403683,0.026063658985482872,0.0002035981517027885,0.02606929909586302,0.00018863493776054632,0.026074969409575068,0.0001713350362081041,0.026080774015728843,0.00015410259332637732,0.026087019085108805,0.000136931824195375,0.026093831431571506,0.00011948603656003823,0.026100687103137368,0.00010222883740795351,0.026107841493400973,0.00010226587326174486,0.0261156652897929,0.00010763674314755254,0.026123952555652252,0.00011313762868055566,0.026132293861356987,0.00011857194887183228,0.026141291240444578,0.0001239420904390314,0.0261518889485016,0.00013254816053718567,0.0261629242430981,0.0001427549252802753,0.02617877687634385,0.00015372195969311307,0.026194874924904202,0.000163833632141671,0.026212201066480322,0.00017408658081357296,0.026229541881909877,0.00018426309430581364,0.026247058855759182,0.00019398870252197546,0.02626467051318451,0.00020334827918248866,0.026282383054736545,0.00021263966103733396,0.026300101327176008,0.00022201933831307499,0.02631780712639774,0.00023193616887668116,0.026335729456643225,0.00024306227707979015,0.026354446779624487,0.0002544101954611421,0.026373252373944073,0.00026981383829772533,0.02639207797603485,0.0002851224240002122,0.026410920023952067,0.00030043605202157743,0.02642977205208422,0.00031491223499441334,0.026448779365375562,0.00032881480728620856,0.02646791234191197,0.0003428888291769957,0.0264870314421132,0.0003573002675742176,0.026506331957016935,0.00037008065384735913,0.02652561904402452,0.0003799038442758246,0.026545217173461408,0.00038700922254664366,0.0265649388812371,0.00039272001294750076,0.026584865375767198,0.0003973201811709922,0.02660480351472763,0.0003987572769411803,0.026624850466464532,0.00039893090495559487,0.02664492592653822,0.0003989526247508627,0.026665021364796707,0.00039897582178655746,0.026685112355594884,0.0003990159578742328,0.026705260509173726,0.00039875026309362665,0.026725448463573834,0.00039852494545179263,0.026745684303959478,0.0003988761660595805,0.026765905959766526,0.000399101421473096,0.02678613298142236,0.00039820848933902204,0.026806486429842236
Central Asia,5301,All pasture-based animal products,0,2023,258673.6091,23795164.5,,6.300186539141342e-07,3.0070496602569093e-05,0.02,0.7,,,,,,,,,,,,,,,,,,,,,,,,,,,,,,,,,,,,,,,,,,,,,,,,,,,,,,,,,,,,,,,0.031854055533650186,0.020107637508770558,0.031854531097550015,0.02009257646988485,0.03185786408756221,0.02007872257691759,0.031832370229139616,0.020069117765716644,0.03182512315112505,0.020070711262611077,0.03182196791585402,0.02007337998074942,0.031818686289838694,0.020076047743470937,0.03181598106243904,0.020078827342270546,0.03181031313679645,0.020081760805526802,0.03179936420463303,0.020085110831050634,0.03178749118174371,0.020088691609201882,0.03178166090804958,0.020093383680096104,0.03177597757357297,0.020098069044744704,0.03177595453802397,0.020104020261430613,0.03177960925880511,0.020110354056079156,0.031785290948628774,0.020116839687429753,0.03179205062447359,0.020123416444573203,0.03179973163777462,0.020130163798677547,0.03180225006770774,0.020136971992723685,0.031805630036212694,0.020143792815067296,0.031809325901714224,0.02015061398950401,0.03181337772552825,0.020157731762950933,0.03181667517148507,0.020165071505784858,0.031820512261759915,0.02017265616969864,0.031824606186377925,0.02018088159300011,0.03182805182729821,0.020189131190718225,0.03183046126556729,0.020197526785022263,0.03183014793856729,0.020213062560242682,0.0318298450539733,0.020228586869838232,0.03182965871782733,0.020244107285961023,0.03182949969566386,0.02025961625235068
Chad,39,All pasture-based animal products,0,2023,45579.9912,1219142.1800000002,,4.264852473730742e-08,2.172605286744053e-06,0.02,0.7,0.0009233154206468967,0.00347086580582135,0.0009233514160399432,0.003464721552513145,0.0009233431874865394,0.003458575357452212,0.0009232652768532985,0.0034524420611874106,0.0009231591335886989,0.0034463012224776983,0.0009229421793614237,0.003440217979586618,0.0009227182012583237,0.0034341237741233135,0.0009224409980259406,0.003428031558706838,0.0009219377777974001,0.0034226651683204627,0.0009213489076510821,0.0034173248964022786,0.0009206331755366166,0.003412068023112207,0.0009197953090814817,0.0034068857876005925,0.000918770715545544,0.00340340158294172,0.0009177960901908444,0.0034036435493665024,0.0009170266626044392,0.003403995003770759,0.0009180818410707537,0.0034077201773735763,0.0009194137702119229,0.003411635272662395,0.0009207521200654048,0.003415539082090701,0.0009221017383194742,0.003419431984663923,0.0009234643376024386,0.003423314182923972,0.0009248386121350941,0.0034271855897923887,0.0009262233928387307,0.0034310461418650302,0.0009276249703291523,0.003434896550503578,0.0009288066275451293,0.0034398607845992648,0.0009300212650365633,0.0034448180145837722,0.000931269040508635,0.003449768332942119,0.0009325495553143932,0.0034547116955947845,0.0009338631316638781,0.0034596482344366676,0.0009352095702368272,0.0034645779532796626,0.0009365884674333644,0.003469500806051169,0.0009377930368004729,0.0034746460519783735,0.0009390318834121324,0.0034797849909889754,0.0009401798853124743,0.003484956928775218,0.0009414774478911322,0.0034901889392303467,0.0009427659855612851,0.0034954106006431875,0.0009441801655944802,0.0035006736112935186,0.0009457788083962614,0.0035060287362244096,0.0009474255533180998,0.0035113820680323796,0.0009491107353991979,0.0035167306046555557,0.0009508427052073525,0.003522077016038854,0.0009500222961827823,0.0035274220969112886,0.0009492508221700617,0.003532766078201777,0.0009485028378741178,0.003538109274020368,0.0009478656769156156,0.0035434511592651293,0.0009472406816543195,0.003548792969588319,0.0009467650432796526,0.003554135180474637,0.000946353044093347,0.0035594790404407184,0.0009460330321156095,0.0035648244460331157,0.0009457529904514738,0.003570173892604208,0.0009455280054176856,0.0035756090947683785,0.0009452426056738297,0.0035810439052624474,0.0009448381039208788,0.0035864770985632125,0.0009443527298925404,0.0035919090545027087,0.0009436129228954114,0.0035976318656838653,0.0009429238657888943,0.0036033532231041477,0.0009422444225586462,0.0036090658782472478,0.0009417693908607761,0.0036148351514667925,0.0009413835253007277,0.0036206139537937852,0.000941034377110502,0.003626393081447013,0.0009407868455436013,0.003632176391215381,0.0009405660859496174,0.0036379531388504977,0.0009404844044732959,0.0036437853967675117
Chile,40,All pasture-based animal products,0,2023,8895.637,2433537.64,,8.224860083289338e-06,0.0004062821734107222,0.02,0.7,0.056919549735028885,0.0433203306257057,0.056940106982324226,0.043227633365452406,0.05694874112307316,0.043136250486228316,0.05696380704739348,0.0430449512833027,0.05697065912614932,0.042954118339362884,0.05697209395267558,0.04286336102612523,0.05696979347126771,0.04277246396057148,0.05694676922747255,0.042684694678517224,0.056912885176206435,0.042598261492535816,0.056864908559828044,0.04251482535585069,0.05689458636794072,0.04244830324291098,0.05697991099177931,0.042391882490897606,0.05709190721906649,0.04234011855546839,0.057143992676027024,0.04229978569525183,0.05716662535224514,0.042262868657665965,0.05716693672219209,0.04222618213230389,0.05717118882984668,0.042191339658111934,0.05717864739849597,0.04215789317144301,0.057187843970802676,0.04212498959238272,0.05720335047865519,0.04209795049749054,0.05722606165660542,0.04207751371123029,0.05726748555421748,0.042068607079471784,0.05733209300770852,0.04207426052079816,0.057399703989812374,0.042081179179436254,0.057473014899340466,0.04209342113093641,0.057544110762146404,0.04210744106048845,0.05761558705019311,0.04212133170287116,0.05768740399308252,0.04213507848385813,0.05776491641470335,0.04215412122318111,0.057850916477168376,0.04218075030176522,0.05793688736198049,0.04220744434009399,0.058022818770929394,0.04223418654682679,0.05810675267445024,0.04226344670078515,0.05819190477564729,0.04229410226349716,0.05827716911615579,0.04232773586211095,0.05836241171805161,0.04236114708447807,0.058449247352348126,0.04239586670798089,0.058536215509136846,0.042430382759545596,0.05862647248971385,0.042466135394651765,0.058724443396217005,0.04250320121905532,0.058810089162847246,0.04254389861009255,0.058922877255359565,0.042585207967547306,0.05903575143987305,0.04262742042965425,0.05911904148320725,0.04267086376713422,0.059202130570112345,0.04271413408533098,0.05928656379518645,0.04275810814869764,0.05937111902201822,0.04280188254003601,0.0594669745988448,0.042845814700118966,0.05952103132795235,0.042898448698901664,0.05960723387575871,0.04295325460548091,0.059699431858378484,0.04300794024324137,0.059789996179900676,0.04306242016704854,0.0598116319953068,0.043144105494133216,0.05982853737690736,0.04322563207318354,0.059807922908211464,0.04331082027733328,0.05976419143014987,0.043397009498483005,0.059706776259980554,0.04348336151028783,0.059692352591719386,0.04357215286951197,0.05966634535859072,0.04366096374966509,0.059677823455590966,0.04375136956957833,0.05967144096007475,0.04384203558039115,0.05966834864099925,0.04393417805541893
China,351,All pasture-based animal products,0,2023,404776.0306,59282629.22,,1.702505650034424e-06,8.425843486396915e-05,0.02,0.7,0.008771028236290807,0.02560455725363236,0.008772974396296068,0.025571566354245862,0.008776102799250285,0.025538646288503466,0.008781320908596929,0.025506047840141845,0.00879030163006203,0.025473706267789525,0.008804798279684445,0.02544199157200168,0.008827843120602752,0.025411870355432468,0.008860151770818225,0.025383722663991134,0.008900375174974523,0.025356231727225946,0.008945715659632786,0.02532901582382874,0.00899241092566519,0.02530178005591731,0.009041187674066226,0.025274561487073043,0.009090697980552592,0.025247302385803402,0.009144887293892207,0.025220183373791925,0.00920239258531308,0.025193119488729605,0.009267936444971925,0.025166620499596674,0.009337801499291781,0.025140269289893342,0.009401008547786333,0.025114384714923575,0.009476197020107671,0.025092524803923138,0.009543609893770413,0.02507385168213811,0.00961084029599081,0.025055134029161635,0.0096728699379669,0.025037919859896573,0.009732649936241608,0.025020934572331146,0.009787950433577483,0.025005236837767366,0.00984033298621663,0.024990058775173237,0.009888119982457567,0.02497655844110057,0.009930592291369805,0.024965743846823568,0.009970246629964777,0.024955573532262392,0.010009874971979006,0.024945356645934405,0.010048140254957476,0.024935266608737683,0.010083429044273215,0.024926189845315076,0.010117315897879224,0.024917287143442515,0.010151275608645271,0.02490833817194091,0.01018484849082553,0.02489936057485299,0.010229930626034535,0.024892266117459018,0.01027772290135194,0.02488524359962132,0.010326399898371807,0.024878187041324443,0.01037947583157732,0.02487138966162238,0.0104384255883073,0.02486508080433136,0.01049951303700114,0.02485879923470806,0.010527846245232713,0.024853652795431072,0.010570947671241664,0.024851590569274412,0.010641539661608045,0.024857826496235337,0.010736563801207015,0.024870433298569458,0.010848541879354287,0.02488663657594819,0.010960778013543358,0.024902793684543734,0.011065985230539706,0.02491980150866759,0.0111640329061748,0.024937629517686608,0.011252498537803766,0.024956948916113834,0.011332526269414361,0.024977154302879914,0.011403679704440808,0.024998390996214474,0.011467729050536212,0.025020375448953417,0.011515343293548676,0.025046897574450645,0.011560151577568551,0.025073502963630055,0.01159605412236768,0.025101526692850224,0.011618743348296393,0.025132530370327408,0.011631359620159081,0.025165176362753727,0.011636470021540465,0.025198749388801976,0.01163798515679752,0.02523249424275768,0.011638834843915624,0.025266200937306086,0.011639748397083373,0.02529986277564761,0.011640159665557155,0.025333484092286283
"China, Hong Kong SAR",96,All pasture-based animal products,0,2023,1.2189,6138.9,,0.00014294966690855205,0.006901048008438528,0.02,0.7,-0.20369418827406838,0.14838574708803284,-0.20369418837466124,0.1479032802393961,-0.2036941884752541,0.14741923440403915,-0.20369418857584698,0.1469335939769144,-0.20369418867643985,0.1464463430942283,-0.20369418877703271,0.14595746562739478,-0.20369418887762558,0.1454669451768058,-0.20369418897821845,0.1449747650654124,-0.20369418907881132,0.14448090833210875,-0.20369418917940418,0.1439853577249121,-0.20369418927999705,0.14348809569393067,-0.20369418938058992,0.1429891043841114,-0.20369418948118279,0.1424883656277592,-0.20369418958177565,0.14198586093681895,-0.20369418968236852,0.1414815714949102,-0.2036941897829614,0.14097547814910608,-0.20369418988355426,0.1404675614014452,-0.20369418998414712,0.1399578014001666,-0.20369419008474,0.139446177930656,-0.2036941901853328,0.138932670473211,-0.20371344434401542,0.13843558001293346,-0.20375997358282555,0.137961092326394,-0.2038070520771505,0.13748679684922727,-0.203854436584625,0.13701237834948063,-0.20391229132424715,0.13654700684246823,-0.20398277524265906,0.13609237174503958,-0.20406125044380125,0.1356446177547252,-0.20413996995552913,0.13519655641815992,-0.20422392469363054,0.13474827356830274,-0.20433594309646963,0.13432230191072983,-0.20444899043102072,0.1338943990265747,-0.20456835493610165,0.13346669579488477,-0.20471516018030042,0.13305039190415444,-0.20488648087661157,0.13264378571869137,-0.20509989550108637,0.13225674873150667,-0.20546837860683817,0.13195642084793927,-0.20614167798743321,0.1318339137117622,-0.20711377134222148,0.13191709372265142,-0.20808760761422299,0.13199843551850649,-0.2090654491661489,0.13208272741489085,-0.20860100762170927,0.1322175776867278,-0.20814390129422167,0.13235297402374296,-0.2076991228463774,0.13248907851809524,-0.2072798009853127,0.13266223036781502,-0.20686049180767574,0.13283855377290535,-0.2063538156266867,0.13301860599635967,-0.20588163440965668,0.13321301005533123,-0.2059180704826033,0.13369512380213244,-0.20595168003987122,0.1341777477785734,-0.20593793642252295,0.1346646966880832,-0.20592019541387827,0.13515472910131843,-0.20595262044381293,0.13564898221511915,-0.20598565286821663,0.13614990563829749,-0.20601931844382146,0.13664887178096127,-0.2060655446566604,0.13715119396114164,-0.2061124791871096,0.13765154779980324,-0.20616824455560687,0.13815487940163668,-0.20621996119021693,0.1386573957624386,-0.20627500799581625,0.13916200507674265,-0.2062715262508118,0.13966776979033,-0.20626984502091286,0.14017510763905616,-0.20626998578830696,0.14068407303114813
"China, Taiwan Province of",214,All pasture-based animal products,0,2023,76.3837,475622.86,,9.74952478472246e-06,0.0005073829342623129,0.02,0.7,0.04890690148775001,0.1338279208255776,0.04890690148335208,0.13379149017080533,0.04890690147895416,0.13375504959347267,0.04890690147455623,0.13371859908546746,0.048906901470158304,0.13368213863866638,0.04890690146576038,0.1336456682449351,0.04890690146136245,0.1336091878961282,0.048906901456964524,0.13357269758408913,0.0489069014525666,0.13353619730065017,0.04890690144816867,0.13349968703763243,0.048906901443770745,0.1334631667868459,0.04890690143937282,0.13342663654008924,0.04890690143497489,0.13339009628915002,0.048906901430576966,0.1333535460258045,0.04890690142617904,0.13331698574181758,0.04890690142178111,0.133280415428943,0.048906901417383186,0.13324383507892315,0.04890690141298526,0.133207244683489,0.04890690140858733,0.13317064423436023,0.04890690140418941,0.13313403372324517,0.04890690139979148,0.13309741314184068,0.048906901395393554,0.13306078248183217,0.04890690139099563,0.13302414173489374,0.0489069013865977,0.13298749089268785,0.048906901382199774,0.13295082994686558,0.04890690137780185,0.13291415888906646,0.04890690137340392,0.1328774777109185,0.048906901369005995,0.13284078640403815,0.04890690136460807,0.1328040849600302,0.04890690136021014,0.13276737337048797,0.048906901355812216,0.13273065162699307,0.04890690135141429,0.13269391972111547,0.04890690134701636,0.13265717764441348,0.048906901342618436,0.13262042538843372,0.04890690133822051,0.13258366294471108,0.04890690133382258,0.1325468903047687,0.04890690132942466,0.13251010746011802,0.04890690132502673,0.13247331440225862,0.048906901320628804,0.13243651112267832,0.04890690131623088,0.1323996976128531,0.04890690131183295,0.13236287368396388,0.048901532355295124,0.13232699436650572,0.04889733963502278,0.13229237560551715,0.048889834433496364,0.13228650437229478,0.04890728483585459,0.13229312234047044,0.048939507649077965,0.13230568343890542,0.048967179492898326,0.13231902620416752,0.04898601359788685,0.13233532000051712,0.049004767111717,0.13235170726874032,0.04903102704777412,0.1323701769774978,0.04906026789817687,0.1323908846635271,0.04909645260664108,0.1324126365906035,0.049129750195468225,0.1324348576468067,0.04916343640359756,0.13245707102836807,0.04918365955929981,0.13248022759538372,0.049206613531312206,0.1325034653809492,0.049227706462656645,0.13252681896825166,0.04920179584318546,0.13256139959924002,0.049180820131739036,0.13259664318147038,0.049159724113855635,0.13263187757973022,0.049156201737002254,0.13266756876598138,0.049154786994257536,0.13270405105395294
"China, mainland",41,All pasture-based animal products,0,2023,404698.428,58800109.36,,1.6965647850502287e-06,8.392374796190577e-05,0.02,0.7,0.007525669325797013,0.025177537837819494,0.0075278697694634855,0.025144171584057916,0.007531298710422074,0.025110881889165392,0.007537151148945154,0.025078028930718633,0.007546992641514566,0.02504546368373962,0.007562389511663881,0.025013528086015095,0.007586126962013662,0.024983108899730128,0.007619421969918216,0.024954786736880816,0.007660751331635657,0.024927133196616196,0.0077073140758457115,0.0248997630588093,0.00775474558450201,0.024872356351798124,0.007804612014047474,0.024844986086187047,0.007856265648695848,0.024817594133643543,0.007912283364708256,0.024790314112697144,0.007971964683885502,0.02476310719922074,0.008039970495830745,0.02473649908164425,0.008112421628942212,0.024710044926813945,0.00817731867562907,0.024684189920072194,0.008254128888514456,0.024662362417181564,0.00832276527946045,0.02464388981764003,0.008391144938395725,0.024625371933715622,0.008454179901335901,0.024608369846553894,0.008514828713040268,0.024591620852012767,0.008570869052319172,0.0245761728926145,0.008624116820521117,0.024561171842168727,0.008672758375609817,0.024547752759433127,0.008716078373646241,0.024536815920995332,0.008756653992538409,0.02452645346595096,0.008797162628087146,0.024516042582650607,0.008836340023666036,0.024505742735614174,0.008872449291796789,0.024496464548640143,0.00890713447933775,0.024487357628897505,0.008941979337601307,0.024478204371854877,0.008976381920662989,0.024469025464603934,0.009022376693632733,0.02446175024735469,0.009071466085725892,0.024454578240358554,0.009121575236195695,0.024447373976729418,0.00917627293860808,0.024440449432551904,0.009237149529381414,0.0244340611708409,0.00930020303314794,0.02442769965668043,0.009329001829931675,0.024422579450082086,0.009372742433904062,0.024420616583983302,0.009444184594507986,0.024427150316615645,0.009540382837402925,0.024440255277218752,0.009653703274243919,0.024457029916501706,0.009767245530399142,0.02447375598135894,0.00987372700297641,0.024491314622381022,0.009973048579212603,0.024509668369840813,0.01006266949395954,0.024529502409278085,0.010143741747495473,0.024550221165562682,0.010215814778103492,0.024571970701984282,0.010280753851812173,0.02459445090953681,0.010328932708333585,0.02462145821287002,0.010374313467173452,0.024648543513454794,0.010410652276812676,0.024677042445381873,0.010433569674726032,0.02470850054668728,0.010446277217104935,0.024741591641145436,0.010451302555805047,0.024775625833537488,0.01045270842224025,0.024809828358158845,0.010453486924355902,0.024843989835424848,0.010454347926728233,0.024878104501323307,0.010454713065462631,0.02491217648516892
Colombia,44,All pasture-based animal products,0,2023,35488.0,8033650.95,,6.363040758716279e-06,0.00032453583685137247,0.02,0.7,0.006830836024560583,0.04775510910589987,0.006828039022920507,0.04768846545661588,0.006823429583866059,0.04762177216429689,0.006819529490385223,0.04755499195286257,0.006800869542598398,0.04748888449160896,0.006782174124130513,0.04742287900661375,0.0067634862586943845,0.047356781122561344,0.006744762770793833,0.04729090567029632,0.006726175200939433,0.047225288023023636,0.006707768726247454,0.047160107785031435,0.0066612462655303295,0.047095565506030855,0.006614735543447242,0.04703093207418402,0.006568727666470459,0.04697231071500985,0.006524076080938482,0.046927079762677786,0.006479609913226506,0.04688230889294187,0.00643612871267317,0.04684226981432719,0.006393713669236023,0.04680229550690654,0.006348409582334631,0.04678188015039133,0.006303453118803357,0.04676269794823369,0.006258576963552434,0.04674357960888934,0.00621457676175393,0.04672866386338131,0.0061707387307364525,0.04671412096283076,0.006127019861389568,0.04669977984777454,0.006083492543380163,0.04668594264674074,0.006039938592660325,0.04667206017666078,0.005996664432552354,0.046659106099476516,0.005953530575830569,0.04664614583860123,0.0059108715980660045,0.046635169132962416,0.005868949530229178,0.04662772822073304,0.005827548939166496,0.04662255874413997,0.005786235270970948,0.04661747954122796,0.005744884168455793,0.046612909534385974,0.00570369285366782,0.04660872081106314,0.005662685682885742,0.04660502526964975,0.0056220795872178875,0.046602961697288565,0.0055724698689011,0.04660139609525644,0.005522908755269264,0.04659981795008615,0.00547129633393114,0.04659829516167892,0.005421346714383903,0.04659728859907623,0.005393145281822866,0.04659802047710068,0.005356354283359257,0.04659868849609748,0.005318260345728593,0.04659934802930275,0.005282951336861654,0.046600055516388704,0.00525535913534279,0.046602111402372665,0.005231564795544763,0.046604841556246474,0.005211775451053183,0.04660977420158207,0.005192874335788314,0.04661542798269304,0.005164121246423162,0.04662605096750267,0.00514106038669165,0.04666773293867803,0.005117452126631528,0.04671003035286335,0.005087905419843216,0.04675240540084974,0.005046796264991531,0.04679536163318321,0.0050051442283021025,0.046838219324037825,0.004962789581908444,0.046881096692866955,0.004918517355347051,0.046924810934733,0.004870539895754198,0.04697229464167159,0.004891095233015346,0.04702876454213416,0.004911493716525645,0.04708625429108786,0.0049383722781172696,0.047151124836774326,0.004966095264138161,0.04721594443073019,0.004974499338014229,0.047281486937576216,0.005001292343027426,0.04734756141759692
Comoros,45,All pasture-based animal products,0,2023,22.1131,14782.6,,7.334101311609719e-05,0.003701590212511829,0.02,0.7,0.03132921363602498,0.08019915126269303,0.03133918603474503,0.07974660419048286,0.03136096395273773,0.07929923262068293,0.03138970121936625,0.07885244048309117,0.03142458302354641,0.07840554187709824,0.031477864181031295,0.07797110133609171,0.03153313374418454,0.07753416744047208,0.03158872409045313,0.07709435838503899,0.03164452809457019,0.07665161894552215,0.03170042306693528,0.07620589432496941,0.031756412962734876,0.07575713188488266,0.031810949109251294,0.07530551153690608,0.03186399928780109,0.07485098722078674,0.031916985222600155,0.07439325657758628,0.03196973591332544,0.07393226505421113,0.032023427780602506,0.07346802414102165,0.032076169404479576,0.07300048484384689,0.032128296561153305,0.07252952612886654,0.03217438984901472,0.0720677175111356,0.03221748612682502,0.07160345737434998,0.03225865030386498,0.07113594789598983,0.03229691258528816,0.07066574629162846,0.0323323323390004,0.07019272118857456,0.03236783066007747,0.0697158081276206,0.03239800339146651,0.06924064532934913,0.032427508981411494,0.06880975822621453,0.03247167572225988,0.06838407737983615,0.03252244035177094,0.06795674544127514,0.0325725866346118,0.0675251637298874,0.03262217403837094,0.06708924274639232,0.033208162882001624,0.0675428537201457,0.03379336880167741,0.0679921575449494,0.034377838145215944,0.06843723378055078,0.03496260452761851,0.06887812211845064,0.03554443358139196,0.06931597177439751,0.03612514917928705,0.06974990716175378,0.03670368880363048,0.07018042177119546,0.03727776423263504,0.07061074955143938,0.03785046160004672,0.07103745772674482,0.03842020022528007,0.07146159068019917,0.03850247172299092,0.07188592089875798,0.0385856104294351,0.07230669648640731,0.03864855923984496,0.07276633669030098,0.038708734257150844,0.07322261212156107,0.038763463489435185,0.07367672390215986,0.03881535213518916,0.07412755794995957,0.0388682404749912,0.0745751566599094,0.03891539355794506,0.07502080143292862,0.038955878411945095,0.0754645061714114,0.03898659981016855,0.07590635165826155,0.03903884220244963,0.0763502316453468,0.03908614556253557,0.07679231661348361,0.03912570132310981,0.07723278562093444,0.03915955591247536,0.0776917379424417,0.03919041829569594,0.07814887233076907,0.03921650672365335,0.0786041959930204,0.03923870406641712,0.07905770592514395,0.03925477792558607,0.07951366037038315,0.039268821781632504,0.0799681658209494,0.03927766316715499,0.08042139634141204,0.0392833979816391,0.08087358143264861,0.03928626538843951,0.08132448577563905
Congo,46,All pasture-based animal products,0,2023,10060.1878,11378.59,,1.566420343880155e-08,7.355851763645054e-07,0.02,0.7,-0.001848616746614071,0.0012684135732168023,-0.001848896315074551,0.0012625773886458214,-0.0018492220225036016,0.0012568397237053214,-0.0018495482375169797,0.0012511451669265244,-0.001850553932259595,0.0012457286892132516,-0.0018515759470457303,0.0012402817739505137,-0.0018526729893718387,0.001234959256113583,-0.0018549809868976777,0.001230690627602806,-0.0018573029654955118,0.0012263900573417246,-0.0018596115537245082,0.0012220577418114108,-0.0018625341198201721,0.0012179582517417322,-0.0018654407326267398,0.0012138271325772537,-0.0018683411026750077,0.0012096619830795263,-0.0018713717953053775,0.0012056649528371323,-0.0018743891667640888,0.0012016829616640597,-0.00187749000281594,0.0011978226351896865,-0.001880583262380003,0.0011939270202513473,-0.0018850551374709568,0.0011911493960351997,-0.0018896950723284816,0.001188384447358706,-0.0018952923941037308,0.0011860155655983415,-0.0019008641743076145,0.0011836212249644062,-0.0019064100109345845,0.001181209856185039,-0.001911943578196865,0.001178762460217761,-0.0019178420394119133,0.0011764102221843145,-0.0019243805026683727,0.0011742833441388395,-0.0019312587499336381,0.0011722387444179044,-0.0019384502408690296,0.0011702639537825817,-0.0019459151097075556,0.0011683410778975394,-0.001953957129186414,0.001166607792182172,-0.001962395485659736,0.0011652268910793667,-0.0019721456135483825,0.001164835229943649,-0.001984160103262725,0.0011654878332529363,-0.00199665766557555,0.0011665477536253973,-0.002010904559315855,0.0011683742915604533,-0.0020256476989191975,0.0011706116173126225,-0.00204246872065034,0.0011737770131081497,-0.0020600100666993363,0.0011775015008865018,-0.0020780114286679053,0.001181355263783688,-0.0020959889660498447,0.0011851878891243647,-0.002114098760697354,0.001189016450673834,-0.002111331043235271,0.0011933859278214559,-0.0021086213319399362,0.0011977292933312423,-0.0021060240478380406,0.001202408125651682,-0.002103482068018144,0.0012075027126989895,-0.0021012347441400586,0.0012130075931983428,-0.0020987438258761215,0.001218556044886935,-0.002096248162738892,0.0012241418167937583,-0.00209369607060404,0.0012297036419836006,-0.002091552222187054,0.0012353896227176209,-0.002089334680847269,0.0012410627912062266,-0.002087145681922717,0.0012467116197347355,-0.0020850430510570713,0.0012523392611303917,-0.002083206403349112,0.0012580793829821098,-0.0020815492904357746,0.0012638364220813633,-0.0020802599890302944,0.00126969094552243,-0.002079092643645726,0.0012755326124530898,-0.0020780030279618305,0.0012813550906635252,-0.002077116845863058,0.0012872023839524682,-0.002076318319009144,0.0012930471120325376,-0.002075735012506758,0.0012989077213055088,-0.0020753582145216732,0.0013048064386912896,-0.002075170088845052,0.0013107364826388532
Costa Rica,48,All pasture-based animal products,0,2023,1147.985,1232091.27,,2.413630332781923e-05,0.0012256370827965699,0.02,0.7,-0.03790911732438862,0.11457927628191882,-0.03790694642519017,0.11447453626372477,-0.03791615948024074,0.11437818824987366,-0.03792201176815091,0.11428175920053739,-0.037921845785103325,0.11418528418178756,-0.03787923922482345,0.11409102207907812,-0.037835143098254365,0.11399868111418124,-0.03792935334408182,0.11393052478752408,-0.038039505469822876,0.11386280795090706,-0.038162972559727504,0.11379551605099378,-0.0382913211311835,0.11372862929999415,-0.03841829894348086,0.11366318331244395,-0.0384378947752809,0.11360329057542935,-0.03845806836165685,0.11356685896151612,-0.03851660210846761,0.11353486443244395,-0.0386402013643653,0.11351383625486307,-0.038777528851033805,0.11349330447803506,-0.03890278409384615,0.11347339951847933,-0.0390279225054056,0.11345339493410615,-0.039125644689305336,0.11343811002700654,-0.03920969468684199,0.11342362556123554,-0.0392359064346373,0.11343280073542113,-0.03926043892894313,0.1134465838861202,-0.039303528517471015,0.11346311357231359,-0.0393141534124803,0.11348461420159874,-0.03933146592218829,0.11350619419475716,-0.039354028051369394,0.11352777616511746,-0.03940832483430919,0.11355253375782087,-0.039489748190467286,0.11357951377511441,-0.039424057342759694,0.113618456566876,-0.03935947233496351,0.11365770426784606,-0.039275718705909526,0.11370017154905947,-0.039185944283477936,0.11374285237660711,-0.03909948403283091,0.113785516693523,-0.039010898939164894,0.11382811721404118,-0.03896381146278995,0.11388077740109959,-0.03891347886946141,0.1139334144331758,-0.038839191701830325,0.11399009713933744,-0.038743833918025626,0.11404984342481778,-0.038659765765071526,0.11411020747000397,-0.038580527794940686,0.11417187462991886,-0.03850338597978592,0.11423373688833914,-0.03842611562793336,0.11429550266022578,-0.038367361511058906,0.114371080830956,-0.038306779379090224,0.11444682705411731,-0.03824479236051701,0.11452270479701547,-0.038179483568653,0.11459904398409172,-0.03811427542132891,0.11467528711665645,-0.038049995994872646,0.11475149198427273,-0.03798440807643544,0.11482772841194114,-0.03792309659727335,0.11490494061748863,-0.03786131288465604,0.11498207261755285,-0.03779669699553955,0.1150593107308695,-0.03773969606216314,0.11513757457948452,-0.037688691326506374,0.11521650754634533,-0.037640587397009415,0.11529566232665366,-0.037598754425985204,0.11537608278431909,-0.03756138079684869,0.11545711707313673,-0.037522641220253325,0.11553813252295847,-0.03749354126603717,0.1156219793115526,-0.037472582066416724,0.11570785858036135,-0.037461695010599996,0.1157967549533802
Croatia,98,All pasture-based animal products,0,2023,604.0,516250.0,,0.0011633423656068915,0.059404663248040175,0.02,0.7,,,,,,,,,,,,,,,,,,,,,,,,,,,,,,,,,,,,,,,,,,,,,,,,,,,,,,,,,,,,,,,-0.47586252613319546,0.796546091727416,-0.4759185587689578,0.7960311207083203,-0.4759728545406894,0.7955286507660089,-0.47602612481415196,0.7950255770024316,-0.4758420670346328,0.7945596770649686,-0.47567345562618946,0.7940994141781031,-0.47552229668690577,0.7936526818824258,-0.47537083728088525,0.793205278914726,-0.47555867965498244,0.7927606465121427,-0.475999099803939,0.7924174930954112,-0.4765035042480822,0.792156310741933,-0.476988402043131,0.7919109908750832,-0.47750431909300883,0.7916985984900866,-0.47833436929262085,0.7918457023687409,-0.4793200424846783,0.7920996968250926,-0.48031725933706004,0.7923596013904803,-0.4812107353190279,0.7926273210376434,-0.4820970178847087,0.7928994761744215,-0.48297619642823697,0.7931794181868849,-0.4838751753453384,0.7934702395562382,-0.4848227310636985,0.7938172646239341,-0.48480655484520185,0.7943222588690955,-0.48479053003068323,0.7948265781302276,-0.48477241766472945,0.7953334385150183,-0.48476312810677274,0.7958441606672765,-0.484743143170462,0.7963621999902555,-0.48472517952345295,0.7968939229179051,-0.4847014331912961,0.797428157075031,-0.4846712661690819,0.7979619385210188,-0.4846377458888349,0.7985313333292906,-0.4846670854531091,0.7991422580098638
Cuba,49,All pasture-based animal products,0,2023,2963.3,496766.86,,3.491240148553166e-05,0.0017432790117592684,0.02,0.7,0.06289925660876294,0.06451287222068584,0.06280128971760934,0.06424557933244758,0.06265469345227714,0.06397991984530978,0.06220896760129313,0.0637197998958941,0.06178796739566894,0.06346097341167922,0.06136426139756013,0.06320270911125433,0.0610671676580353,0.06297315373670107,0.06093009970372176,0.06275943537782099,0.06085378668689588,0.06254724744726685,0.06078399957503458,0.06233461943133191,0.06070817466526232,0.06212202543415267,0.060537515804267195,0.06191625574559417,0.060367405233360594,0.06170920334116695,0.060193353867550065,0.06150089525027408,0.06002141394036514,0.0612914532350937,0.0598484491313607,0.06108408695642655,0.05967209064746873,0.0608812673386019,0.059512530246379605,0.060677539824001564,0.05941807992737916,0.060479579725558404,0.05932308012246307,0.060280244126079255,0.05927303488504893,0.060093489527976184,0.05922754442193642,0.05990540305649382,0.05918014643802247,0.05971602719157259,0.05912860889743492,0.0595252494107232,0.05907737824071417,0.059333330575041573,0.05902342168504923,0.05913996304167266,0.05895991463943003,0.05894519797448715,0.05889615968148365,0.05874896624520078,0.0588355825426974,0.05855130566777888,0.058732031117482826,0.05835975098023162,0.058613848561393525,0.05823923940830407,0.05821841911729583,0.05819710747863379,0.057764624551406074,0.05815939251164499,0.05738196395787293,0.05812590084058987,0.0570001821994916,0.05809089732966731,0.05661459275374374,0.058054413135454126,0.056239472203989574,0.05801658879982529,0.05586177592879411,0.05797736994774091,0.05546056301248503,0.05793930597363066,0.0550589070663131,0.0578996869224094,0.05465562208307716,0.057858578159324034,0.05425401805817455,0.05781959451697175,0.05385082142106641,0.057779199559745836,0.05337484038642956,0.057764225089031326,0.05330520227925861,0.05786008491960742,0.053244672857121964,0.05797257989099708,0.053165791769178426,0.05810520746590411,0.05311265213169497,0.05825245093185306,0.0530761925777405,0.05840742486124618,0.05304520619137103,0.05856276599552959,0.05301195970057852,0.05871818949384907,0.05296945152579682,0.0588721893479912,0.05290916713589627,0.05902538197584248,0.05284973720597341,0.059177120104777235,0.05273674162113241,0.05935272793810339,0.05263770359302852,0.05957359411991214,0.05253575669551075,0.059808286024795015,0.0524497955294954,0.06004787708532317,0.05244838340221382,0.06030458216866957,0.052443948884211236,0.060574692545042615,0.052436913644898456,0.060859529695860795,0.05242828324794368,0.0611431964148136
Cyprus,50,All pasture-based animal products,0,2023,2.7216,313730.0,,0.0012016918992284458,0.059546662304222724,0.02,0.7,0.3638046922963676,0.3345102557220409,0.36380389473313135,0.3327093756936878,0.3638026141835541,0.33090264221682636,0.3638000459081792,0.3290867461727293,0.36382261752414374,0.3272751219827596,0.3638639489722896,0.3254817917203954,0.3639043098699128,0.32368075663144336,0.363943663860931,0.3218717288529029,0.36398272676689786,0.3200518902182849,0.36402046390352394,0.3182220358868522,0.3640605451554001,0.31638923171680733,0.364102554098643,0.31455264650875486,0.3640819029792703,0.31271666871080744,0.3628939546216628,0.311832264511995,0.3613226790458454,0.3123766732619642,0.3596871388262167,0.31300565578939415,0.3579913374115793,0.31370235818730846,0.35633007367884684,0.314645915886981,0.3546186950539136,0.31560570414767763,0.35295484267436394,0.3166133077465275,0.35131217610152377,0.31764100406382717,0.34971049504468205,0.31871083014489254,0.3481673671228863,0.31984202677603907,0.34662944393857836,0.3209751067669178,0.34487918443889287,0.3221126290884443,0.3431289512965413,0.32324465792558543,0.34138000988393263,0.32437356789469435,0.3396300638509029,0.325492183608042,0.3379000243596023,0.3266327344680252,0.3363935992876522,0.32777827309272345,0.33489252770289357,0.3289154854282611,0.3334001336864838,0.3300463958653787,0.3319125398047536,0.33118087605677915,0.3306377001260108,0.33230698475575676,0.32936982101948664,0.33344027481274924,0.32757000730560193,0.33458386370346765,0.3256915666016091,0.3357540009453458,0.32383062438602495,0.3369247429084619,0.3219966953458395,0.33810366591073854,0.32016764318242796,0.33928805166474824,0.3182424968818091,0.3405060930411206,0.3163335379581095,0.3417244503865306,0.31443201420784506,0.34295312560795244,0.3126460681514377,0.3442729458667624,0.3109037746640097,0.34561695494733724,0.30917798888412856,0.34696223185740505,0.3084919916428409,0.3483396320456405,0.3078502977298703,0.34970887278584073,0.308521114372308,0.3510922695859063,0.308336420484105,0.3524907076811579,0.3082041945092125,0.353882151548089,0.308184361740623,0.35528514926267657,0.3081554428362163,0.35668013757740724,0.30815684753946326,0.35807570885924733,0.30819768248680035,0.35948161018181723,0.3089229125725188,0.3610315499368547,0.3096412369721653,0.36257978084938763,0.3103584427349147,0.3641207073611193,0.31107346914895734,0.36565419404935895,0.31100650042923345,0.36723153585152163,0.3109538049454141,0.36881164105265335,0.3109540915574097,0.3704369840528969
Czechia,167,All pasture-based animal products,0,2023,1015.754,3550720.0,,2.2937427984208275e-05,0.0011861867882696116,0.02,0.7,,,,,,,,,,,,,,,,,,,,,,,,,,,,,,,,,,,,,,,,,,,,,,,,,,,,,,,,,,,,,,,,,-0.02290049263214039,0.14269288029628405,-0.022881631921780915,0.14262944017657253,-0.02285815621443263,0.1425686539568349,-0.022836037376237434,0.142507829821095,-0.02281444836954421,0.14248179900189106,-0.02279322258112105,0.1424557301874784,-0.022771874332199148,0.1424296497654913,-0.022748872636945514,0.14240405668708053,-0.02272397206222032,0.14237842736841155,-0.022666527082958576,0.14235311626321243,-0.022590323356050157,0.14233000345779154,-0.02252310899406998,0.1423078366745568,-0.022446846410302396,0.14229127257125856,-0.02236071623640435,0.14227530654246948,-0.022374465294599997,0.1423003206344597,-0.022402829928130585,0.14235707282396876,-0.022433043179469186,0.14241391492468877,-0.022459986648358736,0.14247398844028777,-0.022487184275946568,0.14253504658028393,-0.022525238082736487,0.1425980743310277,-0.0225635683367608,0.14266152263968992,-0.022599940515050272,0.1427273894033532,-0.022621763951816223,0.14279611043193552,-0.02263902057075555,0.14286540195796105,-0.022658065890461338,0.14293469682415405,-0.022680653697770576,0.14300620417379717,-0.0227032385616431,0.14307766659936488,-0.022726130806155084,0.143152481133399,-0.02275157726111791,0.1432277696553417,-0.022775135614393822,0.14330321363180704
Czechoslovakia,51,All pasture-based animal products,0,1992,1703.0,5512293.0,,1.2211547629622968e-06,4.832498136895388e-05,0.02,0.7,-0.06679219710066786,0.02481940511211761,-0.06683061374841093,0.024798218497868372,-0.06688540039811369,0.02477834003313444,-0.06693982133399451,0.024760243095450347,-0.06699140350820228,0.024742821964872496,-0.06704957276805214,0.024727000949592515,-0.06711169750766847,0.024711890667579128,-0.06717638637227558,0.024697929045426552,-0.06724324240763227,0.02468444336305392,-0.06731007955616057,0.024670933020729164,-0.06737588424287413,0.024657614805988846,-0.06744516234757406,0.024644789303155012,-0.06752296204392522,0.024633487529107843,-0.0676017055603819,0.024622194981558754,-0.06768066516129648,0.024611035647481343,-0.06776408777231085,0.024600163384553637,-0.06784587209991128,0.024589370989316805,-0.06792687907746327,0.02457862473371183,-0.06800744053940522,0.024567861325840133,-0.06807882727554415,0.0245576869391064,-0.06815096228611633,0.02454754142305105,-0.06822310233427324,0.024537399322175094,-0.06830671106437067,0.02453105168658894,-0.06839248033329937,0.024525330525156916,-0.06847638193072322,0.024519628757417124,-0.06856102926117072,0.02451394787625757,-0.06864394864124215,0.02450852827927783,-0.06872646423262885,0.02450309459941501,-0.06880909301119936,0.024497694887438047,-0.06889124150396884,0.024492928618486138,-0.0689290893244454,0.0245081897988323,,,,,,,,,,,,,,,,,,,,,,,,,,,,,,,,,,,,,,,,,,,,,,,,,,,,,,,,,,,,,,
CÃ´te d'Ivoire,107,All pasture-based animal products,0,2023,13725.6044,111708.63,,3.6117032102613525e-07,1.845489400829428e-05,0.02,0.7,-0.0003162416529697287,0.009721426868320815,-0.0003162117150206645,0.00970283367409388,-0.0003158447610339503,0.009684279217779973,-0.00031424661604804484,0.009666720429792452,-0.00031240970255041675,0.009649162605631565,-0.00030969564756977777,0.009632081691618328,-0.0003052979986604351,0.00961692050857531,-0.0002991124170751633,0.009603933448469573,-0.00029245087179762333,0.00959105725182319,-0.0002855098575817606,0.009578194519496718,-0.00027782912755057107,0.009565653811345628,-0.0002692056522248668,0.009553662562645598,-0.00026271313190889475,0.009544320874362768,-0.0002584814172119773,0.009537955810937119,-0.000254988333144952,0.009531891103050097,-0.0002515890301396104,0.009525794303845377,-0.000247141626167389,0.009520382116024061,-0.00024190726850237178,0.009515335216025055,-0.00023586673243084898,0.009510673285037675,-0.0002289063842812909,0.009506525273228207,-0.00022173621152202748,0.009502367351096304,-0.0002166572078929744,0.009500779508223395,-0.0002100713354749881,0.00950065610236277,-0.0002034345570922488,0.009500496310109317,-0.0001969467151374158,0.00950031246339124,-0.00019377501631097957,0.00950650044502873,-0.00019162856199197065,0.009513298764225334,-0.0001893638661040971,0.00952006808959991,-0.0001867466255148439,0.009526879110614301,-0.00018662110909239548,0.009537364143240875,-0.0001893949579636838,0.009552796690811506,-0.00019159415476835808,0.009568404971978936,-0.00019367173852466527,0.00958398547892219,-0.0001957931844790837,0.009599530167380063,-0.00019746459411261789,0.009615168984881895,-0.00019939958538160778,0.009630815289967242,-0.00020044807103734437,0.009646941266646177,-0.00020121104385359642,0.009663083682767887,-0.00020202758109111633,0.009679191799727956,-0.00020297106007010441,0.009695274304157387,-0.00019155672699734064,0.009711410147438617,-0.00017998616809110617,0.009727526416784696,-0.00016975160076529222,0.00974407724423547,-0.0001726659140169856,0.009761081815332,-0.00017539649823846,0.009778063179889482,-0.00017755491758934393,0.009795058246519064,-0.0001797196776293616,0.009812517854360256,-0.0001808469777885057,0.00983030056277919,-0.0001813406186425752,0.009848156768334629,-0.00018165484487445559,0.00986598401888178,-0.0001824649334225317,0.009883823607174198,-0.00018336920625858068,0.009901683132367677,-0.00018370966306630415,0.009919531271298706,-0.00018374038208668946,0.009937400588880521,-0.00018412651292224884,0.009955311126416275,-0.00018467623507838907,0.009973197364054184,-0.00018497284872884295,0.009991077388065421,-0.00018539626311904635,0.010008932957568007,-0.00018631261774766758,0.010026759368590562,-0.00018706617291143935,0.010044561113306255,-0.00018769760744311487,0.010062370807836967,-0.0001883538796373717,0.010080198502554457
Democratic People's Republic of Korea,116,All pasture-based animal products,0,2023,292.2908,119697.20999999999,,0.0007559333924142134,0.03866866669270618,0.02,0.7,-0.023874486209567003,0.4491611890184423,-0.02388377630459715,0.4483212836298945,-0.023896921589466685,0.44748020825954954,-0.023887374874125067,0.44665315883243056,-0.023862956603282137,0.44583103214192105,-0.023809710466038303,0.44503293891909396,-0.023731149406185148,0.44425272497523616,-0.023627185443442167,0.4434904833864454,-0.02347005645302014,0.4428213952811719,-0.023306779706053438,0.4421517371611242,-0.023122075340649695,0.4414941061922423,-0.022918995677345122,0.4408447572044157,-0.022700002642080552,0.4402011254172049,-0.022459983190864063,0.43956889284644346,-0.02220169534989208,0.4389447426316618,-0.02191198620753665,0.43834894239314326,-0.02157571752982257,0.43782060747949453,-0.021200028100071933,0.4373388119844297,-0.020777049226038846,0.43692629397693894,-0.020334510899049474,0.43652318326921535,-0.019866000606211298,0.43613827669754957,-0.019395405359798945,0.43575176831864076,-0.01889498025886227,0.4353899537241266,-0.0183927927618574,0.43502649387741754,-0.017870901954365193,0.4346724668306997,-0.017333411598682513,0.4343236168578121,-0.016787033818792485,0.4339752299012198,-0.016243374195650084,0.4336252961250126,-0.015726615016521284,0.4332923793113709,-0.015229460858834254,0.43296782006447604,-0.014756750506102256,0.43265709250777196,-0.014285262443483548,0.4323446417159703,-0.013862723213221295,0.43209055910390665,-0.013421790426297042,0.43184423441240904,-0.01298672072097537,0.4315970629038234,-0.012698710926471096,0.4318270693361633,-0.01244203314910941,0.43208077474322243,-0.01215581409889227,0.4323576614342797,-0.011867598936826401,0.43263288953177265,-0.011567349029372564,0.43291037816933325,-0.011370066103435376,0.43318620790772056,-0.011200345288934502,0.4335447875307415,-0.010994653204630944,0.4339427095175529,-0.01082018418619346,0.4343500614813864,-0.010658786970116671,0.4348585617048284,-0.010453591066942408,0.43543864055188897,-0.010251320029550884,0.436018354464678,-0.010019341364639403,0.43660324752718865,-0.009785155976076383,0.4371883625699734,-0.009591785084366485,0.4377974399399426,-0.009398839273954934,0.4384048680077899,-0.009215215295028417,0.4390119349733522,-0.009032590288206445,0.439623359887234,-0.008899138109404063,0.4404256189721666,-0.0087970443780802,0.4412346663987432,-0.00872715453637921,0.4420486149229739,-0.008688057180861184,0.4428664473343377,-0.008666648626742976,0.4436893391856282,-0.008644693147813362,0.4445146211897983,-0.00862563320180216,0.4453424363341332,-0.00859357150229367,0.44617530981065906,-0.00858060488976409,0.44701662820468235
Democratic Republic of the Congo,250,All pasture-based animal products,0,2023,19830.3077,135925.91,,8.631406847295902e-07,4.390095387121456e-05,0.02,0.7,-0.006184149665612634,0.02725869874444251,-0.006185207472027686,0.027243416939101282,-0.006187340196592894,0.02722869690842891,-0.006189893879757848,0.027214068803333224,-0.006201613754302972,0.027216798270119143,-0.006213018463812168,0.027219588487207277,-0.006224245286915361,0.027222390792014006,-0.006235631525865494,0.027225199376807764,-0.006246545057708294,0.027228165398241213,-0.006256602655993122,0.02723176526706422,-0.006266521452308338,0.0272353687468895,-0.0062760241266322505,0.027239089657061254,-0.006285323377155544,0.027242829502839995,-0.006294388229756556,0.027246597902737434,-0.006303307358278359,0.027250371283040448,-0.00631193437181621,0.027254195289963153,-0.006320632367603121,0.027258013251453717,-0.006330082166664649,0.02726212000497136,-0.006339729234630621,0.02726624109096601,-0.006349936977262809,0.027270526187709157,-0.0063601438012210205,0.027274802101186765,-0.006370770719675978,0.027279169473783733,-0.006381016027893193,0.02728363328234541,-0.006390771285415794,0.027288269371912754,-0.006400087436621243,0.02729303924156244,-0.0064085964137274645,0.02729836528969459,-0.006416207039361735,0.02730441615105196,-0.006422889298387036,0.027311255058480546,-0.006428832211342999,0.02731854500617684,-0.006435652508900253,0.027326220236069506,-0.006443073044612329,0.027334082998259672,-0.006450127445016427,0.0273420336583253,-0.006457040787376382,0.027349988542423258,-0.006464311671923138,0.027358008493436024,-0.006472507876757572,0.027366453662772215,-0.006481024734658078,0.027374950005565727,-0.006488858383169486,0.02738382228690685,-0.006496725888257401,0.02739268622670838,-0.006505199426838799,0.027401741516562318,-0.00651373514190972,0.027410790192530506,-0.006501754240069017,0.027420069974364587,-0.006490790871659345,0.027429860990449115,-0.0064796327913008295,0.027439653271987642,-0.00646797315955774,0.027449488893166913,-0.006456177861266477,0.02745932198524652,-0.006444729287719265,0.027469244186546716,-0.006433117584311776,0.02747916978393541,-0.006421714220200663,0.02748910579215596,-0.006414701372295243,0.027499862317180122,-0.006411626989512175,0.027511668056423327,-0.006411594337604118,0.027524174511987597,-0.0064136936088632236,0.02753692158970935,-0.0064157833213474725,0.027549659823045348,-0.006417796662698268,0.02756239328594235,-0.006419750032040562,0.02757512752888584,-0.0064222214897680565,0.02758805640603267,-0.0064244155027424425,0.02760106122358715,-0.00642670261210742,0.027614125170224966,-0.006429144255124333,0.027627603425028065,-0.006429222054074394,0.027643036999485462,-0.006429101238258635,0.027658495353648865,-0.006428836747216328,0.02767394828360456
Denmark,54,All pasture-based animal products,0,2023,700.0,5806850.0,,0.0003493041501452113,0.0176325305970922,0.02,0.7,-0.37304062571882546,0.6684326256931724,-0.3730299551828298,0.6681790310251337,-0.3731231580988974,0.6679580609000094,-0.373209539358609,0.6677438325533824,-0.37329035503893837,0.6675369578293693,-0.3733719892743256,0.6673302072834117,-0.37346248368867163,0.66712699572928,-0.3735717078666736,0.6669265184513639,-0.3737470723589122,0.66676189342758,-0.3739847409243029,0.6666848339129061,-0.3742382622558945,0.6666108788398298,-0.37449862867530526,0.6665612276581443,-0.3747972531728121,0.6665177178214023,-0.3750185684152983,0.666484509959518,-0.3752382284032051,0.6664559042575845,-0.37543668045039114,0.6664355350118506,-0.3756498304084639,0.6664190432133679,-0.3758375071540881,0.6664164370203921,-0.3760350076062555,0.6664168372690622,-0.3762612176039567,0.6664234515919991,-0.3765016339121675,0.6664338072697472,-0.37673461501028344,0.666457465721268,-0.3769474779927323,0.6665010915048778,-0.37719953023111025,0.666559612062422,-0.37748269884997554,0.6666278751275896,-0.3777638077011632,0.6666961638422302,-0.37809839506668647,0.666797428452899,-0.3784270492603077,0.6669088289495623,-0.3787557695917769,0.6670201455962576,-0.3790853339500878,0.6671314116732026,-0.3794306215634003,0.667247298403305,-0.3798237415354332,0.667394941669194,-0.380206139832011,0.6675434720438075,-0.38052136103289946,0.6676926141759086,-0.3810554357158468,0.6678711339779968,-0.3815870668284751,0.6680496571030353,-0.3821796770625312,0.6682307268106665,-0.38276672101277137,0.6684119390796749,-0.38334383335113836,0.66859326332255,-0.3839304885260921,0.6687765106759507,-0.3839615261068195,0.6689761394036353,-0.38399110138740855,0.6691764085795238,-0.38402512001910416,0.6693799253665079,-0.38408156000314686,0.6695896708877638,-0.38413791327741226,0.6697993152042884,-0.38419285579763973,0.6700095360134737,-0.38424575870822597,0.6702199515261014,-0.38428144854791335,0.6704328288089368,-0.38429447628623065,0.6706502232090421,-0.3843209975676913,0.6708726021922771,-0.38435046510246507,0.6710953280670378,-0.3843870789509796,0.6713236275839655,-0.38441790587094027,0.6715577302702576,-0.38444418185631285,0.6717949523948156,-0.3844656777424006,0.6720434650096916,-0.3844799579506404,0.6722966986549516,-0.3844862608874002,0.6725535987495673,-0.3844861901668858,0.6728119601358462,-0.38448558868123794,0.6730702417973211,-0.3844861802078309,0.6733292274690069,-0.38448957496420794,0.6735883288383118,-0.38449148004953315,0.6738474143139035
Djibouti,72,All pasture-based animal products,0,2023,1700.3283,20133.07,,2.3240763778888388e-06,0.00011793793967845035,0.02,0.7,0.005931104598230874,0.021662127570118792,0.005930485040690672,0.021608440179148626,0.005930782632268816,0.02155466675184627,0.00593022328308318,0.021500802548074415,0.005927129643138067,0.02144721016182149,0.005932738688406925,0.021396959738297222,0.0059386331568637984,0.021346576146185126,0.00594904936757832,0.021297089335814895,0.005962220100500869,0.02124786513728865,0.005976396807001058,0.021198556556886555,0.0059909710709677155,0.021149115179736364,0.0060078967477721346,0.021099825509461795,0.006021759555662351,0.021050988959677212,0.006038556663334124,0.0210024562755321,0.006053190177033076,0.020954064611182814,0.00607315482792873,0.020906906064460547,0.006087693406482634,0.020861652066268117,0.006108202162361208,0.020817942600026968,0.0061330328074560465,0.020775007993298435,0.0061757941627530975,0.020743680053557364,0.006212401323771788,0.020714924682073275,0.006241141449675067,0.020690899290529963,0.006276147493257018,0.020668550170589692,0.006317879458169178,0.020648126270570416,0.006370427535118749,0.020632412024784327,0.006429225488764484,0.020618352961142013,0.006486134130297163,0.020604353331212723,0.0065442529780624925,0.02059027771392526,0.00661478407931507,0.020582157185057123,0.006680479211216906,0.020574666678998904,0.006721051330398482,0.02056822331093252,0.006784960226483613,0.020562808590261765,0.006844822203949778,0.0205572959888018,0.006904651682475449,0.02055162801301693,0.006985781027618317,0.020546296767271367,0.0070693411241202556,0.020540833307611885,0.007150239817030436,0.02053530545871925,0.0072278922260412826,0.020530295101165223,0.007276884415039311,0.020526213602867445,0.007302608076633384,0.020522743782355145,0.007328485425769245,0.020519117754693467,0.00735910804920528,0.02051572764450561,0.007387213087657303,0.020512573298115,0.007404578012598929,0.020522768827955166,0.007429439919235518,0.020535240968137757,0.0074422565794197626,0.02057224018048176,0.0074759430294832,0.02062308804423918,0.007510557783567018,0.020673827841425806,0.00754266218842896,0.020724809980698047,0.007572264544523307,0.020776036550079435,0.007599156623227081,0.020827585084146335,0.007625487837644926,0.020879002299511392,0.007649109146431645,0.020930739494080825,0.007670570235320541,0.02098262043209488,0.00768787252215963,0.021035555572223613,0.007702599508811276,0.02108876974214772,0.007715289516686868,0.02114209918445513,0.0077260033793882365,0.021195529742888634,0.0077346134654675885,0.02124909763175578,0.007740905646683059,0.021302879372265625,0.007745162381653769,0.021356783169083352,0.007747290866800019,0.02141083651813908
Dominica,55,All pasture-based animal products,0,2023,2.6566,7644.0599999999995,,2.954610751993714e-05,0.0015131422132788751,0.02,0.7,-0.03016143793705725,0.07015002450595435,-0.030166024103322572,0.06994136111418153,-0.030178201656895443,0.06973708539191951,-0.030193413277043044,0.06953327676213256,-0.03021351714687931,0.06933129401541152,-0.030235782035057238,0.06912926501412492,-0.030256546741085463,0.06895017618905568,-0.030276687723037658,0.06877049392962543,-0.030301149682894466,0.06863849320751098,-0.030330813486878137,0.06850851488401274,-0.030364550861305947,0.0683796554949925,-0.030401388471334324,0.06825124184680394,-0.030441713454893975,0.06812351872019999,-0.03048572267515339,0.06799661320222473,-0.030544861848411008,0.0679528827149799,-0.03060870489654589,0.0679569473341005,-0.03066979696895158,0.06797531024926173,-0.03072761488231239,0.06800255002988402,-0.030782665916004086,0.06803164859318936,-0.030835212945162713,0.06806191387976136,-0.03088563425857885,0.06809266117919796,-0.030934141351754835,0.06812361270494367,-0.030980821680668208,0.06815467100872122,-0.031025219500409314,0.06818647278650247,-0.031069041376091632,0.06824399658079434,-0.031110788028005484,0.0683195524040138,-0.03114997039954758,0.06841002903440273,-0.03119045679567206,0.06850006271852987,-0.031227861648404506,0.06859350485540046,-0.031273294365802354,0.06869156119144501,-0.03131935015610102,0.06878900377749651,-0.03138418410005323,0.0689040892888085,-0.03144638150323466,0.06902077165851485,-0.03151305822372591,0.06913888498288183,-0.03159841811977039,0.06927454650949882,-0.0316808851685504,0.06941276796420434,-0.03176743088434599,0.06955213594474784,-0.0318580573674977,0.06969265787327293,-0.03195240246565645,0.06983407984224424,-0.032050833419907804,0.06997667110823337,-0.03193790948453227,0.07012043917148156,-0.03182904465407414,0.0702653916995959,-0.0317273433586961,0.07041153639086199,-0.03163416948006909,0.07055888097419179,-0.031547094087904994,0.07070743307148508,-0.031487757503902224,0.07086609085575446,-0.031426551442704856,0.07102473374011825,-0.03137170644598401,0.07118460849302835,-0.03129090996319171,0.07134572324785367,-0.031196201524935914,0.07151129827855443,-0.031114262503537094,0.07167937148344797,-0.031033837021314382,0.07184699504349194,-0.03098677940252095,0.0720337125045526,-0.030944387609384713,0.07222182231496097,-0.030906741153902982,0.07241151797441778,-0.030875898145731044,0.0726027614293422,-0.030850635355698156,0.07279536561629185,-0.03083024522134383,0.07298933643081752,-0.030813073072576705,0.0731846031525354,-0.030801331255904237,0.07338082479915489,-0.030793486393336737,0.07357827290864821,-0.030789563934106923,0.07377697643611486
Dominican Republic,56,All pasture-based animal products,0,2023,1255.3288,927114.7999999999,,3.692928275010493e-06,0.0001879993819650115,0.02,0.7,0.013999632004876621,0.023790201147980174,0.01399944760173416,0.023712729860101697,0.013999090287781943,0.02363517498200782,0.013998729062647559,0.023557361906449994,0.013999068202143375,0.023479726684413522,0.013999900033781858,0.023402086944210344,0.014002635851827337,0.02332590289653817,0.014005986101370313,0.02324980849466255,0.014010953039292137,0.02317482317527941,0.014017251766906687,0.02310062587164917,0.014024818157254586,0.023027141866889245,0.014032771866664445,0.02295355350875331,0.014041172438044648,0.02287990089520812,0.014049619541079623,0.022805967873702104,0.014058797260775562,0.022734868302350938,0.014069099488528303,0.02266430412345642,0.014081989730286522,0.022595906327359562,0.014101561506077711,0.022542136106982545,0.01413651817557878,0.02250783815635035,0.014172190397356139,0.022473671291810885,0.01420783727914548,0.022439205548612725,0.014243497059494544,0.022404438392714273,0.014279149671982778,0.022369368182800373,0.01431571810889529,0.022337397208686407,0.014354318550307991,0.022310833785458412,0.01439527501170906,0.022290292967959514,0.014436870354241344,0.0222721822807213,0.014478756792572444,0.022253869047823914,0.014521566947765222,0.02223585035469495,0.014564320282404522,0.02221752984249692,0.014606926289364905,0.02219944387228881,0.01464935478663552,0.022181334595692537,0.01469170432703933,0.02216293041585961,0.01473562654316762,0.022145441219993074,0.014780093313472605,0.022130056919280435,0.01482456361356458,0.022114358061375416,0.014887143143734238,0.022131219083693934,0.01496577814130812,0.022167150604533552,0.015045450593011813,0.022202870652103402,0.015124959371381268,0.022238431518322176,0.015139264678059592,0.022274168742858258,0.015153856586129416,0.022309743097024503,0.01508305155169318,0.022360034522188193,0.015016085117246628,0.022410088122924117,0.01497626896201001,0.02246724658355013,0.014958497749974422,0.022526201847023124,0.01496078012616442,0.02258988819531103,0.01496822301012354,0.022653845591145177,0.014978535564961412,0.02271823801410307,0.01497828288282957,0.02278736501475278,0.014977393136691663,0.02285789285523203,0.014981238418961613,0.02292943713089216,0.014985202671871489,0.0230009718222588,0.014989154486860137,0.02307222917805914,0.01499334008420716,0.023144006618568993,0.01499191346900092,0.023219834826417058,0.014988981778002173,0.023295820470474654,0.01498375579411365,0.023371729028486013,0.014978549008031902,0.023447370907719454,0.014971990232629104,0.023523796146901133,0.014968388885176783,0.02360164476998111,0.014967406189582639,0.02367955265763493
Eastern Africa,5101,All pasture-based animal products,0,2023,262367.3466,24347616.65,,5.719079210988419e-06,0.00021905856133418985,0.02,0.7,0.1870847943081837,0.045964380531162974,0.18708501952840206,0.04590235799629614,0.18708928273814812,0.04584171361179785,0.18709369472105736,0.04578120261073711,0.18709797875254197,0.0457206518274565,0.18710412513633135,0.04566028196059798,0.18711187638970458,0.045600522557471476,0.18712046747937155,0.04554076986129824,0.18712920447009218,0.045480937461553655,0.18713782417377647,0.045421040206336374,0.18714894874660723,0.04536139745997954,0.18715995461245233,0.04530170046921395,0.18717516866646638,0.04524333981123612,0.1871978428815772,0.04518722522748139,0.1872204739668298,0.04513102325426205,0.18724300574219974,0.045074782888895895,0.18726770456134026,0.04501877127356699,0.187297113223919,0.044963476189769376,0.18732638533762702,0.044908123579903717,0.18737104741217175,0.04485718302910187,0.18742242969373762,0.04480730801255969,0.18747866348712836,0.04475816378281781,0.18753492321197743,0.044708928627109214,0.18759295280515517,0.04466035791980689,0.187651073416548,0.04461169826470673,0.18773427545627924,0.044568282720388486,0.1878174013500111,0.044524870341360684,0.1879039720266242,0.044481920038538174,0.18799040846904153,0.04443889519946444,0.18807594591084448,0.04439627218861984,0.18816332219924473,0.04435417978098069,0.18825477020550022,0.04431260777990716,0.18825399173905266,0.04427402751110681,0.18825963593458048,0.04423648841718339,0.1882672713162704,0.044199150146168355,0.18827493935980646,0.04416171797612971,0.18828601329841704,0.04412451904971401,0.1882965231129264,0.04408726205408389,0.18830596789333123,0.044050254506085004,0.18833674901539343,0.04401637322506755,0.18835126525331997,0.043983712707879784,0.18852026922192017,0.043986950367955684,0.18868955510083132,0.043990145572931384,0.18886443740557163,0.043994375464553835,0.18904002854848684,0.043998582917882736,0.18921636585847867,0.04400286195740684,0.1894001308301525,0.0440086120481588,0.18958993265013904,0.04401536078161014,0.1897800552928111,0.044022162717837696,0.1900000720536016,0.044035372346612235,0.19023490742162305,0.0440519391155585,0.19016254068663974,0.044100822999639286,0.19009848110385377,0.04415133212199121,0.19004781209887253,0.044204742470357175,0.19000066866610726,0.04425903512787052,0.18995350530086286,0.04431327575163441,0.1899184062259843,0.044370524723668245,0.18988521368195774,0.044427872295788526,0.18987602498340225,0.04449000722150295,0.18987677237473996,0.04455367284107425,0.18987752018102064,0.04461733116771197,0.18987803453613658,0.044680904262425054
Eastern Asia,5302,All pasture-based animal products,0,2023,512868.8313,70624537.67,,1.6101585309020928e-06,8.162800325292465e-05,0.02,0.7,0.002507275191236856,0.03836042221876709,0.002504962729238183,0.03834092417561059,0.0025008236803561734,0.03832237831219464,0.002495386825165577,0.03830434040327969,0.002489363201424566,0.03828631438199768,0.0024859974696589023,0.03826881353443057,0.002484417841272464,0.038251513462391695,0.0024806675862717176,0.038234548179919184,0.002470662973174234,0.03821898155661391,0.0024600793347523547,0.03820341532326045,0.0024520541504783958,0.03818810536535378,0.0024458928228849675,0.038172921229694866,0.002446565787595393,0.03815878678321374,0.002451020963599535,0.0381449830164859,0.002456874921054398,0.03813121704152891,0.0024575132308702827,0.038117516877453635,0.0024529590019583547,0.03810438885739437,0.002442806647597308,0.03809207754059049,0.002433410805766985,0.038079899126732694,0.0024233404407140655,0.038067743927737666,0.0024140453357512914,0.03805562230828827,0.0024037746447788874,0.03804356065297931,0.002391485726566535,0.03803171659003157,0.0023779507058542676,0.03802004012973436,0.0023625231041004835,0.03800866123202989,0.0023453778940882436,0.03799752820605748,0.0023266253343669635,0.03798655941666082,0.0023057904826198905,0.03797589179468167,0.002284133911963346,0.037965263630228854,0.002262965744192741,0.03795464482041786,0.0022410767342974647,0.03794405070591685,0.0022193780013302356,0.037933549700729596,0.0021963600735469407,0.037923197893297254,0.002174458740542118,0.03791310596919902,0.0021547588616653984,0.03790338179834196,0.002135699061872526,0.037893678266211046,0.0021196972008138276,0.03788403762974551,0.0021041016572951043,0.037874399567733946,0.0020892531604131057,0.037864929934435854,0.0020738990642459876,0.03785547237554312,0.002053231877099472,0.03784606714679074,0.0020377551772902264,0.03783878427954755,0.002076382416924649,0.03783601494396489,0.0021242581689744078,0.037837722661558576,0.002178993752256206,0.03784215117968628,0.002233581647554994,0.03784656994017213,0.002284841985747535,0.037851833034801115,0.0023327310399695877,0.03785780162862159,0.0023758547972694832,0.03786506465260536,0.0024138292028180047,0.037873639931358116,0.002446843420877101,0.03788348528455016,0.0024774731810852622,0.03789367043980804,0.0024998834343960726,0.037908103335887476,0.002520949743467147,0.03792262815203696,0.002538245739684154,0.03793825539084773,0.0025485690461195315,0.03795688975795838,0.002553655781397744,0.03797710221650342,0.002555396882657973,0.03799808340380293,0.00255563947842053,0.03801921309760542,0.002556495561609041,0.03804034796624565,0.0025574492563445825,0.038061471829665426,0.0025588774999156226,0.03808259698514775
Eastern Europe,5401,All pasture-based animal products,0,2023,158280.4493,79028363.4,,0.00048778205380428316,0.010373061573909012,0.02,0.7,2.241849952766402,0.2932564766919848,2.2418770635824226,0.2924289009353996,2.2420091573505694,0.2916101314213353,2.242193519222133,0.29079800108650466,2.243630839169761,0.2901609735370143,2.245323635479218,0.28955984542784413,2.2472977352584658,0.288998297100536,2.249347599180612,0.28844668415373215,2.2513983958638626,0.28789260680683953,2.253467719844941,0.2873394307479435,2.255539077666912,0.28678453966495965,2.2576191588037364,0.2862296432887744,2.259985215007115,0.28571482523857444,2.2624947509008795,0.285218710235392,2.2650102401880567,0.2847206140821109,2.2675341758853103,0.2842203941260616,2.270370753799643,0.28376184939179705,2.2732086573991213,0.28330130484319754,2.2760532061154555,0.28283858248073435,2.2789750565927998,0.2823810212660639,2.2819840040134496,0.2819299325798632,2.2850126586957344,0.28148059516647117,2.288395316676041,0.2810767905166192,2.2918260789966642,0.2806778564940901,2.29525630840163,0.28027652823619287,2.2987477121779927,0.27988183306708864,2.30225880420877,0.2794871494228821,2.305826334744892,0.2790987140315736,2.309415374119951,0.27871194409907946,2.313008379364213,0.2783226345851416,2.317207355649687,0.2779998340629964,2.3154526724434246,0.2786423502039914,2.3138581975496013,0.27929988468537836,2.312593692242085,0.27999152224549545,2.3117169379511044,0.28072448533811223,2.3112992900241465,0.28150306849097184,2.3111384442467204,0.28230600525062227,2.3109834784028127,0.28310655674539237,2.3109682642942713,0.2839184421092936,2.3110115937927906,0.28473269663262807,2.310730167648794,0.2855500135654,2.310497441748857,0.286372091190363,2.310271553679214,0.2871920933654238,2.3100574244064944,0.2880107778109275,2.3098465233457137,0.2888271282964095,2.30963644334872,0.28964142563354456,2.309427428224243,0.2904533127070111,2.309217836259411,0.291262799626153,2.3090078087500494,0.29206994646942297,2.308875279012431,0.2928832233676617,2.308744012540049,0.29369422177460525,2.3086230909655807,0.29450503330941274,2.308517319413057,0.2953151707590142,2.308418795487953,0.29612428539941366,2.3083196600562603,0.29693138889367465,2.3082494873794133,0.29773931121245595,2.3081876350643404,0.29854640433072743,2.3081352735808305,0.2993532879467573,2.3080865747141233,0.3001589667829633,2.308076592620504,0.30096830259912843,2.3080673445556776,0.3017755049849304,2.3080582811688153,0.30258055789398935
Ecuador,58,All pasture-based animal products,0,2023,2941.0,2402969.89,,8.617553441499976e-05,0.004285235182576312,0.02,0.7,0.11492811819475529,0.12588425458697428,0.11492990756434623,0.12554201148825853,0.11493189237300117,0.1251988399753944,0.11493537692567984,0.12485510002696677,0.11494042910395391,0.12451081076877864,0.11495838605996997,0.12417371720858435,0.11497710016992722,0.12383577216023126,0.11500966492563751,0.12350571614763098,0.1150415287992437,0.1231746844296179,0.11507249032067635,0.12284267652925555,0.11511074578681235,0.1225105655785786,0.11515098014122593,0.12217752712862849,0.1151864641472849,0.12184417085678416,0.11523060410229563,0.12151007078181013,0.1152732086106815,0.1211749378232978,0.11530982979805215,0.12083881445120183,0.1153076943411748,0.12050280163323489,0.11530017239914875,0.12016578835871668,0.11527421795577386,0.11982856049031489,0.11527913019442557,0.11949115191559326,0.11528663664028299,0.11915267535281669,0.11525527023616973,0.11881994394420535,0.11534573489089561,0.11856255102527961,0.11542918620405035,0.11830541815933104,0.11565384956423816,0.11812798358735054,0.11587885390395763,0.11794942523333923,0.11612022569713057,0.11777453905786586,0.11642526952486565,0.11764358049580774,0.11674322524956697,0.11752552787508291,0.1170617102710391,0.11740675455275101,0.11738177899825114,0.11728718003140427,0.11770220728341202,0.11716656332026182,0.11801946234355495,0.11705054118934961,0.1183289276225355,0.11694207078228684,0.11864347031864234,0.11683596651989517,0.11896316756273724,0.11672889860861876,0.11932878244813275,0.11665989487535065,0.1196943713178625,0.11658972333632354,0.12006264660478663,0.11651872591731068,0.12043197972195081,0.11644668213569112,0.12080793120693575,0.11637382549773981,0.12116011696943757,0.11632492052924179,0.12148531331747309,0.11628196778713829,0.12176186517738144,0.11624801392867395,0.12203919602338914,0.11622314301275215,0.12234082054930667,0.11621505378628348,0.12265319997748876,0.11622430026289528,0.12300692210479565,0.11624796486463171,0.12336568890982338,0.11627297933211139,0.1237484048611623,0.11630251339138817,0.12418762129011997,0.11634465823179801,0.12474391539739996,0.11642462365020077,0.12534715399791305,0.11651225100117264,0.12459494608915686,0.11665444898392391,0.1239808261251073,0.1168286495475344,0.12340234743460368,0.11700440161200591,0.12283437304831425,0.11718557816622442,0.12225777808661664,0.11737058152699084,0.12214287476509776,0.11768452495319387,0.12206480321408948,0.1180178019943164,0.1220572477937606,0.1183730516909699,0.12204645442082175,0.11873568512702272
Egypt,59,All pasture-based animal products,0,2023,339.5685,6859060.5,,0.00019227784894002378,0.00996723843015488,0.02,0.7,0.09686218030246585,0.3206208054807169,0.09686218022495136,0.3203208127411439,0.09686218014743686,0.3200205387833572,0.09686218006992237,0.319719982815015,0.09686217999240787,0.3194191440400477,0.09686217991489338,0.31911802165863334,0.09686217983737888,0.3188166148671729,0.09686217975986439,0.318514922858265,0.09686217968234989,0.31821294482068097,0.0968621796048354,0.3179106799393393,0.0968621795273209,0.31760812739527977,0.09686217944980641,0.317305286365638,0.09686217937229191,0.31700215602361886,0.09686217929477742,0.31669873553847044,0.09686217921726292,0.31639502407545744,0.09686217913974843,0.3160910207958343,0.09686217906223393,0.3157867248568182,0.09686217898471944,0.3154821354115619,0.09686217890720494,0.315177251609126,0.09686217882969045,0.31487207259445155,0.09686217875217595,0.3145665975083318,0.09686217867466146,0.3142608254873841,0.09686217859714696,0.31395475566402137,0.09686217851963247,0.31364838716642335,0.09686217844211797,0.31334171911850783,0.09686217836460348,0.31303475063990116,0.09686217828708898,0.31272748084590896,0.09686217820957449,0.31241990884748627,0.09686217813206,0.3121120337512075,0.0968621780545455,0.31180385465923627,0.096862177977031,0.31149537066929484,0.09686217789951651,0.31118658087463325,0.09686217782200202,0.31087748436399815,0.09686217774448752,0.3105680802216016,0.09686217766697303,0.3102583675270893,0.09686217758945853,0.3099483453555087,0.09686217751194404,0.30963801277727665,0.09686217743442954,0.3093273688581471,0.09686217735691505,0.30901641265917806,0.09686217727940055,0.30870514323669873,0.09686217720188606,0.30839355968266374,0.09680897965156421,0.3081043017473743,0.09677598729152564,0.3079953272636682,0.09685750216475086,0.3079748149336599,0.09716118430360227,0.3079975832840847,0.09744784273891108,0.30805247514164286,0.09773603496333311,0.3081074774447434,0.09802617978620845,0.30816228140898166,0.09845364575364829,0.3082451055313962,0.09888163497164257,0.3083278092155317,0.09930355752083347,0.30841163122260035,0.09973364605319751,0.3084960522565762,0.10012182133045769,0.3086067167539489,0.10050659541588236,0.30871851634901526,0.10104841988060254,0.3088589567251027,0.1015930373736196,0.30901205692360484,0.10211222328997194,0.30916761232758827,0.10271295661055824,0.3093408675337017,0.10335770217000262,0.3095186239029261,0.10397528540039358,0.3097024043739579,0.10473545321008765,0.30992137702468486,0.10545583187586127,0.31016773114105917
El Salvador,60,All pasture-based animal products,0,2023,582.3,435064.27999999997,,3.8593821605650635e-05,0.0019799177575723853,0.02,0.7,-0.03249948613269449,0.06761359092180234,-0.03249946852501673,0.06732758990642573,-0.03249384382540502,0.06704298945010413,-0.032513064814593276,0.06677307344513672,-0.03252650892963181,0.06650455603406949,-0.0325480441735298,0.06623715767527888,-0.03256639923073038,0.0659690924003173,-0.032589742449301067,0.06570073044354106,-0.032608894717626805,0.06543213700460522,-0.03262885192433991,0.06516224382374194,-0.03264820234708994,0.06489102228887667,-0.032665903245222505,0.06461856495261667,-0.032674943301763716,0.06435076726250478,-0.03267529199649694,0.06408740954513915,-0.032664474181327674,0.06383688714216265,-0.032644541066542285,0.06363642709384652,-0.03268261601062519,0.06348108450865986,-0.032715449569393096,0.06332567204654196,-0.03274589771051065,0.06316902290243019,-0.032767218140700265,0.0630161176286445,-0.03284152368539883,0.0629007012995421,-0.03297150813476909,0.06282513540972265,-0.03318185412872721,0.06281660224302038,-0.03338314911811341,0.06287324155214005,-0.03357180079986424,0.06293916680728946,-0.03377079393402854,0.0630062090745899,-0.033971735928473364,0.06307187629373298,-0.034165278913621616,0.06313840134348879,-0.03435114565350282,0.06320593346547784,-0.03453222742687496,0.06327280796992726,-0.03469888409318661,0.06338544462154481,-0.03487085780567118,0.06349729112110833,-0.035050125823503066,0.06360890862744202,-0.03523539809857729,0.06371991872261488,-0.0354571148829695,0.06384791246028203,-0.03566510798570015,0.06398381895054368,-0.03585703753274576,0.06413408026317712,-0.0360726521206512,0.06429148651998365,-0.03628168936550553,0.06444879306571417,-0.03647703331305779,0.0646124828187007,-0.03653932790591333,0.06477546373252034,-0.03659558077206969,0.06493853108476022,-0.03666474585628544,0.06510382936937678,-0.03673840082566872,0.06526781914172766,-0.03675973506791563,0.06544133087960202,-0.03667586974724374,0.06561494898178906,-0.03659581883466696,0.06579346560203078,-0.03651621881805878,0.06597129318445621,-0.0364404334841908,0.06615410135708948,-0.03638430866219818,0.06637281508448444,-0.03632852811819289,0.06659082438621311,-0.036273414448369054,0.06680910057004488,-0.03621829562680089,0.06702616821872473,-0.03616320268861305,0.06724200756428447,-0.03609241349839552,0.06745872846555728,-0.03601922266389004,0.0676745700401947,-0.03596373118704741,0.0678977476314099,-0.035946377522946056,0.0681469984561622,-0.03593953992163904,0.06841786578926487,-0.035939249010685584,0.06869808860959452,-0.03593909939890442,0.06897725279334377,-0.03593892283749416,0.06925553062603615
Equatorial Guinea,61,All pasture-based animal products,0,2023,10.719899999999999,206.2,,0.00027163301672370117,0.013793974828141391,0.02,0.7,0.2593657696279735,0.9836672351645365,0.2593571056226154,0.9835630807460846,0.2593398084839318,0.9834959743765598,0.25931400418939515,0.9834712507645228,0.2593251649979561,0.9835015929163483,0.25933421174417115,0.9835324751826863,0.2593463730508817,0.9835642428796486,0.25936143688770397,0.9835967847315065,0.2593840562135532,0.9836337615669504,0.2594201991191208,0.9836825567034266,0.2594690149479764,0.9837419798977559,0.2595239908051092,0.9838045011863311,0.2595848104133373,0.9838698431347385,0.25964664254006037,0.9839352717863038,0.2597115246904274,0.984001551560682,0.2597792956920258,0.9840685987538165,0.2598498011311384,0.9841363366310916,0.25991912438807085,0.984204219574024,0.2599872359407813,0.9842722562462635,0.2600577918214202,0.9843408488623887,0.2601306555679576,0.9844099383838599,0.2602098806525299,0.9844823079850127,0.2602849002866266,0.9845572878285336,0.2603659536235796,0.9846352540896675,0.2604507015630312,0.9847144421420532,0.2605389545829664,0.9847947374036415,0.26063053170389194,0.98487603485936,0.26072525993778395,0.9849582382427563,0.2608229737826784,0.9850412592977645,0.26092351475833364,0.9851250171116204,0.2610267309789276,0.9852094375110881,0.261132476759213,0.9852944525151341,0.26124061225095835,0.9853799998380232,0.26134949182458067,0.9854655860714755,0.2614605230448168,0.9855516054541451,0.26157212768331994,0.9856376404564711,0.26168566197391785,0.9857240241309161,0.26179961014440317,0.9858104068872364,0.2619152805022813,0.9858970665660206,0.2620312152924561,0.985983714547436,0.2619815223725339,0.9860720847290222,0.2619576227565336,0.9861630694926593,0.26192862873088707,0.9862554933593408,0.26189564240170105,0.986348531590453,0.2618605742163407,0.9864441851581839,0.2618321941061217,0.9865412871682052,0.2618031043220125,0.986639015417366,0.26178785012957023,0.9867393597960077,0.2617925303355879,0.9868423205780111,0.26180917083772937,0.9869510496290562,0.26182022789845977,0.9870623956612431,0.261828930708639,0.9871754289831963,0.2618468813224234,0.9872940182749479,0.2618629174749512,0.9874196866819419,0.26187721383886686,0.9875499766363519,0.2618879312716066,0.9876843333377735,0.26189829386637,0.9878187068011004,0.26190768072834375,0.9879535211459305,0.2619153976821499,0.9880888954924171,0.26192166984526394,0.9882246901733925,0.2619259133571908,0.988360980531312,0.26192804223452926,0.9884978152285611
Eritrea,178,All pasture-based animal products,0,2023,6975.5083,157690.76,,2.1032809903043905e-07,1.0360952665455402e-05,0.02,0.7,,,,,,,,,,,,,,,,,,,,,,,,,,,,,,,,,,,,,,,,,,,,,,,,,,,,,,,,,,,,,,,,,0.01388607416826848,0.011539618698028331,0.013885197768712942,0.01153050691172966,0.013884273325400674,0.011521425027718427,0.013887720918527418,0.011515278426355304,0.01389413920066273,0.011511035645533099,0.013902159948822624,0.011507726132947873,0.01391015293678718,0.011504517616678102,0.013918098070443037,0.011501346357505266,0.013902130676963585,0.011501992672480012,0.013886127999978369,0.011502641252206585,0.013870377295722977,0.011503575752785811,0.013865666614691921,0.011505087246559386,0.013861818228453844,0.011507243480922334,0.013857974542161063,0.011509392889520572,0.013854478678307316,0.011511665636257063,0.013851824894014503,0.011515310441179412,0.013849201803797232,0.011518954054038848,0.013846360079904856,0.011522746490447443,0.013843332888741462,0.011526704058191098,0.013840247186290842,0.01153083281426423,0.013837114763194752,0.011535368256792161,0.013833926566358946,0.011539944672215054,0.013832711320853749,0.011546797401903884,0.013831478336346409,0.011553643725804802,0.013830819631546408,0.01156071920731184,0.01383022971635145,0.01156809718631122,0.01382982409273866,0.011575830594387103,0.013829421358650652,0.011583860561827388,0.013829163421440261,0.011592247617703876,0.013829034337219211,0.011600971642114516
Estonia,63,All pasture-based animal products,0,2023,458.0,902430.0,,0.0016500865194125456,0.06637373801794202,0.02,0.7,,,,,,,,,,,,,,,,,,,,,,,,,,,,,,,,,,,,,,,,,,,,,,,,,,,,,,,,,,,,,,,2.4642587502277498,0.8500330693233139,2.465107860938025,0.8493937602147703,2.4653653582520847,0.84881591978217,2.465430859815377,0.8484076610345501,2.4656583557218683,0.8480468615780905,2.4659419406629555,0.8477534115325643,2.46618261350276,0.8474664493564552,2.467242115202969,0.8476089934358035,2.468301239001956,0.847750559096467,2.46709512626337,0.8480302929854704,2.4654351875221217,0.8485328495636228,2.4637964781834665,0.8490344908577253,2.4626998735130705,0.8496340352522309,2.4615217137420853,0.8502471135154087,2.460413202615142,0.85088556779007,2.4593096591851946,0.8515233419031304,2.4582112790738386,0.8521601715143619,2.4571615674718545,0.8528165097414495,2.456107801248745,0.8534728509981973,2.4551324887274593,0.8541419311408551,2.4542600421327196,0.8548467607357735,2.453694946816341,0.8556494155470218,2.453279452600232,0.8564877832463719,2.4528624844427096,0.8573351282983593,2.452444263187635,0.8581819740687213,2.4520393400540503,0.8590289809891432,2.4516382514104036,0.8598762013072191,2.4513172550195312,0.8607427954698939,2.451108856124761,0.8616345619885236,2.4509002597140297,0.8625268623683405,2.450709762078752,0.8634210697439975
Eswatini,209,All pasture-based animal products,0,2023,1019.3695,53235.95999999999,,1.292953393217708e-05,0.000659372569474228,0.02,0.7,-0.003974197540070543,0.06705025344220837,-0.003979517653185674,0.06695821221588792,-0.003981840993576201,0.06686769536013142,-0.003986716333649647,0.06677811194087892,-0.003986604766097027,0.06669320464929022,-0.00398394815184033,0.06660933956812734,-0.003983508906546818,0.06652614535491898,-0.003982245227832214,0.06644292846475579,-0.003984198971603358,0.06636124284769775,-0.003991630489291357,0.06628406396894287,-0.004000600878348706,0.0662071360750185,-0.004016904890708627,0.0661381121375945,-0.0040333450307612,0.06606894690753336,-0.004050361553321322,0.06599965033433133,-0.004011033663931747,0.06593073471859413,-0.004042651993057797,0.06586664620993543,-0.004064016594839483,0.06580275266312562,-0.0040545913750780205,0.06574250354761678,-0.00400944985154493,0.06568521601168356,-0.003967547704127411,0.06562780507247123,-0.0038903521565962496,0.0655728635382647,-0.003815690092504598,0.06551819608797751,-0.0037438733476427605,0.06546406841451965,-0.0037418473690135137,0.06541720921909361,-0.0037699943303443617,0.06537321036961885,-0.0038241715329318388,0.06533023185061682,-0.003872917614709953,0.06528724851276813,-0.003971054894191903,0.06525494602191824,-0.0040558028097949644,0.0652232566340461,-0.00414468241902588,0.06519212455512458,-0.004221897655017515,0.0651667388708966,-0.004302224307567673,0.0651427350445902,-0.004380046933985929,0.06511970264080406,-0.004455422361053035,0.06509759041691414,-0.004522668207924893,0.06508924899821047,-0.00458879386665452,0.06508097352787862,-0.0046546963299910205,0.06507255489240309,-0.004721988455917814,0.06506429989660603,-0.0047823033282646255,0.06506590457975493,-0.004856711586360484,0.06509261733563466,-0.004864473053997211,0.06515901895196675,-0.0048659944614848055,0.06523916515602572,-0.00486555640492225,0.0653194111365992,-0.00487247026405431,0.065401159986755,-0.004878134889057684,0.06548417695350957,-0.004880563890508457,0.0655674296792896,-0.004884797782085459,0.06565131154783574,-0.004887857308414078,0.06573710649742047,-0.004892592157089476,0.06582312153908344,-0.0049019948819367986,0.06591041350920415,-0.004913046153611275,0.06599764316148252,-0.004924185061209089,0.06608478859964127,-0.004937564488153101,0.0661728306954526,-0.004950827206955426,0.06626092914020594,-0.00496165112193978,0.06634954907274027,-0.004961114291009778,0.06643928554176531,-0.004967744011993866,0.06652932682344741,-0.00497506095171173,0.0666194225913189,-0.004982160060032928,0.06671172027542961,-0.004992204348199324,0.06680486883681855,-0.0050024548668189985,0.06689788853296072,-0.005008538756452004,0.06699415706169272
Ethiopia,238,All pasture-based animal products,0,2023,21754.8,4940514.96,,2.0048278225459294e-06,0.00010304628457004774,0.02,0.7,,,,,,,,,,,,,,,,,,,,,,,,,,,,,,,,,,,,,,,,,,,,,,,,,,,,,,,,,,,,,,,,,0.008289790401768152,0.012038476020745056,0.0082877531700747,0.011955346741299099,0.008285769665244715,0.011871629609341003,0.008288085360978699,0.011788316884708123,0.008288468324959676,0.011704761699611314,0.008287030692600438,0.011620900917377448,0.008284046610634525,0.011536620434209414,0.008277286443477319,0.011453801114026413,0.00824463717915889,0.011370593663758982,0.008244805858825761,0.01139586125198383,0.008239288244336312,0.011420928132265876,0.00822853657606262,0.011446432807759406,0.008220980289766122,0.011476197328700673,0.00821278910396466,0.0115054904801873,0.008181013454022655,0.011534785693905954,0.008175001144231715,0.01156691072080953,0.00816599745122688,0.011602529982122344,0.008110840201657749,0.011650929292430603,0.008113227054207943,0.01171018227652539,0.008122526876676377,0.011769333750478844,0.008133304589042595,0.011831365422499372,0.00814447539787941,0.011894252847775259,0.008156112767014568,0.011958182521151318,0.008167943821665306,0.012022594659718078,0.008179774023846403,0.01208642854863891,0.008168755545546368,0.012150380880165937,0.008168382322158243,0.012216663679091053,0.008179329087302858,0.012285617396479553,0.008180364643207831,0.012366847474415077,0.008181360958056135,0.012447549918460992
Ethiopia PDR,62,All pasture-based animal products,0,1992,44800.0,1216180.0,,6.359806567464991e-11,3.2072776703533772e-09,0.02,0.7,0.00013868615793201106,0.0001785195908707465,0.0001386846979259717,0.00017834143991746486,0.00013869002109486914,0.00017816423613750348,0.0001386970927092221,0.0001779869571475889,0.0001387010936753804,0.00017781002640746457,0.00013870250846551108,0.0001776333590231866,0.00013870266783575118,0.00017745662320138304,0.00013870140899704836,0.00017727989300138822,0.00013869845391594702,0.00017710336343724155,0.0001386937185126275,0.00017692730728467268,0.0001384229101551379,0.00017676660818411458,0.00013813941963759834,0.00017660575462954205,0.0001378580176950475,0.00017644551428898787,0.0001375816765072672,0.00017628859234750194,0.0001373106513954032,0.00017613600634985843,0.00013703961531613034,0.00017598323599149577,0.0001367723399767029,0.00017583521069625802,0.00013650513939714648,0.0001756870228466049,0.00013624069673031313,0.000175540751558694,0.0001359775743419358,0.0001753948540095558,0.00013571419482830594,0.0001752488003622159,0.0001354521583039048,0.00017510286472462185,0.00013518988625614136,0.00017495675093893954,0.0001349291320209083,0.00017482749621491403,0.00013468609709846603,0.00017470787215927212,0.00013455447347321016,0.00017468577113383392,0.00013451141743274793,0.00017485065773316862,0.00013447536910247032,0.00017501699997559452,0.00013446731552525408,0.00017519641111646086,0.0001344678687795664,0.00017537747383804332,0.0001344657901017229,0.0001755585919224987,,,,,,,,,,,,,,,,,,,,,,,,,,,,,,,,,,,,,,,,,,,,,,,,,,,,,,,,,,,,,,
Europe,5400,All pasture-based animal products,0,2023,232378.5903,240023915.98,,0.0002510034480947182,0.008176348708264166,0.02,0.7,2.669336673039243,0.47581302166359085,2.6693386872479716,0.4755499722270997,2.669372788390341,0.47529149936610454,2.6694081998824277,0.47503351295177443,2.6697746052192914,0.4748403005738805,2.670224716760832,0.47466450521343106,2.6707592256087707,0.47450611601662546,2.6713360146628067,0.47435651178277866,2.671918563343531,0.4742073255060296,2.672501504261574,0.4740580234254166,2.6730846412919793,0.47390857869588204,2.673696006205594,0.47376541881884165,2.6743734841411135,0.4736362279328619,2.675097471085606,0.47351633934760456,2.675822267556636,0.4733964140526514,2.676546657690772,0.4732764558209192,2.6773525525027853,0.4731727659911746,2.678177333310552,0.4730729593214827,2.6790032299774165,0.47297344868188007,2.679831867075659,0.4728740618685261,2.6806825042840914,0.4727777946325466,2.681546312071582,0.4726848767718598,2.68254007466224,0.4726165245823846,2.6835348163283745,0.4725484226442781,2.6845353569324333,0.4724808472419598,2.685547577032992,0.47241580984422193,2.686576715205697,0.47235346747179807,2.6876080692376134,0.4722911529826016,2.688639667036164,0.47222914849703057,2.6896747567761476,0.4721673867744183,2.6909949437057046,0.4721544735732559,2.6905311796128935,0.47234610916372255,2.6901535011152817,0.47255172973703924,2.6898429434814033,0.4727676943345654,2.6895644707738406,0.47298844184023175,2.6893598445911047,0.4732202851653532,2.6892013358853557,0.4734591825494793,2.6890464948284514,0.4736982210452264,2.6889112868393115,0.47393983378971344,2.688785452222157,0.4741826080423324,2.6886642871693853,0.4744252377203958,2.688544498610531,0.4746681381270561,2.6884275150124153,0.4749112168183519,2.688332701052118,0.4751578063750113,2.688238912572064,0.47540430572826275,2.6881489429076404,0.4756512450639435,2.688060957556403,0.4758982793080216,2.6879732500435543,0.47614551412458883,2.68789099263716,0.4763933854068299,2.6878112282747746,0.47664138876924683,2.687732767944291,0.47688955361482627,2.687654278371588,0.477137574662021,2.6875763716983965,0.47738550776191757,2.687548592311636,0.47764213728838995,2.6875297003266705,0.47790066046605795,2.6875128332095106,0.4781592784675588,2.6874986631550515,0.47841842718130184,2.687488061749152,0.47867841115439635,2.687477665500231,0.47893854009567005,2.687471510608921,0.47919951023325025,2.6874695663602775,0.47946097617958466,2.6874696162328617,0.47972265868861697
European Union (27),5707,All pasture-based animal products,0,2023,67119.2668,162485385.7,,1.4158301451317243e-05,0.0007192125699565264,0.02,0.7,-0.04409200209996379,0.22070016334450496,-0.044091995508059645,0.22066826823218458,-0.044092592872262054,0.22063675956169762,-0.04409306859592528,0.22060531929942132,-0.04409474031560101,0.2205782989302111,-0.044101848824014495,0.22055469033575725,-0.044110124097021766,0.22053261967380616,-0.0441180548008511,0.22051185776242244,-0.044125904963402046,0.22049137784043743,-0.04413821270483431,0.2204720784880145,-0.044149859461992375,0.22045309682417233,-0.0441600643680468,0.22043732158083246,-0.04416948220017263,0.22042213648247086,-0.044176743647818095,0.22040800701842644,-0.04418421675451366,0.220393883436466,-0.04419053751673346,0.2203804803465558,-0.04419619815800255,0.22036774105419735,-0.044199885369226456,0.22035778058862612,-0.044202152011230386,0.2203490107475968,-0.044203687752258206,0.2203404626085345,-0.044206585072441296,0.22033288765192766,-0.04420913955868522,0.22032553681620062,-0.04420441927441551,0.22032247873024208,-0.04419946015626186,0.22031942679327737,-0.044196643179776146,0.22031790983989688,-0.04419410427715584,0.22031640759704255,-0.04419701969354216,0.22032094865685448,-0.044203440104672795,0.22032841687815297,-0.04420946786545668,0.22033597640203248,-0.044217383114453224,0.22034394645250288,-0.04425049075217197,0.22036306818946602,-0.04429383968712483,0.22038274070614425,-0.04433839299809572,0.2204024294793246,-0.04438173984648336,0.2204231075339379,-0.044425145012912726,0.22044381348335312,-0.044469682148395834,0.22046464788055858,-0.044516154940465735,0.22048580111729202,-0.044562418086365824,0.22050697125221114,-0.04460915268689311,0.22052838724384954,-0.04465755541410543,0.22054988264705544,-0.0446545312810002,0.22057218575987417,-0.044652583535375906,0.22059460488796595,-0.04465184912521333,0.22061714632906207,-0.04465815927286619,0.2206412413264797,-0.044664237070037735,0.22066533489590656,-0.04467228245740204,0.2206900014100715,-0.04468120452745139,0.22071478369612238,-0.044690654074503344,0.22073971611516074,-0.04470282721455907,0.22076582237259046,-0.04471504892959201,0.2207919631143272,-0.044726836699181184,0.22081861148284296,-0.04474059470638344,0.22084535323707052,-0.04475455593199424,0.22087212536728879,-0.04475691440293386,0.22090208671293626,-0.044756907083196046,0.22093297212914814,-0.044756533206843654,0.22096395474936953,-0.04475617371443582,0.22099493619923097,-0.044755013087085335,0.22102630615905203,-0.044754071531499365,0.22105768151788546,-0.044752790404369316,0.22108917750915907,-0.044752524552933444,0.22112104013925776,-0.044752596808133246,0.22115302372525575
Faroe Islands,64,All pasture-based animal products,0,2023,96.0077,8160.96,,3.445017659731563e-09,1.797156493980435e-07,0.02,0.7,1.6583454104102113e-05,0.00041871407269324475,1.6583454102381268e-05,0.0004146630322784788,1.6583454100660422e-05,0.0004105720229209506,1.6583454098939576e-05,0.0004064398377034669,1.658345409721873e-05,0.00040226520771679896,1.6583454095484224e-05,0.00039806855825565564,1.6696684326316606e-05,0.0003937544113261106,1.6888472371228347e-05,0.0003894093188017139,1.7201111555619126e-05,0.00038505488330674374,1.7796917496575612e-05,0.0003808620768263575,1.8278881263254798e-05,0.0003766532699849068,1.8758150970580884e-05,0.00037238894817473076,1.9317469120345467e-05,0.0003680844583964318,1.9897382943837288e-05,0.0003637216130707262,2.0548402976852415e-05,0.00035931044220855894,2.1278340937662984e-05,0.0003548514922345446,2.210203301235519e-05,0.00035034857843552875,2.3605197770563518e-05,0.0003467652621769173,2.4743289055613e-05,0.0003435054809429236,2.5957726768400705e-05,0.0003401869217377907,2.719362819491149e-05,0.0003367941377256716,2.8492221164233707e-05,0.0003333332433691457,3.0022656472153972e-05,0.00032991339104588213,3.153888370812047e-05,0.000326411393877009,3.311749285913262e-05,0.0003228332132101092,3.4751975047059335e-05,0.00031917410157779254,3.6423157616727396e-05,0.00031542684636651523,3.816272710311801e-05,0.000311595573255639,3.997782158024694e-05,0.00030767884044239887,4.186816943161606e-05,0.0003036725821618505,4.381284908600122e-05,0.000299566772225412,4.582641963154783e-05,0.0002953606521452523,4.788831984610002e-05,0.0002910442976995438,5.000766166130276e-05,0.0002866143939787359,5.212977874744895e-05,0.0002820695080253304,5.410415150330103e-05,0.0002774062857661287,5.6152805656716e-05,0.00027261473294183235,5.820574909274408e-05,0.0002676926039419837,6.03325754417643e-05,0.0002626259157387241,6.252536290448485e-05,0.0002574033435406728,6.486883941274346e-05,0.0002520160066097425,6.769370130682193e-05,0.00024645277034735674,7.059402853434909e-05,0.0002407013256159001,7.357581125269836e-05,0.0002347483902926339,7.665731997668539e-05,0.0002285818895802577,7.983920067554493e-05,0.00022218315082894803,8.306542965515488e-05,0.00021551666156857546,8.637526837613775e-05,0.00020856375429614412,8.856146050212528e-05,0.000201292063527435,9.06841626086646e-05,0.00019366439066554263,9.286285714208385e-05,0.00018562849397945442,9.511982876650042e-05,0.00017713533178986585,9.739640122663663e-05,0.00016810712400267198,9.97154756926969e-05,0.00017796596686667717,0.00010203737556038674,0.00018729649829257966,0.00010423796487645831,0.0001961744589705444,0.00010660150294482879,0.00020469026531003438,0.00010888115816437956,0.00021287736734375845,0.00011119627592982319,0.00022075823480029584,0.0001109311291123751,0.00022837338008991883,0.0001107017596248919,0.00023574112979301914,0.0001106750385882555,0.00024293685791362574
Fiji,66,All pasture-based animal products,0,2023,193.1,18048.0,,8.951332249739373e-06,0.00048744969937648006,0.02,0.7,-0.0028431210802596085,0.0200142663731,-0.0028177281056608883,0.019792329219878717,-0.002767633256982524,0.01957056548394652,-0.0026018722308096195,0.019414078189971935,-0.00243675382129957,0.019254854822058177,-0.002268035567617066,0.019092880530145528,-0.002095126590035714,0.018928102348307902,-0.0019746653273880407,0.018771360888442647,-0.0018829903783996738,0.01861787969194659,-0.0017526159250042146,0.01846767023184711,-0.0016006122144612764,0.018316224212298955,-0.0014347063024146463,0.01816159877067313,-0.0013697436401276589,0.018008581781714387,-0.001319648193294656,0.017852260410524123,-0.001261876675401813,0.017692651606965357,-0.0011621717259797113,0.01752963628356038,-0.0011332589622699814,0.017367233093437632,-0.0010935831154607542,0.017201120737151392,-0.0010744447008714376,0.017031548097408294,-0.0010696511747887681,0.016858183910504317,-0.0010257144277317602,0.01668288136044182,-0.0009055726819980729,0.016512942232560956,-0.0007457873638861585,0.016341483987947554,-0.0005810361810729536,0.01616548598123953,-0.0004932374438276713,0.01599841904949991,-0.0004501828198933064,0.015831680904463068,-0.000409466743411622,0.015659909725726937,-0.0003633953930606386,0.01548301627958572,-0.00033506618847395635,0.015301888066394596,-0.00032950390330359087,0.01511731224484978,-0.00032223306813322465,0.01492768989326906,-0.0004384293551975611,0.014781527808140278,-0.0004289408347185233,0.014682127064568222,-0.0004085956846192444,0.014576779837717713,-0.0003841245024205519,0.014465019072273162,-0.00038069167806598233,0.014348050273843541,-0.00038524322314653604,0.014224500650492668,-0.0003926796753903764,0.01409401588290648,-0.0004093534053441725,0.013956640218045675,-0.00042129454597969023,0.013811963665220346,-0.0004262257360817019,0.013659833199024345,-0.0004306387048955713,0.01349984217253254,-0.0005413624920907563,0.013364802748246158,-0.000582174880087961,0.013236072190774373,-0.0005875063954421206,0.013102422314238974,-0.0005891562070473465,0.012959903727975177,-0.0005885643286120001,0.012808194152535942,-0.0005848186067860948,0.01264697611170476,-0.0006539369223728733,0.012957968513983249,-0.0007110922841171157,0.013262579204973245,-0.0007658535051360179,0.013558707821796976,-0.0008338702766092793,0.013850050140116543,-0.0008894377792240523,0.01413686615035949,-0.0009212783411927307,0.014427801984871596,-0.0009757131779012386,0.014721114400901982,-0.0010298233337252332,0.015008146624161021,-0.0010756070908594598,0.015290558180570082,-0.001134477951493006,0.015570406557967667,-0.0012086870934485214,0.015849075713281938,-0.0012616288089677455,0.016125449722711446,-0.0013034851844878148,0.01639748588773155,-0.0013235679805678059,0.016666718987365003
Finland,67,All pasture-based animal products,0,2023,799.0,2325500.0,,0.004199854563161706,0.208687224621446,0.02,0.7,2.728326906893411,2.4071888766978007,2.728335854923113,2.4063285593450017,2.728421555410617,2.40554481437914,2.7285430944770974,2.4047977097677693,2.728669214578134,2.4040531027032523,2.7288121850869866,2.4033209225268584,2.7289944668905903,2.402620446697246,2.7291782872663717,2.401932919965385,2.729357471659714,2.401255080591733,2.729765806623492,2.4008494215446468,2.7301772802702176,2.400444069462581,2.7305926922183485,2.400039299669147,2.7310078924354446,2.399652532691016,2.7314253154809762,2.3992657336589325,2.7318495815316166,2.398881678012917,2.732464034311866,2.398581859207783,2.7331042364569185,2.3982845739083114,2.7337523562521273,2.397988433088973,2.7344312104372013,2.397700933278605,2.735145972159605,2.3974296772203703,2.735857690246265,2.3971695717814376,2.736569281513528,2.3969091474625577,2.7374341187587206,2.3966860679499167,2.738313303627244,2.396466482523814,2.739228778568715,2.396303096936994,2.7401463851320496,2.3961397182108626,2.741078282340121,2.3960316217353568,2.7421432434881234,2.3960907340002016,2.743216408760067,2.3961513396408485,2.744361425079072,2.3962529383723945,2.74582036738244,2.3966640357622793,2.7472914744213246,2.397114915543929,2.74875733798971,2.397565615281208,2.750261196115386,2.3980507956731696,2.751733858559114,2.398545166054065,2.7531956080271778,2.3990415845244355,2.755315295268453,2.3995590379664025,2.7574347079637382,2.4000762020347985,2.759547182029366,2.400599428953721,2.7616027251914868,2.4011559122222277,2.761274180298544,2.4017808832434295,2.7609622360646933,2.4024093086425946,2.760648253817807,2.403046733118045,2.760332435045399,2.4036840771051273,2.7600159908624002,2.404321200801798,2.759699424167117,2.4049580114838625,2.7593974966399495,2.405605537271776,2.759096745754189,2.4062618256400885,2.7588285900124028,2.406930719708448,2.7585670753958307,2.40760386962251,2.7583049713944945,2.408279065453037,2.7580484615198335,2.408955097035154,2.757836441619683,2.4096512579373615,2.7577231811253338,2.4104160300561532,2.7576336935260977,2.4112064937944098,2.757549548451595,2.411997889182747,2.757465910444015,2.412789217380218,2.7573811423606265,2.413580901587744,2.757296378845235,2.414372421970241,2.7572512755349914,2.415183368365015,2.757248880375495,2.4160387907352736,2.7572496720063926,2.4169077684086813
France,68,All pasture-based animal products,0,2023,12748.994,25262120.0,,2.6515251251817734e-05,0.0013445636159039047,0.02,0.7,0.0905508020621266,0.17969138854028488,0.09055169461478121,0.1796199576248299,0.09055405835422656,0.17955135485765242,0.09056342315692005,0.17948462565397902,0.09056291277223899,0.17943049086144505,0.0905555523318223,0.1793804668695118,0.09053897834092985,0.179340084941616,0.09052133469592105,0.17930523499806372,0.09050524263278252,0.17927145777961334,0.09047933621242452,0.1792383285689939,0.09044657324288057,0.1792054479129385,0.09041845076891974,0.17917727445079276,0.0903921677740419,0.17914941909721693,0.09036879736633681,0.17912186115315842,0.09034481335078291,0.17909430346879182,0.09032049008052696,0.17906673054408648,0.09029863333557964,0.17903933869738395,0.09027988748919175,0.1790132739270226,0.09027060140851861,0.1789958126516957,0.09026418659060587,0.17898015322480387,0.09025785683546624,0.17896446512487119,0.0902538175669182,0.17894907443060296,0.09025193933551937,0.1789343903908508,0.09025172792481298,0.17891980217674144,0.09024584269619637,0.17890795683064062,0.09024172908445406,0.17889641650623112,0.09022889423030173,0.17888889326745006,0.09021208153865184,0.17888485924745864,0.09019697941671126,0.17888188290980686,0.09018115557686862,0.17887889115386893,0.09015747876999988,0.17890661634141095,0.09013028463053954,0.17893634026023805,0.09009394329904594,0.17896762863327514,0.09005949884766377,0.17899907887254493,0.09002578412532991,0.17903054057448545,0.08999061931234943,0.17906270712839162,0.08995365107692797,0.1790952184053925,0.08991551879267914,0.17912787274804115,0.08987696202257535,0.17916052591099044,0.08983848379550866,0.1791931489650039,0.08982687435705046,0.17922584212852666,0.0898175393276342,0.17925923466448138,0.0898087583904298,0.17929478364382717,0.08979940112418962,0.179331040198438,0.08979222204274877,0.17936790517540363,0.08978788928905095,0.17940680472821535,0.08978350888772865,0.17944567811248818,0.08978081950978423,0.17948743323759828,0.0897789358393946,0.17953466134485904,0.08977777393906006,0.17958381873638343,0.08977898968410739,0.1796384607395154,0.0897793445548088,0.17969452438833097,0.08977653700221672,0.17975152410155476,0.08978313977131047,0.17981562191530764,0.08979045618267914,0.1798796972222826,0.08979340871847803,0.17994490149497372,0.08979610459283267,0.1800102930822201,0.08980161781719546,0.180077662439284,0.08980224834312811,0.18014505926524788,0.08979780792503493,0.18021247198505239,0.08979552295128396,0.1802814667479326,0.08979343229664986,0.18035090059091177
French Guiana,69,All pasture-based animal products,0,2006,7.4,592.0,,0.00036129368112610864,0.017259889982077052,0.02,0.7,-0.21446753377335734,0.12189720888442471,-0.21449551095622907,0.12045510322043024,-0.2146242801103002,0.11902493872033479,-0.21477515500877814,0.11761819994402169,-0.21523719798693158,0.11631110624742005,-0.21589841471011548,0.1151503699215933,-0.21657439424812405,0.11397004004647594,-0.2172562777364507,0.11279398736337701,-0.21821900168732333,0.11169596174060066,-0.21917267371568294,0.11057729686730257,-0.2179509239849701,0.10956430775607295,-0.21671988476237447,0.10853346912182416,-0.21550370190758392,0.10750976249409583,-0.21505787763555348,0.10676676475185175,-0.21467383506499715,0.10601105899946653,-0.21366287390354782,0.10564878766501204,-0.21378423196927648,0.10593351614125741,-0.2132910250378851,0.10626173793751449,-0.21296746136170505,0.10669909138964775,-0.21172491194666498,0.10722240395966447,-0.21038450739344144,0.10772049146432407,-0.20936137784890707,0.10820846387015111,-0.20833810991719667,0.1086913398767953,-0.20704264219754634,0.10918100694084525,-0.20621375467498054,0.10997586743278884,-0.2055083885063133,0.11086240032442927,-0.20503586379914304,0.11180779832359578,-0.20352323792542876,0.1127927962628014,-0.20223003557644648,0.11383408060828226,-0.2012683312084909,0.11488082799411363,-0.20053008220242186,0.11598906355226614,-0.19991906268215626,0.11711812711932752,-0.19951970373769726,0.11824977748102848,-0.1991557839669433,0.11936908668100542,-0.19866492292546686,0.12063981294657258,-0.198245422163529,0.12198397445476429,-0.19781529513487406,0.12331666796073341,-0.1973892092796728,0.12463215918678923,-0.19695250946731774,0.12593656991364172,-0.19683290074521148,0.12722728467411215,-0.19668086801375656,0.12853235086504053,-0.19652312784144546,0.1298227481484198,-0.1965187960970053,0.13115831902828154,-0.19651876389865847,0.13247966591243773,-0.1965294828155263,0.13382913339572425,,,,,,,,,,,,,,,,,,,,,,,,,,,,,,,,,,
French Polynesia,70,All pasture-based animal products,0,2023,1.6332,774.33,,6.329635530040014e-05,0.0025071605754774717,0.02,0.7,0.1181225269090942,0.0670946698770112,0.11809840643352365,0.06662241183318679,0.11801409354673342,0.06615643024536255,0.11787900269315577,0.0656930925691408,0.11771250368841901,0.06523331377371487,0.11751486913058706,0.06477699264508474,0.11729207074487707,0.06432078306164624,0.11704446641635491,0.06386452919327523,0.11676214517491396,0.0634168438256704,0.1164442216818915,0.06298741281327956,0.11609155801094478,0.06256864329679973,0.11570731438306636,0.06215491268321504,0.1152888738335261,0.06175414348447329,0.11484106459898621,0.061356553642015754,0.11437174650108012,0.06095756409643584,0.11390036916955718,0.06055417022212076,0.11339785981552564,0.060158029932832445,0.11289001473549548,0.05975742013447027,0.11236737492881119,0.05935338388576142,0.11182069571868294,0.05894933813930128,0.11137010555577306,0.05855796015833739,0.11094472017533402,0.0581636532809986,0.11078936751856498,0.057839243320026566,0.11084017285602844,0.0577294468080477,0.11090438817319305,0.05761515636764244,0.11095045761350364,0.05749844036668248,0.11104646975474004,0.057383432681410135,0.11120304079771345,0.05727270887027741,0.11133748729124786,0.0571646549413433,0.11145943021027886,0.05705258404818914,0.11168075556723972,0.05695607881768329,0.11191437702676532,0.05685490592813915,0.11227712045768892,0.056779413612131124,0.11264245452484696,0.056698494176802686,0.11305324499300426,0.05661935686296966,0.11351004903487197,0.056542342994835605,0.11395611831572104,0.05646154905413639,0.11485843235364743,0.056536187043932366,0.11591381291752997,0.056736606964509925,0.11697914575178436,0.056932323249209334,0.118129657608981,0.05712712783400597,0.11947470312640104,0.05737627566797655,0.12082147503997859,0.05763914916680926,0.12216723302839737,0.05789680840388323,0.12351859479889313,0.05814970018585741,0.12486787466502672,0.058397605893654995,0.1262346661600719,0.05866284837978734,0.12761723197052444,0.05892595520032654,0.12899948998709823,0.05918417043420046,0.13045299092999368,0.05946186541334725,0.13193473015879068,0.059751040437661995,0.13344174687624905,0.06005181293255067,0.13494275656665816,0.060442526028153074,0.13647210143245433,0.060829766075522235,0.13791308131504806,0.06124552667810935,0.13942182623460936,0.061660071962195785,0.14082946618164055,0.06207929991851108,0.1423297741690843,0.06249762603514721,0.14368114536849552,0.06292027159731262,0.14513525652453008,0.06334083323025094,0.14658882020246344,0.06375745330746882,0.14744735929683417,0.06420930739108846
Gabon,74,All pasture-based animal products,0,2023,1693.8015,12826.18,,3.66328407098126e-07,1.9070101783070862e-05,0.02,0.7,-0.0006215749689613727,0.0043615137947061915,-0.0006254521001005132,0.00432050966943489,-0.0006297254536740769,0.004279102912707272,-0.0006328720629528665,0.0042373794923507326,-0.0006389245604327071,0.004195880906538096,-0.0006406979147227678,0.0041556551202432635,-0.0006422697317055262,0.004114965181815388,-0.0006432863277284597,0.0040738193713941604,-0.0006505713755869018,0.004034941627926486,-0.0006619016723470152,0.003996747958770776,-0.0006717387980301279,0.0039582138973772805,-0.0006794566601013219,0.0039195151615092315,-0.0006895893505935074,0.003880687578400696,-0.0007042716897760525,0.0038427146224711806,-0.0007228773634199138,0.0038052158900884563,-0.0007349902217372657,0.0037710998131540844,-0.000746295220167165,0.0037364083887546705,-0.0007568759399415332,0.0037011136938376295,-0.0007673781849227203,0.003665157629117451,-0.0007775985139194799,0.003628525926634593,-0.0007881215193304557,0.0035911984399604646,-0.0007981126382937075,0.0035531670791568467,-0.0008108046480933516,0.0035148646446581475,-0.0008226251892023309,0.003475844288827813,-0.0008299621075605123,0.00343767192284668,-0.0008315896738513445,0.003401469119074657,-0.0008326552071904743,0.003364435535263851,-0.0008331032530754913,0.0033265469823532856,-0.0008345375799751947,0.003287809394703247,-0.0008338835086714341,0.0032484355506613026,-0.000876910331605377,0.003286336208933996,-0.0009196485630811558,0.0033233114439223193,-0.0009617169121049036,0.0033594419204113755,-0.0010031093209862496,0.0033947601259115,-0.0010260822090835927,0.0034321330125724335,-0.001037604836134128,0.003474086031991371,-0.0010472915887054957,0.0035153523972006498,-0.0010560165226039648,0.0035558777739521695,-0.0010632913947523487,0.0035957308834345847,-0.0010755102869104425,0.003635640341003111,-0.0010624497323859703,0.003674983396483872,-0.001047527444196573,0.0037139748429224407,-0.0010317407894492453,0.0037524638529592472,-0.0010153940282586062,0.0037904199987625754,-0.000998600741991627,0.003827789933395128,-0.0009809033307792785,0.00386542651176882,-0.0009676219639924433,0.0039041523495598174,-0.0009536486362871335,0.003942397203578286,-0.0009387546479749667,0.003980293354042654,-0.0009234055748689073,0.004017786202267379,-0.0009034387242452598,0.004054957340778702,-0.0008803672421953874,0.004091700689431651,-0.0008545574988776962,0.004128021913922743,-0.0008300553966492864,0.004163992969233658,-0.0008069442995285493,0.004199646652832662,-0.0007866980708754491,0.004235318017921345,-0.0007681735066522943,0.004270743493429963,-0.0007601675832049344,0.004312384564200322,-0.0007540248070206791,0.004353925539560252,-0.000749468262730907,0.004395217793385764,-0.0007464188616360882,0.004436305458524602,-0.0007448944372599705,0.004477205807781947
Gambia,75,All pasture-based animal products,0,2023,235.15019999999998,52612.44,,2.2627107979857717e-05,0.0011614540696931555,0.02,0.7,-0.009305458749380047,0.031721127095468184,-0.0093098066008718,0.031362839556945535,-0.009323908562363037,0.031002259473477796,-0.009337592474293416,0.030637386919276945,-0.009351408710783521,0.03026806308887041,-0.00936488088476306,0.029894125132582716,-0.009377972548887836,0.02951539810763684,-0.00939335442601369,0.029131797185785836,-0.009409814146875445,0.028743041243006348,-0.009431159276049067,0.028349345027571454,-0.009452849197653268,0.027950031944902413,-0.009475510246189534,0.027544873466301266,-0.009493256322778643,0.027134087017060122,-0.009505017527077816,0.026717631360825115,-0.009511770132035215,0.02629496509023449,-0.009512889249313351,0.025865888204547625,-0.009507271258582674,0.025430316346322913,-0.009495595812582205,0.024987669647835834,-0.009477808728859019,0.02453752743810816,-0.009453908925589727,0.024079416764738532,-0.00942309931546334,0.02361302116992992,-0.009386387629645443,0.0231375238040094,-0.009344060878617333,0.02265223893932835,-0.009288775448803258,0.02215917202272418,-0.009233509055479039,0.02165433405524148,-0.009176861370325695,0.021137069408392665,-0.009119600408294251,0.02060627472393665,-0.009061268989195709,0.020060946630054463,-0.009002038711772714,0.019499823105284454,-0.008940664160299781,0.018921886145531055,-0.008911903609330135,0.01946673474888216,-0.00887795369409677,0.01999460802995281,-0.008839576766948541,0.020506745019683813,-0.008810190085006248,0.021004377569123312,-0.0087838163745787,0.02148854661803889,-0.008760563591958037,0.021960174991473597,-0.008756946786398845,0.022420085874527724,-0.008748873639536317,0.022868962675568306,-0.008752906795712728,0.023307525058422922,-0.008886882290933647,0.023736374613155666,-0.009018229682270704,0.024155675485168938,-0.00914893595806649,0.024565968434415345,-0.009264995657360865,0.024967648311387793,-0.009380861989530876,0.025361122537319317,-0.009497039895110101,0.02574721631879131,-0.009608675589194664,0.02612621422830029,-0.009738033151290005,0.02649850241155909,-0.009846956159752073,0.02686419856231016,-0.009950701377039498,0.027223322356789655,-0.01004111754137059,0.0275779362206725,-0.010131840237271098,0.027926478421014277,-0.01021934559952736,0.0282695640768496,-0.010304699504186813,0.028607747448373175,-0.010389409840113115,0.02894047232283399,-0.010472044332184991,0.029268013887105954,-0.010545848064523666,0.02959538405271532,-0.010617556989122541,0.029921859870164123,-0.010664413869926717,0.03028200381651938,-0.010693405630090344,0.030644655950457282,-0.01071267467281487,0.031008697394442737,-0.01072569137188015,0.03136938393007303,-0.01073235986459243,0.03172690294941313
Georgia,73,All pasture-based animal products,0,2023,1945.9,619858.75,,1.9111443943260845e-06,9.741111859797194e-05,0.02,0.7,,,,,,,,,,,,,,,,,,,,,,,,,,,,,,,,,,,,,,,,,,,,,,,,,,,,,,,,,,,,,,,-0.017658331275743677,0.025369730184884347,-0.017653797804978555,0.025332048770325313,-0.01763017323791459,0.025298124608338756,-0.0176164820147601,0.02527054055428016,-0.01760862904027991,0.025246558604883815,-0.01761397678912465,0.02522744167802047,-0.017619154033021167,0.025208268644004963,-0.017601015925431673,0.025191000067980467,-0.0175818514099821,0.025175681683940264,-0.01757384631898251,0.025165874955021462,-0.01756762950713387,0.025156468675775066,-0.01756233120795351,0.02514714737870101,-0.017555838196295102,0.02513827879796705,-0.017549135904163425,0.025129362645790732,-0.017549317903692838,0.025145983806118245,-0.01755016423870771,0.025162626284517604,-0.017551577340822754,0.025179270123945385,-0.01755429169108209,0.025209017825564242,-0.017559895927966376,0.025239722419802497,-0.01756431535797788,0.025270870212854905,-0.01756820151629764,0.025302034044287255,-0.017572996364214624,0.025333264595487175,-0.017573889173503155,0.025365031384200584,-0.017573515500734847,0.025397832258688535,-0.017572049160630904,0.025432639337013056,-0.017569535397061423,0.025467882040172862,-0.01756959559757218,0.025503964739168727,-0.017569298050861652,0.02554002480459834,-0.01756870765041348,0.025576050332321985,-0.017569119195946104,0.02561219048351284,-0.017568061275515273,0.02564928588252356
Germany,79,All pasture-based animal products,0,2023,7463.0,35049620.0,,2.6747677353794425e-05,0.001348680971165449,0.02,0.7,0.15596002936142828,0.21545491377556514,0.15595994442343367,0.21539283471741122,0.1559598292366171,0.21533299016203086,0.15595920537442176,0.21527320442773998,0.1559547039482403,0.21521626722089676,0.1559514630554939,0.21516042338600064,0.15594950271377392,0.21510536082542794,0.15595580837178374,0.21505201615192662,0.15596210843479585,0.21499865354566905,0.1559613144123127,0.21494657561581715,0.15595507508088308,0.2148973707752373,0.15595127877906625,0.21484875633951275,0.15594671827453924,0.21480018636078452,0.1559503266951231,0.21475317196820548,0.15595354229371144,0.21470615311482105,0.15596158646120478,0.21465990199458587,0.15596994869297343,0.2146136447420128,0.15598881354862512,0.21457131326413542,0.1560113514095885,0.21452997423933357,0.1560408744867109,0.21449143368543394,0.15606989324250387,0.21445296642883546,0.156098598456367,0.21441450470372972,0.15614545817355066,0.214386526722432,0.15619147864612085,0.21435891171862448,0.15623614084427717,0.21433171062303116,0.1562861417555469,0.2143070888077486,0.15633439070081384,0.21429855959150068,0.1563811955556103,0.21429213833523914,0.15643009640725167,0.21428610754224225,0.15647575819757467,0.21428576409989847,0.15645946866984684,0.21430740801600476,0.1564328476500274,0.21434087770195107,0.15640639874583667,0.21437464282923122,0.15638160322013914,0.2144097210541414,0.15635794148449433,0.21444645811101792,0.15633456183353966,0.21448322809007206,0.15631090225098954,0.2145202755487191,0.15628752949506033,0.21455871225827386,0.15626057766821963,0.2145972826714113,0.15623170223490007,0.21463604691540494,0.15624274244166383,0.2146750358716085,0.1562497059322747,0.2147152554526385,0.1562557849791314,0.21475636450922506,0.1562649169251484,0.21479820675856623,0.1562742481394038,0.21484003331264115,0.15628999414430533,0.2148834738953057,0.1563031157920125,0.21492723411318387,0.15631543525202266,0.21497104715261076,0.1563273631097947,0.2150154345551466,0.15633598686909578,0.21506027968348906,0.1563355240302072,0.2151063258892425,0.15633553914631518,0.21515247928456557,0.156339227047306,0.21519951346573843,0.15633685309448467,0.21524997246437427,0.1563354691792631,0.21530046931810562,0.15633469959554366,0.21535103147345994,0.15633353035893935,0.21540181444035217,0.15633023838641572,0.21545291762828556,0.1563286753212127,0.2155041078062775,0.15632765024092946,0.21555530668493322,0.15632225933429827,0.21560908646507723,0.15631040913201494,0.21566332289438037
Ghana,81,All pasture-based animal products,0,2023,5701.6552,186997.89,,1.747581114583859e-05,0.0008845448127539226,0.02,0.7,-0.05771596811682547,0.11112881048357483,-0.057713260229999064,0.11105220325892924,-0.057710617576012035,0.11097554089225418,-0.05771292473752941,0.1109009482305744,-0.05771438093026746,0.11082641948645597,-0.057716122724076106,0.11075184589209659,-0.05771992934257213,0.1106776903067263,-0.057727471900884675,0.11060480671951806,-0.057744506457805655,0.11053776375082272,-0.05775878699369539,0.11047282229223888,-0.05777147268437019,0.1104083149310199,-0.057781988776355694,0.11034481400528473,-0.05778985071335557,0.11028316538835686,-0.05780727644086073,0.11022740385483257,-0.057825996410585195,0.11020177275088744,-0.05784339568788478,0.11019616638568418,-0.05786249288577498,0.11019083457508408,-0.05788160419051087,0.11018544572672279,-0.05790478846612089,0.11018152722162802,-0.05794452096530108,0.1101907473960345,-0.05798681478670892,0.11020060064729703,-0.05804263144837194,0.11022028367328283,-0.05811266858940939,0.1102505353040234,-0.058182022668699374,0.11028080451413816,-0.058250419658826554,0.11031117089596446,-0.058316254611507176,0.11034320374034047,-0.05838263569529938,0.11037521920984879,-0.05844639110626089,0.11040904578509032,-0.05850893249339518,0.11044307740076872,-0.05856856749839752,0.11047972849857975,-0.058643066593585966,0.11052761173726497,-0.058714382779338416,0.11057960632584406,-0.05878430426326125,0.11063190496775081,-0.05885284063332979,0.11068450232868765,-0.0589213355316859,0.11073704363193357,-0.05899848702773538,0.11079461219737581,-0.05907734245609119,0.11085235438330757,-0.059178326483925896,0.1109104543096113,-0.05927879091367016,0.11096862465246206,-0.05933081683442708,0.11103398231149722,-0.05935624480066825,0.1110998685067101,-0.05937938225181956,0.11116584129278924,-0.05941204219863443,0.11123187056092533,-0.05944818472430093,0.11129784966385295,-0.059477179034969234,0.11136409869345244,-0.05952318941257364,0.11143324059552628,-0.05957651946178061,0.11150241632888948,-0.05960416310260278,0.11157213314664437,-0.05963066787461266,0.11164179971292083,-0.05965597601908929,0.11171240377767011,-0.05966245487239917,0.11178715417082721,-0.05966934718844648,0.11186203907883904,-0.05967349138600194,0.11193764505381922,-0.059685180254090676,0.1120137748946689,-0.05969670175499537,0.11209053523476169,-0.05970787989028704,0.11216724315951773,-0.059707887747937845,0.11224410772309094,-0.05970531906496929,0.11232111468281962,-0.05970309356577594,0.11239806822148832,-0.05970492504012542,0.11247555386397294,-0.05970618855617351,0.11255303790230411,-0.05970647998176644,0.11263063192145155
Greece,84,All pasture-based animal products,0,2023,2476.0725,778150.0,,2.7808792090396737e-05,0.0011075522472134126,0.02,0.7,0.3462557217311231,0.0992435596863345,0.3464652027659892,0.09917576014127401,0.3466752188220353,0.09910782465191341,0.3468810110950231,0.09904054354365095,0.3471089703712025,0.09897365227664577,0.3471992376365045,0.09892401531955725,0.34730280376834965,0.09888311690155718,0.34741209815446306,0.09884248002786764,0.3475194871755604,0.09880345141013575,0.3476248898425796,0.09876639191071994,0.34773117229627437,0.0987291499278646,0.3478376425671271,0.09869170785260865,0.3480171680544293,0.09868422227815055,0.34820213872950745,0.09868214374195966,0.34839786918798843,0.09868783193027059,0.3485942149816344,0.09869332773126518,0.3488279141405404,0.09870480303726464,0.34907852443796994,0.09871830610048744,0.34932857653763294,0.09873161777574423,0.3495874193536813,0.09874560872771371,0.3498595506480711,0.09876099398968824,0.3501935896912636,0.09878782595673587,0.35053320910158375,0.09881489839382378,0.3509137595387745,0.09884879124836139,0.35130573361694123,0.09888377006100191,0.351703613173187,0.09891903035320675,0.35210051970191575,0.09895640181754507,0.35249547117726615,0.09899376277752729,0.3528883242636287,0.09903238849618766,0.3532907216354944,0.09907180596590781,0.3536950093141259,0.09911122161928759,0.35410343341991923,0.09915584750119504,0.3545113862623137,0.09920439441801204,0.3549227775296195,0.09925290890657293,0.35533111486665125,0.09930165949069254,0.35574138914967623,0.09935026943333926,0.35614737676688235,0.09939890705898256,0.35655189692327344,0.09944735931026469,0.35695545482869273,0.09949645183456811,0.35736196813601506,0.09954546958204931,0.3577703547059681,0.09959443293418452,0.3581958210640651,0.09964613552268013,0.3586202785322491,0.09969778933421644,0.35904698253969874,0.0997517117817383,0.35947397955846605,0.09980544341450254,0.35990491332331276,0.09985932086300085,0.36033422118978753,0.09991358099860626,0.36076234824183384,0.0999677313438508,0.36118854766707853,0.10002205374583531,0.3616125830340318,0.10007665170990154,0.3620370975399665,0.10013398993530934,0.36245948458414357,0.10019136104363371,0.36287983244950817,0.1002487180786765,0.3628145232867934,0.10035320785373185,0.36285430797895896,0.10047216717020027,0.36291611365112453,0.10059705825089359,0.36297717649901134,0.1007218644272464,0.3630308891861549,0.10084687791119751,0.36308259705108564,0.10097182026501142,0.36310912000285267,0.10109713320956346,0.3631207308959078,0.10122408790492575,0.36306824938237026,0.10135186073977417
Grenada,86,All pasture-based animal products,0,2023,1.3283,1214.1599999999999,,0.00022422970185612836,0.011540835785488092,0.02,0.7,0.059213197275886524,0.18845071922463963,0.05920967230641519,0.18801193035540284,0.05920457263611069,0.1875713973994053,0.05918597308561327,0.18715648100899324,0.05916227941931933,0.1867414337777062,0.0591245186238383,0.18637741959300372,0.059116293064024154,0.18603699275506813,0.05909431497292459,0.1857249918285659,0.05907143623120194,0.1854110752078735,0.05904346810610774,0.18509695188057834,0.05902738238148164,0.18478646395729487,0.05959154165356095,0.18449432465981155,0.06016166634722159,0.18420181106372727,0.06072056825560662,0.1839205969349436,0.06127731167010303,0.18363763997254853,0.06184723566193523,0.18335925115484422,0.06243293097701802,0.18308773130694306,0.06302021003496472,0.18281429272499392,0.06374036656288172,0.18274556678207568,0.06367265163386703,0.18268755072824275,0.06360736479446975,0.18262776756581844,0.063588767126028,0.18261434218853712,0.06363259278292421,0.18267249206116148,0.0637844603635564,0.1828849160580769,0.0639561447753299,0.18310811598657364,0.06414621547215456,0.1833406198894843,0.06432995904863935,0.18357404764790483,0.06452470514411207,0.18381020924471855,0.06471837540760766,0.18404441298209823,0.06491322618520269,0.18427667355166252,0.06510618089627858,0.18450713885219874,0.06529045556162609,0.18474231729897475,0.06547114918297907,0.18497632817389437,0.06564992015922919,0.18520857376061922,0.06582683610952669,0.18543904596207192,0.06600026093468199,0.18566833259639234,0.0661683091142927,0.18589772235782132,0.06633707774203178,0.18612518347336107,0.06650551972037315,0.18635070113372293,0.06670114896830664,0.18659558055829342,0.0668098517351022,0.18683958954818866,0.06691386327238472,0.18708317643779368,0.06701773852846293,0.18732484568417676,0.06711983450608772,0.18756522385960747,0.06721894163072237,0.18780462762847333,0.06731802982055768,0.1880421338815491,0.067408372351621,0.1882862350570068,0.06749087638986288,0.18854897656876202,0.06740293227882835,0.18883866658625514,0.06732049432000135,0.18913283377044465,0.06724632168182461,0.1894857620132179,0.06721946779629863,0.18989724057587254,0.06718966335451547,0.19031067027997015,0.06715304034752465,0.1907266184778551,0.0671127978097106,0.19114169477856796,0.06706778390731594,0.19155873624721195,0.06701959621739442,0.19197497813441713,0.06696557900698356,0.1923927366231391,0.06689743348259167,0.1928341203761951,0.06683237693126654,0.19327452080599888,0.06675478582493967,0.19375204081489894,0.06667763564678328,0.19422784367084261
Guadeloupe,87,All pasture-based animal products,0,2006,20.1,3059.0,,7.542654633814084e-05,0.003425982147433465,0.02,0.7,0.23280873778218591,0.1033379873117975,0.23280868707456545,0.10297239002702066,0.23264910683330842,0.10267594619217467,0.2321320861798517,0.10239690314850251,0.23162893953772978,0.10211972125558132,0.23089810969366875,0.10187907301008367,0.23015203883317004,0.10163735363638936,0.22941337870556738,0.10139563157372958,0.2287566091407866,0.10118005728533151,0.2281434258601182,0.10097635386502894,0.22754344707063046,0.10077424701748311,0.2269569711013114,0.10057381710317387,0.2264396375950904,0.10039468984974152,0.2260823473986961,0.10027238192797716,0.22574921597473663,0.1001487268399958,0.2254447434929599,0.10004388939609916,0.22513934304426605,0.09993772145585923,0.2249558639888436,0.09987325291575404,0.22476798460338257,0.09980741986970232,0.22464707316364924,0.0997620505172398,0.22452595390538935,0.09971787201688773,0.22440906034917152,0.09967284838984783,0.2243289696399718,0.09963721465013568,0.2242064251244033,0.09960047712914714,0.22410451623828967,0.09956381971666506,0.22395386359778244,0.09952936795760038,0.2237593994194119,0.09950634700927098,0.2235190199064827,0.099514562059453,0.22338231471574996,0.09952660932986901,0.22347627289683883,0.09980867567098281,0.22350859931117603,0.10010965631475109,0.22354600295611235,0.10041000095272096,0.2235936749611116,0.10071108028901632,0.2236260274680476,0.1010120269295085,0.22367976796350583,0.10131301419966683,0.2237497598097173,0.10162625832486709,0.22383274739496906,0.10194112040865264,0.22391452265694659,0.10225623842775268,0.2239947303771165,0.10257092408624575,0.2241022171338261,0.10288548071991159,0.22419059334798624,0.10319971857676544,0.2242166437058279,0.10356231505009526,0.22423054945551169,0.1039238879580921,0.22424325457225686,0.10428583095337923,0.22425501232712722,0.10464661844355262,,,,,,,,,,,,,,,,,,,,,,,,,,,,,,,,,,
Guatemala,89,All pasture-based animal products,0,2023,1875.0,743392.41,,7.869222517418093e-05,0.003864621826438538,0.02,0.7,-0.16315023888893251,0.11950302204081012,-0.16318385876736724,0.11919872697588856,-0.1633038312610244,0.11895556440463091,-0.16351297903706413,0.11877558380426229,-0.16379478737948644,0.11864807111475423,-0.16407707005020214,0.11852001263901361,-0.16439449892997238,0.1184162194661283,-0.16471478207777585,0.11831352649712779,-0.16508074493514924,0.11824273893574369,-0.16545260991581753,0.11817529621159363,-0.16582447516783472,0.11810691797509769,-0.1661968150225812,0.11803790153871145,-0.16657242757285837,0.11797014035308286,-0.1669514285164231,0.11790367805980444,-0.16733056231232749,0.11783633392469747,-0.1677391244056482,0.11778812799383001,-0.16815139459135087,0.1177413318692651,-0.16859892261814546,0.1177191774446171,-0.16906106650468591,0.11770567322220854,-0.1695953802497449,0.11773998341105728,-0.17013079569364878,0.11777393427902778,-0.17066900050349632,0.11780855672619404,-0.17127284403498108,0.1178836718132657,-0.17088984235130508,0.11799807718075447,-0.17055330022018317,0.11813251305512538,-0.17023470510450397,0.1182723285774992,-0.16991399076550204,0.11841298522690345,-0.16970191180979927,0.11855414265395524,-0.16948844050876108,0.11869462006331088,-0.1692800687743194,0.11883522536603888,-0.1690967991845715,0.11898480149589598,-0.16894122435775166,0.1191446953739192,-0.16880561284336387,0.1193054613461163,-0.16868197254788167,0.11948462557758814,-0.16855617652707966,0.11966431998304525,-0.16842831998528834,0.11984405828665835,-0.16831291212027547,0.1200244015684256,-0.1682799978054562,0.12023110730002044,-0.16829475036522323,0.12044942295043619,-0.16831877292091504,0.12066772999067539,-0.1683338051884902,0.12090892725716997,-0.16833696920121372,0.12116722520187902,-0.16832657130652656,0.12143743462431508,-0.16831992659917297,0.12170693986224654,-0.1683115342088621,0.12197562437825853,-0.16827180493126184,0.1222436450346271,-0.16822998161091052,0.12251091047073384,-0.16818468606980694,0.12277746728362651,-0.1681265622637365,0.12304584031843203,-0.16806198806803724,0.1233138434185794,-0.1679961559282853,0.1235810681430174,-0.16792489052061454,0.12384897878701703,-0.16785087891625486,0.12411633126669853,-0.16778186652294186,0.12439560775978561,-0.16771167903951456,0.12467424782014798,-0.16764164680281288,0.12495212448699497,-0.1675715740656497,0.12522921484263821,-0.16750222685515764,0.12550581189469848,-0.16743605717253315,0.12578338324838886,-0.16736997351031238,0.12606018851178652,-0.16730295461531192,0.12634126528643208,-0.16727739807658631,0.1266414553840053
Guinea,90,All pasture-based animal products,0,2023,10700.0,304477.31,,4.391862595475662e-08,1.9579298352011e-06,0.02,0.7,-0.010187419435627572,0.003894294245330137,-0.010187429666376221,0.0038886552250298793,-0.010187440141865034,0.0038830080976501283,-0.010187451543292937,0.0038773530868679317,-0.010187464461052655,0.0038716903807836157,-0.010187477704091317,0.003866019489548705,-0.010188622003776553,0.003860769475143619,-0.010189823649541047,0.0038555328114062877,-0.010192680686070035,0.0038509140863911737,-0.010195779540176114,0.003846378279014283,-0.01019915313134675,0.0038419376429794107,-0.010202667253843233,0.003837541440707665,-0.010206269603647313,0.0038331698909610883,-0.010210065184839913,0.0038288623514506244,-0.010213861517174945,0.003824546502915908,-0.010217659541609863,0.0038202226681579004,-0.010221560530704651,0.0038159286811883008,-0.010225493124511795,0.0038116378145942047,-0.010229535713521375,0.00380737924197666,-0.010233584814018162,0.003803114355952553,-0.010237722807640388,0.0037988737390046733,-0.010241877317962953,0.003794630455087564,-0.010246034971019464,0.0037903795102521526,-0.010250591829833608,0.003786267391227511,-0.010256733598987685,0.0037827318082798455,-0.01026648005865916,0.0037805167449463275,-0.010276313900663777,0.0037783249347096365,-0.010286394745699031,0.003776215000917611,-0.01029658851975012,0.003774137569244621,-0.010308831929621384,0.0037720614183257804,-0.010295080271098931,0.0037728466835393664,-0.010281455337875556,0.0037736694108864164,-0.010267999261659066,0.0037745451418156727,-0.0102548823139164,0.0037755365705323053,-0.010242380073835435,0.0037767453563596043,-0.010229927972412461,0.0037779636789207,-0.01021752481321309,0.0037791911334981157,-0.010205171443278222,0.003780428069921317,-0.010192865969114593,0.003781673823852874,-0.01018060056339306,0.003782925527348851,-0.01016833527178479,0.0037841683657761204,-0.010158193484039783,0.0037861925730736565,-0.010148099788611885,0.0037882258210717146,-0.0101380264671417,0.0037902578044206074,-0.010127977934222071,0.0037922901994849054,-0.010118039190265781,0.0037943548620056034,-0.010108127562303063,0.00379642086605549,-0.010098243463860344,0.0037984883968641583,-0.010090128190310799,0.003801212479466453,-0.010082582079199582,0.003804142201004357,-0.010075139729224776,0.0038071023122319705,-0.010067801075094321,0.0038100928682969415,-0.010060566148625088,0.003813113961165187,-0.010053412650554075,0.003816157219136986,-0.010047049670010817,0.0038194918718136655,-0.01004078577076089,0.003822855537243435,-0.010034623049612619,0.003826249093264706,-0.010028622315714775,0.0038296958075386594,-0.010022628872032202,0.0038331367206801414,-0.010019270266584675,0.003837576762178128,-0.010016015275095566,0.003842047957576569,-0.010012865313604328,0.0038465509389598407
Guinea-Bissau,175,All pasture-based animal products,0,2023,228.0731,28015.86,,0.00011268508770444938,0.005714408728124493,0.02,0.7,-0.1948417649239665,0.45822213157185226,-0.19484372532850328,0.4581026660120884,-0.194847646074295,0.4579866764262242,-0.194853527191374,0.457874161900704,-0.19486136872478865,0.45776512154931637,-0.1948691959758815,0.4576560522232405,-0.19487701713520203,0.45754695042930676,-0.19488544676039454,0.4574386940916454,-0.19489388419154846,0.4573304054729676,-0.19490242811235278,0.45722284556087944,-0.1949109643574796,0.4571152534937043,-0.1949223400659475,0.4570159823396531,-0.1949337079254362,0.45691667903627453,-0.19494510117047248,0.45681735023854386,-0.19495664996941817,0.4567189177498572,-0.19496819952691477,0.45662045194866674,-0.19497987778884213,0.4565227904829008,-0.19499154076491856,0.4564251004538152,-0.19500321804689225,0.4563273797919952,-0.195014946272889,0.4562296512930831,-0.1950266630018195,0.45613217587443733,-0.19503869594901174,0.4560361097540476,-0.1950506949050641,0.4559400559992031,-0.19506265991357874,0.45584401431043325,-0.1950748494474885,0.45574817788407124,-0.19508728807391004,0.4556535389738913,-0.19510263822931231,0.4555673727616443,-0.19512129488601923,0.45549069869830194,-0.19514337776258756,0.4554238226189579,-0.19516772269014493,0.4553637170300494,-0.19520334710086107,0.45530984440065503,-0.19523988122568378,0.45525909895356936,-0.19528513685341,0.45522618713562685,-0.19534208705599487,0.45521761900045715,-0.19539876582807386,0.45520922888307386,-0.19546876178707895,0.45521401395220745,-0.19554387408689922,0.4552187829043885,-0.1956052398737861,0.45522609594826957,-0.195674132112881,0.4552333952585524,-0.1957348278277824,0.4552406871609574,-0.19562721310028197,0.4552529855961567,-0.19550111454706737,0.45526567842682486,-0.19543516431321645,0.45529028612870015,-0.19537093510022796,0.4553157935625609,-0.19530076753827652,0.4553419133162483,-0.19523937022572466,0.45536950831940887,-0.19519536062708295,0.4554013715220964,-0.195210676500154,0.45547178210448,-0.19521809155579217,0.45554393481057703,-0.19521592482319208,0.4556172536190619,-0.19520165658069394,0.4556959102300647,-0.1951932025203886,0.45577523309490503,-0.19517461335391395,0.45585837318284383,-0.1951369319878976,0.4559583168720334,-0.1950886588191792,0.4560621036367552,-0.19502479649581,0.4561704887657916,-0.19496208057569347,0.4562802379951617,-0.19489968949657424,0.45639222056182677,-0.19488457155311195,0.45650724527982334,-0.1948701941082966,0.4566233521875726,-0.1948687282149295,0.45674452089395035,-0.19486798503694977,0.45686673991704074
Guyana,91,All pasture-based animal products,0,2023,604.6149,57922.9,,1.0164038600899957e-05,0.0004862605820326328,0.02,0.7,0.036245824397992954,0.02586513751814434,0.03623769578357164,0.025670541581994954,0.03622337997380129,0.02547555535480165,0.03620273826591397,0.02528020459595971,0.036176254007374356,0.02508421574648894,0.036200019768867824,0.02490158348803767,0.03621475547026595,0.02472690233798673,0.036223667685888625,0.02455144454787171,0.03624597547441463,0.024376211450993855,0.03627261404529102,0.02419946884727237,0.03634267871924559,0.0240326584104623,0.0364146882024294,0.023864047415854874,0.03649404838674157,0.023694226140032002,0.03671566232231236,0.023578013812597488,0.03693278802520371,0.02346029903059843,0.03715937016253268,0.023340635146220593,0.037343787912501404,0.023219916238459076,0.03736487699142905,0.023113023168226263,0.03711404860175415,0.023050546215838883,0.036741065327325524,0.022991706153562348,0.036352108591750275,0.022930814676397317,0.036031920747276056,0.02286886365792911,0.03571197146404016,0.022804753154865454,0.03538743175792616,0.022738937460727818,0.03505772757675485,0.022688563035485707,0.03472125014330735,0.022651267166282605,0.03437574966641419,0.022614964910543475,0.034021348769313745,0.02257939379915112,0.03366378610929446,0.02254177605353725,0.033302643471091575,0.022502162056025458,0.03293598199697602,0.02246098876439214,0.03256356957543015,0.02241831425055398,0.03219344857862674,0.022373425019718972,0.03192251704394444,0.022362430888573974,0.03167390499606767,0.022353410381451944,0.031546886061043146,0.022496607698057065,0.03141133203306043,0.022639769568646058,0.03127914860839961,0.02278086887629747,0.031165455685670286,0.022923045472791236,0.031054134815749417,0.02306316289885502,0.030971991991202725,0.02320209822961122,0.03091195594385678,0.02334333471016629,0.030853725877530117,0.023482595405755313,0.030797791646649367,0.023619952095130677,0.030744153287965696,0.023755434097050852,0.030693032631979728,0.0238891070180372,0.030644566015553612,0.0240209968493104,0.030599433380813126,0.024151203788196053,0.030556505573372923,0.02427966231960543,0.030513785559692193,0.024406317216585306,0.030501549518851933,0.024602742298852225,0.030490649661236057,0.0247974646794806,0.03047737616772524,0.024990623103615713,0.03045297970681916,0.02519097561343647,0.030424443562363655,0.025390106879309177,0.03040109855916778,0.02558808922617088,0.030381245526650433,0.025784734177459287,0.030364231122726938,0.025980009749223227,0.030348365277094086,0.026173835728649182,0.030335456110681572,0.02636637643155816,0.030326920175252372,0.026557818216206407,0.030323361738272884,0.026748277663761977
Haiti,93,All pasture-based animal products,0,2023,705.9427000000001,116307.11,,5.783306807868175e-05,0.0029446640548140527,0.02,0.7,0.007766576025834748,0.19774220271104276,0.007766399826012793,0.1975959252551189,0.007767590699221616,0.19745012658746672,0.007770312353212516,0.1973049520577398,0.007774715617503675,0.19716054907271713,0.007777323587966747,0.19701713334067353,0.007785531344873031,0.19688253302794573,0.007794217799337394,0.19674789647397747,0.007804166335031171,0.19661364964591888,0.007816214449401226,0.1964806465873411,0.007828578059305924,0.19634756520524987,0.007844475405250767,0.19621807683853829,0.007859434314281238,0.1960887691675204,0.007875490517529837,0.1959597283603782,0.007892799192306371,0.19583106635917855,0.00791227194089042,0.19570372250230347,0.007930564842401233,0.19557672957547573,0.007947944582049268,0.19544989975378427,0.007957626023523623,0.19534720769968425,0.007968176293535086,0.19524464069730985,0.007984108157839238,0.19515014491290703,0.008003513195160447,0.19505909174255343,0.008024542241446109,0.19496873785813423,0.008046889762199624,0.19487881011705396,0.00807209378999818,0.19479120441350356,0.008098191650981551,0.19470373569484686,0.008123175216722539,0.19461656366673544,0.008153783243802573,0.19453435066200206,0.008185522274711074,0.1944522416650848,0.008213102817755086,0.19437319939047487,0.008243739420821308,0.19429558516311823,0.008277937465877946,0.19421993332753287,0.008310460643590013,0.19414510702011217,0.008336360100035627,0.19408749285825308,0.008333709202643359,0.19406603547593687,0.008335194850348317,0.19404938281084355,0.008344578308277166,0.19404911459870855,0.00835747421569736,0.19405233095694874,0.008361563907443206,0.19408897889306936,0.008384263217680876,0.19420087306354542,0.00847012758895814,0.19431288593222354,0.008556334429306131,0.19442480587502867,0.008642769531503794,0.19453661917103987,0.008726560690403486,0.19464949074920146,0.008811438728441943,0.19476226358291765,0.008889855039829003,0.19487781903827184,0.008968366778454813,0.19499326273701337,0.009043426089544546,0.19510900482783958,0.009116165409061065,0.19522690367554288,0.009198677807233116,0.19534527868539162,0.009277633064368823,0.1954639755425719,0.009355648934400822,0.19558280727425612,0.00942840769979391,0.19570287583520796,0.009497983719990812,0.19582399111067048,0.009567283096887647,0.19594508913622552,0.009635119739800045,0.19606643239131916,0.009699773409912148,0.19618894593691427,0.009761313436720119,0.19631606670837703,0.009758112030385959,0.1964528139878492,0.009765558857536515,0.19659784462028046,0.009768491243298401,0.19674397771496793,0.009770406766968444,0.19689034708924666
Honduras,95,All pasture-based animal products,0,2023,2069.4021,768614.29,,6.465674134915562e-06,0.0003289443762755362,0.02,0.7,-0.01974990686106226,0.04749070218462616,-0.01975011310430136,0.04742258403160671,-0.01974966149903737,0.04735440866806202,-0.019750874215019046,0.04728635592527317,-0.01975164301185936,0.04721822254273989,-0.019754170073729108,0.04715023442572414,-0.019750184587348604,0.04709322517119044,-0.01974216768990464,0.04703828859562427,-0.01973558117810767,0.046983416224174325,-0.01972630211059133,0.04692926102217758,-0.019713525553447922,0.04687651955514735,-0.01970024684373746,0.04682369982570563,-0.019686906059119467,0.04677077863309424,-0.019678009716430613,0.046719087557895125,-0.019669253542006805,0.046667295707477185,-0.01965981474789215,0.04661544431761803,-0.0196519422685193,0.04656368376028844,-0.019638605181205956,0.046516924647632255,-0.019627708264390278,0.04647050726284064,-0.01961709892218322,0.04642399284082055,-0.01961031971342657,0.046378388371076405,-0.019610778709966047,0.04633576342644867,-0.019616742261052186,0.04629495821395693,-0.019622085941888818,0.046254082900169476,-0.01962564853713419,0.04621342309613759,-0.019631451894089543,0.04617303512567657,-0.01963191965517485,0.046137219562887584,-0.0196302586497486,0.04610177064756284,-0.019645095843159717,0.04606673207033113,-0.019609138875731208,0.04603472484979915,-0.019570735209771914,0.04600325412384292,-0.019530015116221253,0.04597224469127479,-0.01947006019716358,0.04594481264528936,-0.019398313671042576,0.0459324861382013,-0.019327097175780905,0.04592007525136822,-0.019249032945294828,0.04592335965018733,-0.01918144948224635,0.045928161823565176,-0.019107680014395684,0.04594045385713581,-0.01905995516224537,0.04596115170875979,-0.01901401913349445,0.04598190508148626,-0.018983136496577048,0.046002615738640486,-0.018913809599309876,0.04602471907316136,-0.01890340620525059,0.0460491275010579,-0.01889346509931239,0.04607343072447156,-0.018883983456034578,0.04609764022087401,-0.018863661569274853,0.04612900250667151,-0.018842989349154404,0.04616026844990802,-0.01882343720545835,0.04619143432837338,-0.018824333060912222,0.04624687983256113,-0.01882592780180326,0.0463023189987161,-0.018831425427177577,0.0463661390196372,-0.018836669188738497,0.04642987156545109,-0.018842747031511797,0.04649479504357747,-0.01885044156251916,0.04656020891367201,-0.018860684907499235,0.04662599004402127,-0.018862427967510042,0.04669215928392334,-0.018859224490605758,0.04675871075245489,-0.018855323061788765,0.04682562752566714,-0.01885385528922713,0.04689293192841903,-0.018849383039796514,0.046960471726010054,-0.01884441149226944,0.047028326442677085,-0.018841924397855453,0.04709654917912405
Hungary,97,All pasture-based animal products,0,2023,859.537,2053120.0,,2.9129388373391456e-05,0.0014304383170425565,0.02,0.7,0.15694489057047833,0.10768202646145107,0.15691472093262704,0.10755115016356344,0.1568826646276663,0.10742021644594449,0.15685379739841793,0.10728996973319624,0.1568135245265972,0.10716407697346818,0.15680123230052895,0.10706698479648964,0.15679398474558964,0.10698636647702194,0.1567866410822297,0.10690557541378878,0.15677973703517578,0.10682465853649574,0.15677325284561675,0.10674358837380238,0.15677525174838675,0.10666533766104509,0.15677547673514794,0.10658706629121646,0.15678434463358448,0.10652333365870541,0.15679165005719567,0.10646219996752744,0.1567994430156135,0.10640092471153559,0.15679779934643076,0.10634477341083727,0.1567767942930463,0.10630652140430183,0.15675993658094126,0.10628352914185565,0.15675263211203708,0.10626583770791563,0.15674535515372248,0.10625141218402044,0.1567432991985404,0.10624080952892484,0.1567393324876648,0.10623099193094,0.15673441617247874,0.10622169555147673,0.1567294505156556,0.10621222456059003,0.15672313058249365,0.10620397286007313,0.1567174014288771,0.10619577971666654,0.156713211809081,0.10618813892238062,0.1567098354936743,0.10618064622876987,0.156706381182238,0.10617298457456907,0.1567029436996642,0.10616520934468543,0.156742075085112,0.10619034276386223,0.15680008822614022,0.10622723838083253,0.15690072555604914,0.10628911120915054,0.15702371207988114,0.10636513378124828,0.1571448666092028,0.10644142353921975,0.15726695485303727,0.1065175899906468,0.1573878687639008,0.10659371664946936,0.157508305172038,0.10667538518558009,0.15762853952840172,0.10675688282449333,0.157788950618845,0.10683944529526124,0.15795425327838847,0.10692196882886297,0.15812138721492439,0.1070044492551025,0.15830359691024243,0.10709187857904821,0.15852413614024086,0.10719026955661873,0.15874420001797268,0.10728893287524167,0.1589383328485403,0.10739157705468712,0.15913261037294626,0.10749405143037542,0.1593269747503666,0.10759636458266343,0.15952886642776645,0.10770316258211282,0.15951332757104678,0.10781390900739671,0.1594980365317712,0.10792498296412378,0.15948448781244898,0.10804257017931776,0.15947801424934405,0.10816119405536179,0.15947158251915994,0.10828601423153851,0.15945830806772712,0.1084137357138388,0.15945629982996384,0.1085415693051387,0.15942262950256306,0.10867057452823513,0.15939159240585304,0.10879975021566637,0.15935949154413032,0.10892887128675174,0.15935586348922287,0.10905912134344045,0.1593353525288175,0.1091914917664318,0.15933242374855588,0.109324664919702
Iceland,99,All pasture-based animal products,0,2023,1632.0,173532.36,,8.340548022427844e-06,0.0004234580239512565,0.02,0.7,-0.03703903938021705,0.07353607997640126,-0.037044166924067506,0.07348304640869643,-0.03705143430896042,0.07343092333843913,-0.037060586005321874,0.07337952994185426,-0.0370728492890447,0.07332982507737466,-0.03708414551122724,0.07328702774507813,-0.037097134967732745,0.07324483209818936,-0.03710870725787937,0.07320591727387266,-0.03711885838940847,0.0731694165929935,-0.03710651820148545,0.07313343278497995,-0.03709339306231925,0.07309816242453332,-0.037079374310681916,0.07306521743250555,-0.03706509779909821,0.0730322685463828,-0.03704952447126638,0.073000765456239,-0.037036316358590025,0.07297059517727572,-0.03702374210966592,0.07294053035387912,-0.037010140590616074,0.07291195347308252,-0.036995879699078346,0.07288363436779728,-0.03698352080676899,0.07285618913506622,-0.036980499554318556,0.07283593413871266,-0.03697609701573072,0.07281749121517644,-0.03697243347372532,0.07279920627093237,-0.03696865288445343,0.07278088116060498,-0.036964893514422656,0.07276251109335019,-0.03696319503173786,0.07274498515191864,-0.03696056656117927,0.072728566015719,-0.03695650554221027,0.07271502454785005,-0.03695113903885426,0.0727061924132822,-0.03694489296060598,0.07270473128034985,-0.036942061342543346,0.07270521055349922,-0.03693969265179018,0.07270570820444404,-0.03693674507530153,0.07270630707430845,-0.036936346585755654,0.07272693188014656,-0.03693984961839189,0.0727499478966704,-0.036943340687968215,0.07277291881741685,-0.03694600733179253,0.07279654181769855,-0.03694865332395502,0.07282011995317007,-0.03695140604578356,0.07284365848513522,-0.03695517384319104,0.0728675039889845,-0.03695786497521905,0.07289201449439567,-0.0369654480862989,0.07291649822132452,-0.03697519059888843,0.07294242531637164,-0.03698430615936144,0.07296913127023244,-0.036995024482078545,0.07299653251945307,-0.03700510131023911,0.07302487134935363,-0.03702040885630962,0.07305757691486083,-0.0370392446145328,0.07309574229643621,-0.037057809213015935,0.07313389125078826,-0.03707616541221433,0.07317201972868698,-0.03709404213749194,0.07321041145470057,-0.03711193584034353,0.07324875893284646,-0.03713057963257334,0.0732872179085529,-0.0371481622199875,0.07332631973164348,-0.037172990059937204,0.07337142663019673,-0.03720669226775855,0.07342450807188819,-0.03724268598564157,0.07347860971322276,-0.0372812064249688,0.0735339133381017,-0.03731987000990261,0.07358917999903714,-0.03735789241239314,0.07364459159327943,-0.03739520781884835,0.07370019786844624,-0.037431615048606225,0.07375620957393744,-0.03746727829096794,0.0738124482508235
India,100,All pasture-based animal products,0,2023,22041.3237,238888587.73000002,,0.0004615309252466867,0.023375081109460006,0.02,0.7,0.42299852289664835,0.8107199109636479,0.4230208697115985,0.8104763003108006,0.42305513823385243,0.8102653565495921,0.42314626140949807,0.8101057528577551,0.423263102075827,0.8099897552850713,0.42338712829229463,0.8098909151662592,0.423495417378547,0.8097951673149357,0.42361831909665726,0.8097074288189812,0.4237274011176857,0.809626376526193,0.4238345198634048,0.8096286792544699,0.4239427926226358,0.8096503925158189,0.424041143229522,0.8096828940408327,0.4241319634998282,0.8097223332007605,0.4242247142493847,0.8097645695512237,0.4243176646261122,0.8098068923459664,0.4244273867550469,0.8098572427540262,0.4245377871200846,0.8099076005824428,0.4246428549609593,0.8099650209187828,0.4247522556830018,0.8100232980929044,0.42486133538740684,0.8100815414898442,0.424998547398802,0.8101658317856903,0.4251367327692109,0.8102507613683274,0.42529737918838734,0.8103572340451687,0.425462319279417,0.810472990564874,0.42563383014100953,0.8105940937606748,0.42580848758353296,0.8107156143821522,0.4259868433187673,0.8108465540256895,0.4261636548611333,0.8109778358689492,0.4263533889672261,0.8111153633704754,0.4265379668546778,0.8112551414898644,0.42673978723953443,0.8114252444818687,0.42694141988765033,0.8115952532072925,0.42714036625986995,0.811765725024454,0.427340978463592,0.8119363591955915,0.4275476555969253,0.8121172918777042,0.42775452681531223,0.8122981778826488,0.4279608926033764,0.8124789832939937,0.42816915496437397,0.8126604892507202,0.4283804849360062,0.8128460999303199,0.4285903320540887,0.8130372918582531,0.42866708306625345,0.8132290359077851,0.42872813421230016,0.8134287798626169,0.4286779368625603,0.8136323122297692,0.42853021188374363,0.8138396241381423,0.42838606535493406,0.8140479534208652,0.42824650378077367,0.8142581483364717,0.428152746250573,0.8144821983013251,0.4280602198326592,0.8147062665121172,0.42796823256233973,0.8149302510276069,0.4278975035819197,0.8151551488316181,0.4278209390196047,0.815381590111177,0.4277412753150531,0.8156081374638448,0.42766625559964316,0.8158346844997444,0.4275763889724206,0.8160696591859957,0.42751366590783946,0.816311898410547,0.4274722271362743,0.8165604280328729,0.42743937613838723,0.8168178770141634,0.4274182662603455,0.8170861414725121,0.4274074365713714,0.8173599099806274,0.42739457179290946,0.8176365863749594,0.42739131851087725,0.8179184860438152,0.4273907722456928,0.8182005614111924
Indonesia,101,All pasture-based animal products,0,2023,11115.664,1561208.5299999998,,2.0367449854130556e-05,0.0009724212330442598,0.02,0.7,-0.1201846567341674,0.06548159470135564,-0.12018523930099363,0.06532602661367008,-0.12019526422932099,0.06517644094916182,-0.12021009822713004,0.06502841502581012,-0.12022483835340683,0.06488003571602861,-0.12024213652768267,0.06473335310628571,-0.1202630163397138,0.06458901256027032,-0.12029099264224534,0.0644491620597683,-0.12031900624824125,0.06430919411448979,-0.1203763890278248,0.06418274206456243,-0.12043506321738352,0.06405711583475746,-0.12049542378722378,0.06393163875143767,-0.12056070076596499,0.06380770669444746,-0.12065248951464556,0.06369572830229978,-0.120744188880484,0.06358346197221304,-0.12083128307695172,0.06347113117154456,-0.12091977267492521,0.06335966305301448,-0.12100861980232902,0.06324832137006865,-0.12109725696162812,0.06313664212356605,-0.12118800825886965,0.06302627398822344,-0.1212785524065011,0.0629158516268956,-0.12138207734325426,0.0628106295374094,-0.12150103551968074,0.06271551259000052,-0.12163962794869121,0.06262022433019596,-0.12180388110695724,0.06252494523939708,-0.1220035401792694,0.06243184497891968,-0.12219620120700295,0.06233837653420116,-0.12238621886284198,0.06224543528944873,-0.12269120310986419,0.06216397933688677,-0.1230014710031655,0.06208248949064158,-0.12292909166569832,0.062063944234450004,-0.12285982504121701,0.06204527220113189,-0.1227965083171581,0.062028469291780755,-0.12273332229383278,0.06201156454773704,-0.12267541586805597,0.06199776238805214,-0.12260220793513697,0.061983792473556495,-0.1225315160800717,0.06197129926152183,-0.12249444654315952,0.06197739523356924,-0.12245783077650481,0.061983639076001865,-0.12242904290895487,0.06199258825444831,-0.12232784283576913,0.06200314474312607,-0.12223295187826823,0.06201329319286444,-0.12194750200205179,0.06202890001521687,-0.12166233494234555,0.06204414827436324,-0.12142937368853693,0.062086889485482896,-0.12122528481350843,0.062143040553801016,-0.12106477286251546,0.06222229871064726,-0.12091426046859834,0.062305733893404096,-0.12079912011813648,0.062405938362195434,-0.12068709602398511,0.06250704022993746,-0.12057594969157308,0.06260803251722878,-0.1204657265365703,0.06270928760702588,-0.12041164824116123,0.06284072714013149,-0.1203582021463058,0.06297225633527219,-0.12030472775025225,0.06310337966926824,-0.12025317694831905,0.06323487765279379,-0.12020432740107957,0.06336771670168173,-0.12015561647102613,0.06350032703731538,-0.12010851755693999,0.06363364877581096,-0.12007628253233,0.06377517806426086,-0.1200443031162794,0.06391657229019801,-0.12001229600656388,0.06405759395716905
Iran (Islamic Republic of),102,All pasture-based animal products,0,2023,29477.0,8308923.13,,6.614823916624775e-05,0.003382538048742271,0.02,0.7,-0.04170180611585972,0.12448175164283316,-0.04170067281453546,0.12421599544335744,-0.04169583130275815,0.12395342705406803,-0.041694032767783926,0.12369137238909522,-0.04169387544280494,0.12342909103279488,-0.041689330304653674,0.12317289213587206,-0.041685897301840004,0.12291627588849727,-0.041686050093823535,0.12266051408136779,-0.041695762922344934,0.1224115932345458,-0.041711147356001566,0.1221652404139172,-0.04172219806597362,0.12194394342220627,-0.04174275566097062,0.12172936589030023,-0.0417719599039143,0.12152046607230158,-0.04180856011406728,0.12131582906932424,-0.041846734388526305,0.12111089802530044,-0.041884710901704765,0.12090535711981208,-0.041922473813169644,0.12069920419380856,-0.04195859499486471,0.12049291353017687,-0.04199208859908485,0.12028744513729635,-0.0420253320322583,0.12008135769400094,-0.04205857982515558,0.1198746384941618,-0.04209277204810232,0.11966740385885741,-0.04212969968997638,0.11946039702949321,-0.04216514758198742,0.11925312985366981,-0.04219903489423228,0.11904526577810841,-0.04223195634547611,0.1188369049055685,-0.04226920563311801,0.11862982285123616,-0.04230474059638224,0.11842214430186764,-0.04233660197434391,0.11821734203949308,-0.04240249026747504,0.11805738985130222,-0.04246965819228957,0.11789698259734098,-0.04253874187113465,0.11773597808043035,-0.04260807863655078,0.11757431229463101,-0.04267917170364184,0.11741235118384835,-0.04275954734224301,0.11725643941079802,-0.04286506623951577,0.11710921082953925,-0.04297036085968392,0.11696130854897903,-0.04307787867463957,0.11681279900649597,-0.04318294620341334,0.11666477996903726,-0.043303013471627474,0.11651911638841213,-0.04342163020716175,0.1163731192433286,-0.04353982108232041,0.11622645509727296,-0.04366256939940183,0.11608114034520996,-0.04379017537808838,0.11593740291741561,-0.04368501023746679,0.11579455850188562,-0.04358933674968546,0.1156578123251731,-0.043497793357633804,0.1155220773669016,-0.04341714297665021,0.11547342881649808,-0.043336122219743214,0.11542409731441164,-0.04325687853836524,0.11537443249552518,-0.04317714512448873,0.11532409117942823,-0.04309580938692128,0.11527347802765149,-0.043014739035877145,0.11522216040240023,-0.042937995767304574,0.11517198958355998,-0.042921533835568036,0.1154026102389782,-0.04290525499748337,0.11563252378681571,-0.042900106724199055,0.11587050951206733,-0.0428906398070541,0.1161140230381562,-0.04287707050492627,0.11636193003553769,-0.04287751038297491,0.11662169486151469,-0.04288438718449107,0.11688445810780773,-0.042886745364350165,0.11716599175654917
Iraq,103,All pasture-based animal products,0,2023,3985.0,378497.65,,1.9484040400882632e-07,1.0013658314357776e-05,0.02,0.7,0.0007949910502268731,0.004004323489407123,0.0007949721082388117,0.003979920729833379,0.0007949469220231986,0.003955367453213312,0.0007845003340232193,0.003930698448928964,0.0007744027996257064,0.0039059766367032307,0.0007639990982440531,0.0038811970617242146,0.0007532896371307968,0.003856355533520995,0.0007423963180554771,0.003831382680403819,0.0007311423345853427,0.0038063818158613396,0.0007194506272322418,0.003781421670953364,0.0007077628472445321,0.0037562860080524326,0.0006959766609633058,0.003730980459477314,0.0006841796642046011,0.003705492268910287,0.0006726911197484919,0.003679895720439792,0.0006615783409189349,0.0036542219473339123,0.0006498825335543232,0.0036287323658377767,0.0006384880085483734,0.003603117673020563,0.0006272767119810847,0.0035773280282597065,0.000615985391327508,0.0035513367921447612,0.0006055650928792969,0.0035256605460193325,0.0005949956585079366,0.003499787760136732,0.0005836894441226866,0.0034742949242544696,0.0005727787696534013,0.0034486953134592324,0.0005616472093112508,0.0034229081252877217,0.0005511521604437616,0.003397174082754858,0.0005406899247257235,0.003371198834878775,0.0005303582895707943,0.00334498942853946,0.0005199017462617639,0.0033185395908091222,0.0005083671426043598,0.0032931756573432564,0.0004980519137825052,0.003268476250875195,0.0004909318278907332,0.003248331806866551,0.0004871226081305598,0.003233020392258595,0.00048214569507379346,0.0032189773314011696,0.0004761149039606103,0.003205843709495854,0.00047088933952374305,0.0031928521123246027,0.00046409664728133465,0.0031828451312138875,0.00045642387193796396,0.003173307462177627,0.00044805723660994515,0.0031639176518669454,0.00043906999900291885,0.003154574495199353,0.00042930539833387765,0.003145493051257503,0.00041842203891556055,0.003137392887116723,0.0004074698803410453,0.0031289890697484353,0.00040763237087252757,0.003154342277383823,0.0004062542765305343,0.0031821715668603114,0.0004053771000873626,0.0032098839529599485,0.00040513458620883465,0.00323759060885289,0.00040626178092222705,0.0032661977599853153,0.00040653999107102904,0.0032952307338582807,0.00040690413070662443,0.0033240042811022792,0.0004068659908462958,0.003352662369053097,0.00040658430119159427,0.003381119635093461,0.0004060979771313141,0.0034093673822165557,0.000405789038231488,0.003437400928318264,0.00040517666869682137,0.003465283058623925,0.00040494054245677504,0.0034930486719964332,0.00040446579302568886,0.0035206425708348764,0.00040396304222251164,0.0035480196441487117,0.00040331202491948175,0.0035752038271430584,0.00040247259704038064,0.0036022124990903784,0.0004014247116855687,0.003629057971236765,0.0004017961800053548,0.0036557392162012386,0.00040200686029000975,0.0036822500202199054
Ireland,104,All pasture-based animal products,0,2023,3817.0,9399950.0,,4.829626297921036e-06,0.00024489031520222846,0.02,0.7,0.023480601998403516,0.05472418694298928,0.02347719470212868,0.054680176603875766,0.02347669011682485,0.054636389936855816,0.023474332247342744,0.05459259645292225,0.02346851091223967,0.05454889193467497,0.023455313308883077,0.05450541497520494,0.023439354316437136,0.05446941898472493,0.023421046314889712,0.05443428523038983,0.02340576537836357,0.054399599066041845,0.023384749082677056,0.054366373040879726,0.023362176241661897,0.054333269332394525,0.023337709293300646,0.054300341705071364,0.023309064319005326,0.05426790450820217,0.023282517247622272,0.05423589921057097,0.02325750456576027,0.05420829734077175,0.02323252963250965,0.0541810737718547,0.023208713517071815,0.05415749001187049,0.02318808849434357,0.054142838422746684,0.023167500713015425,0.054128168335500014,0.0231473105598184,0.05411401254021423,0.02312876899007625,0.0541027951701393,0.023111634556736774,0.05409589666233188,0.023095251131485087,0.05409153818251406,0.023079002072650446,0.0540879025648836,0.02306273863155432,0.05408423615252086,0.023047728307265005,0.05408271615036363,0.023033740933406217,0.05408288723148432,0.02302180731493017,0.05408662578921999,0.023002259297852302,0.05409055521873458,0.02298277969425322,0.05409444781744915,0.022949308087328243,0.05409954964041815,0.02291434117868838,0.054104748581286985,0.022876685118318925,0.054111304315722905,0.022838256944048313,0.05411845353961127,0.02279993819442326,0.05412578494381758,0.02275667689787774,0.05413348733267496,0.02271296495318162,0.05414181008576113,0.022668813802154117,0.05415202235020529,0.022624472818636193,0.0541622539849888,0.022579660529202315,0.05417322797969722,0.022527190517309163,0.054184483889766,0.022467847735031826,0.05419688692264235,0.022407007283995098,0.05421001493334778,0.022339378640667325,0.05422390539359204,0.022279824976836962,0.05424159277036889,0.02222084540753009,0.054259274529294445,0.02216329710428236,0.05427714050704353,0.022188612161480683,0.05429798865633597,0.02221380110486363,0.05431880314593798,0.02223875558569091,0.05433958613650813,0.022265002613123072,0.05436047903114552,0.022283095442806267,0.05438433876825233,0.022304995506628157,0.05440842433897781,0.02232712979898245,0.054433190654959024,0.022364139970352415,0.05446641555097427,0.022398997572369662,0.05449998220050065,0.0224263637318583,0.054537821298835575,0.02245022264822432,0.054576114261017855,0.022473216133450324,0.05461508445886913,0.022497288169403697,0.05465426913029923,0.022542947918389827,0.05469409230244184,0.022588306770853835,0.054734006205864015
Israel,105,All pasture-based animal products,0,2023,164.0,1850505.0,,2.3168976117635836e-05,0.001179406765944373,0.02,0.7,0.002033922374811273,0.12157265445881026,0.0020432475065614987,0.12149214919984713,0.0020435261942304862,0.12142714406115962,0.0020441401884868527,0.12136208412460725,0.002046771296829109,0.12129767092168536,0.002054205059767833,0.12123720579705134,0.002068410065209997,0.12118456769507885,0.0020838901767199006,0.1211321434540302,0.0020983101078038344,0.12107969596506563,0.002117956903570667,0.12103191442498501,0.0021371480251948932,0.12098409448127152,0.0021584460746111728,0.12093698295725455,0.002187312297752854,0.12089957696173403,0.002213945628827256,0.12086233934894978,0.0022447042572337414,0.12082798936422967,0.0022863279378406848,0.12081326895646939,0.0023274679620884364,0.12079851439537649,0.002376351001282015,0.12078671692107773,0.0024250934428440146,0.12077484682834819,0.002467450045768496,0.12077054182490503,0.0025080094640674705,0.1207667454698342,0.002551655956013515,0.12076453782295411,0.002551646556983936,0.12076257777601085,0.0025629994407748713,0.12076534538723536,0.002624707132957149,0.12077223504813063,0.0027106142264164274,0.12078254000951429,0.00280077795848091,0.12079307007443443,0.0028993254063279794,0.12080620617843861,0.0029921474935201975,0.1208254319654647,0.0030828206335914154,0.12084542330596786,0.003183276813980937,0.12086618320367876,0.0032823365865619902,0.12088722046654601,0.0033854195778774687,0.12091096893750163,0.003487728900647885,0.12093474940577131,0.003593009397282243,0.12095998690773595,0.003694279094498251,0.12098815725846458,0.0037884906534833562,0.12101815969423166,0.003882884649384452,0.1210480876557126,0.003965991381426268,0.1210799347632948,0.004049648644204443,0.12111283257564696,0.004136581269667164,0.12114567561744698,0.004200855057533981,0.12118011672120164,0.004266983508353618,0.121219808551897,0.004335641688127945,0.12125987723097208,0.004404757286245904,0.12130032554248958,0.004480477199370107,0.12134394241834172,0.004556250957896968,0.12138749248533398,0.004625614435907283,0.1214394414489383,0.004701927887030777,0.12150577165560533,0.004794840508076083,0.12157263990942796,0.004869685550489805,0.12164064596648241,0.004942339239369181,0.1217094701177363,0.005014978899973287,0.12177821986881966,0.005090093663815985,0.12184796032851382,0.005156831299086666,0.12193218110105454,0.005147080021827933,0.12201856139286515,0.005137362108508905,0.12210491386032937,0.005130072355970108,0.12219125267892987,0.0051288867544463665,0.12228232613300476,0.005136258433611755,0.1223740557693795,0.005141282759377603,0.12246595484646666,0.0051447234621822754,0.12255824655927475
Italy,106,All pasture-based animal products,0,2023,6167.709999999999,13962220.0,,8.677733452964795e-05,0.0037489389645206286,0.02,0.7,-0.7007647610799321,0.2364321706599273,-0.7007819786391982,0.23625396171663224,-0.7010033757496263,0.23614392992889174,-0.7012374190258952,0.2360391193384195,-0.7015228305746309,0.23594878286714088,-0.7018900258412407,0.2358865917114065,-0.7022715373488172,0.23582919463846716,-0.7026611256585766,0.23577522229913636,-0.7030610968197571,0.23572703965025957,-0.7034695200450904,0.23568181290523302,-0.7038794257311513,0.23563668029368268,-0.7043087348624799,0.23560127166932812,-0.7047406288870519,0.23556733861903195,-0.7051865908968771,0.23553619797596387,-0.7056434481867996,0.23550767156321747,-0.7061020362942164,0.2354807657381329,-0.7065678343011629,0.23545709666832493,-0.7070368361114969,0.23543472076008126,-0.7075234726435694,0.23541920976641695,-0.7080102333122782,0.23540475574994543,-0.708503184709594,0.23539181925602146,-0.7089966596593562,0.23537922653294432,-0.709483639949053,0.23536799880356907,-0.7099706350014028,0.23535664288610347,-0.7104572913185718,0.23534516052284135,-0.7109503966214082,0.2353345563245103,-0.7114436137566497,0.23532381443086195,-0.7119514513219101,0.23531484786634932,-0.7124628608162374,0.23530716354841316,-0.7129926693254421,0.2353072213815486,-0.7135432836272366,0.2353073203825445,-0.7140869036535348,0.23530852251775627,-0.7146190522902146,0.23531321860524035,-0.7151511425189617,0.23531783798963143,-0.7156767932438624,0.2353326230359799,-0.7162023373170858,0.23535038351130363,-0.7167299355830072,0.23536844812399974,-0.7172579081455512,0.2353863830988687,-0.7177862445855597,0.23540421505484793,-0.7183201126549504,0.2354253726570531,-0.718185670282628,0.23548288204239648,-0.7180529607740644,0.2355403490250788,-0.7179210977525862,0.2355977089717056,-0.7178423832599478,0.2356673681227071,-0.7177717836725802,0.23573844126915244,-0.7177059012561811,0.23580950471586384,-0.7176393982920961,0.23588662964387608,-0.7175940461080528,0.23597368269578733,-0.7176178871987469,0.23608541566814814,-0.7176380821045423,0.2361973664458978,-0.7176600489784293,0.23630980898568374,-0.7176771200180595,0.23642216764956975,-0.7176825918685485,0.23654047883363513,-0.7176448209233478,0.23666624471092532,-0.7176025913021091,0.23679271765944737,-0.7176003575287051,0.23692550219971828,-0.7176320441904025,0.2370678248442713,-0.7176395577512379,0.23724183217905528,-0.7176632169581746,0.23741583735731037,-0.7176692062084704,0.23758992141275864,-0.7176807790610941,0.23776954904745817,-0.7176790693254261,0.23794923456775854
Jamaica,109,All pasture-based animal products,0,2023,242.1319,18726.63,,4.811151253371523e-06,0.00023998089510866632,0.02,0.7,0.016961382502112654,0.024291339346872064,0.016963957417535647,0.024192206629816776,0.016966311856646377,0.024092787930562867,0.01697224729264646,0.023993251801776947,0.017010490493369196,0.023894100588109347,0.016953213314242432,0.02380184411111543,0.016896770545818104,0.023712641329343732,0.016843045708295708,0.02363012961395596,0.016790311824864984,0.02355099631580552,0.01673730389569112,0.023471870677130788,0.016684026972035783,0.02339256711958503,0.016630526510658272,0.023313619647881572,0.01657678566585629,0.023234370575365575,0.01652334215286922,0.023156985031041383,0.01647028976510187,0.023079251331175978,0.016416998017953675,0.02300119565136639,0.016364111358019885,0.02292278872148913,0.016310958966005498,0.022844517513280937,0.016259707949548126,0.02276701285389683,0.016208205116859407,0.02268973408532066,0.016156585648131168,0.022611981211326536,0.016104714964807296,0.022533896561191032,0.016052759550308146,0.02245666796409307,0.0160005220579245,0.022379220840725588,0.0159511795776201,0.022303430735316255,0.015902239298434075,0.022229747040266833,0.015853316445318434,0.022155536903920477,0.015804275377462422,0.022080815966994988,0.01575509083620827,0.022005590901930893,0.015706632063570827,0.021933186768431662,0.015469517885429517,0.021970560517394305,0.015314346897379389,0.022011684374382917,0.015115335825282648,0.022053297824596866,0.014916018981346101,0.022094858142791846,0.01471714933860711,0.02213890088659225,0.014519353814892045,0.02218298399022853,0.014321362742115571,0.022226606599104647,0.014123183451532923,0.02226976492491979,0.013924730324392964,0.022312581744514195,0.013728128576561357,0.02235617886672022,0.013704463096656204,0.022403841390938605,0.013680640568720953,0.02245099768937965,0.013657734625910717,0.022499868955841624,0.013637773999178147,0.022565952647263906,0.013616493684315206,0.022631946090802768,0.013598823747480178,0.02271226279601795,0.013580919573423545,0.02279260756060213,0.013564126023633005,0.02287264542482738,0.013547625670309487,0.022952936042823505,0.013530732457278434,0.02303308369782829,0.013513659085728137,0.023112872201557944,0.013496638989081827,0.023192654367722998,0.013488644203418176,0.023285116796083177,0.01348756006954346,0.02338527610210736,0.013486249930277189,0.023485135972105744,0.013485085405420963,0.023585101998963638,0.01348382309211175,0.023684819986023817,0.013482475629541616,0.023784123357582742,0.01348256587651292,0.023883786101141405,0.013482651438267313,0.023983256465678744,0.013482462215958405,0.024082494812110507,0.013481929705731472,0.024181958811583384
Japan,110,All pasture-based animal products,0,2023,1328.0,7805726.66,,0.0004982102578441658,0.024588280701469255,0.02,0.7,-0.6697388331895425,0.5260005979166276,-0.6699364623642468,0.5256879605263717,-0.6700650094982452,0.5254624828560184,-0.6702650639764757,0.5252962678507098,-0.6704826083297106,0.5251451759117262,-0.6706923565950267,0.5249937957873719,-0.6709063872136536,0.5248463103396767,-0.6712271475157654,0.5247862672552946,-0.6716780546018811,0.5248323659150358,-0.6721420258412061,0.5248898463658209,-0.6726158840830205,0.5249470705755943,-0.6730881350144904,0.5250040487320534,-0.6735976687661385,0.5250779362085548,-0.6741151702180845,0.5251533421842524,-0.6746318796260583,0.5252283734265571,-0.6751458152149564,0.5253074682745872,-0.6757027376410629,0.525441751939042,-0.6762708361038452,0.5255973469945195,-0.6768399346779557,0.5257633162850911,-0.6774142206632442,0.5259299240104596,-0.6779872000060617,0.5260962396999658,-0.678559341084898,0.5262621868497405,-0.6791303947595759,0.5264335037271908,-0.6797020116999571,0.5266044143109999,-0.6802710619596056,0.5267772249129002,-0.6808444693098841,0.5269504155927183,-0.6814463094321492,0.5271357679317606,-0.6820453835833709,0.5273232080203046,-0.6826472786981933,0.5275215693741744,-0.6832506375529268,0.527719622177834,-0.6838577064620494,0.5279178903267223,-0.6844625186186528,0.5281194034334622,-0.6850745432347722,0.5283222602900837,-0.6857475514580128,0.5285449997317736,-0.6864401877629646,0.5287713263388308,-0.6871284763592791,0.5289976698851933,-0.6878417661804013,0.52922903908112,-0.6885858100413766,0.5294676313365313,-0.6893648942679587,0.5297153115521297,-0.6901676763400981,0.529965186650649,-0.6898040235600305,0.5302402009865531,-0.6894404144063658,0.5305147993488236,-0.6890707923713636,0.5307939271207196,-0.6887223308565493,0.5310791161432027,-0.6883929140393207,0.5313705830206839,-0.6880877759869003,0.5316755480420906,-0.6878037779189703,0.5319919572031225,-0.6875285593099211,0.532312089167034,-0.687268752606367,0.5326399905507269,-0.6870405532905886,0.5329862672366142,-0.686854674895082,0.5333600685360911,-0.6866685491383424,0.5337335576327017,-0.6865037684952955,0.5341198476499842,-0.6863621701143606,0.5345241674055808,-0.686213365516522,0.5349307251222631,-0.6860702309395404,0.535340806475529,-0.6859953840562305,0.53576226818708,-0.6859309315860409,0.5361861652560526,-0.6858750671859418,0.536612449209877,-0.6858197963531186,0.5370383711981686,-0.6857649831842696,0.537463897849426,-0.6857083814764613,0.5378910875973024
Jordan,112,All pasture-based animal products,0,2023,742.0,399641.52,,1.293523747996247e-06,6.476528902033968e-05,0.02,0.7,-0.006373162987424588,0.008368917471370226,-0.006380275463714221,0.008296107656656764,-0.0063865886586646995,0.008223546428017276,-0.006392272485414558,0.00815242928767763,-0.006397701096584374,0.008080571295833486,-0.006403873353623017,0.008008073706004275,-0.006411915191891896,0.007942739153204677,-0.006422439844220731,0.007877614987659742,-0.006440875473910493,0.0078168358267196,-0.006466661853270082,0.007772192053451463,-0.006491956119934046,0.007726798914610282,-0.006517965980716111,0.007680635589923041,-0.006548782531157997,0.007636128061595634,-0.006581653289338621,0.007598359913430566,-0.006613774127773997,0.007560237995498152,-0.006646349867897508,0.007525656860544993,-0.006681642424354118,0.007491205065848172,-0.00672163946438222,0.007458162837679954,-0.006763488567868621,0.007430977633052957,-0.006810178123601698,0.007405234330312018,-0.006859750198816235,0.007386813712021851,-0.006910937881674973,0.007367843788217804,-0.006963868789080262,0.007348005103351692,-0.007025107161821732,0.007331992692288737,-0.007085661088824552,0.0073153562389346415,-0.007146640422636312,0.0073014537920037875,-0.007212463401548304,0.007288813803092338,-0.007278690580225974,0.007275139484913527,-0.007344499793012899,0.007260471879398115,-0.007455859051535727,0.007279908674018783,-0.007591520915560218,0.007315251958298382,-0.007726516052606537,0.007350297959282581,-0.007861317977318441,0.007384306407418017,-0.00799566800573353,0.007417398707733702,-0.008129465572739811,0.007450572190262827,-0.008262893835708334,0.007482808102392016,-0.008398455863033477,0.007514735524860479,-0.008534101711659104,0.007545679613072262,-0.008670306752952085,0.007575730891917182,-0.008806656788315794,0.007604827003971962,-0.008742311092272158,0.007637027332914143,-0.008677949633968382,0.007670300996222505,-0.008616142117887408,0.007702976557870745,-0.008562086365606385,0.007738751288000479,-0.008508006821091745,0.007775735418360932,-0.008454259331238362,0.007811863050760444,-0.008405857680134628,0.00785183334713441,-0.008367023274229777,0.007893867371236924,-0.008344279975407931,0.00794648109295151,-0.008324026348720029,0.008004420721833376,-0.008305692584876987,0.008062173262072059,-0.008287202233469146,0.008119138661227989,-0.008268109933098173,0.008176120950371266,-0.008248715974728671,0.0082323874187642,-0.00823085110358246,0.00828836416873338,-0.008212821698303301,0.008343618963560203,-0.008194923393360781,0.008398159926466905,-0.00817865616813052,0.008452391423523421,-0.008162763226935705,0.008506001772760457,-0.00814583742251554,0.008562588379964943,-0.008128780359129591,0.008618601024321956,-0.008122286860091957,0.008680796308406279
Kazakhstan,108,All pasture-based animal products,0,2023,187029.5537,4141103.62,,1.384076943350007e-06,6.4875860202778e-05,0.02,0.7,,,,,,,,,,,,,,,,,,,,,,,,,,,,,,,,,,,,,,,,,,,,,,,,,,,,,,,,,,,,,,,0.022826327168666435,0.013268008339390219,0.022826842834321077,0.01321747924029626,0.022829008398243394,0.013167123607358997,0.02277160403659397,0.01312127925684995,0.022736809874259606,0.013088607879766779,0.022711301251693357,0.013057542078549204,0.02268579217190379,0.013026262430944836,0.022662461175576742,0.012995430070238364,0.022627841116598893,0.012965043375586,0.022587209464670143,0.012935228482819241,0.022540383382853156,0.012906112718116685,0.02250016648292265,0.012877786400978653,0.022462615044730034,0.012850482291222343,0.022429335128713267,0.0128237897077066,0.022402187186342914,0.01279760181197471,0.02237939904257026,0.012771720045997258,0.022358643569299372,0.01274601101876709,0.02233789666986621,0.012720344382755827,0.022296791375782523,0.012694677873238271,0.022254502696335714,0.012668827887553512,0.022214363362470336,0.012643601408029125,0.02217572527717272,0.012618370416981363,0.022141118857892432,0.012593356752653004,0.022110090449628545,0.012568486515823046,0.022081432933779524,0.012543881206714876,0.022052196041867866,0.012519552992389636,0.022022813448039306,0.012495570353874235,0.022017769698718517,0.012548955249822307,0.02201422747924324,0.012602653580850975,0.02201264346763348,0.012656659440728763,0.0220114765373211,0.012710625056368453
Kenya,114,All pasture-based animal products,0,2023,21614.1131,5072779.0,,5.592348053619815e-07,2.742272441423698e-05,0.02,0.7,0.01281211132304616,0.009877525884152466,0.012812109287287817,0.009849176794892707,0.012813686577579808,0.009822283884283134,0.012815599684376823,0.009795463272883947,0.01281764722273593,0.009768606035493647,0.012819797013797513,0.009741696586049542,0.012823125685688355,0.00971588010071565,0.012826973482470543,0.009690239301595124,0.012830813592550287,0.009664513191728565,0.012834638325738395,0.009638703800119853,0.012839405753181914,0.009613328761542186,0.012844374918684762,0.009587944494832057,0.012850403497393612,0.009563526353117196,0.012857081103512026,0.009539716122521368,0.012863963107942248,0.009515895289279881,0.012871110551936725,0.009492330690807961,0.012879049984156746,0.009469093570503863,0.012886968604167966,0.00944578926066245,0.012896011969831037,0.009423015775520653,0.012909847818404142,0.009404158959586625,0.012924577845270166,0.00938609850039459,0.01294692850976403,0.009372914257764571,0.012971465030750433,0.00936093053391133,0.012996145710463614,0.009348900085024838,0.013020909947474143,0.009336796438231189,0.013053774727594749,0.009329832775078518,0.013091520043460233,0.00932582518162202,0.013130613392479116,0.009322466712303022,0.013169687767946178,0.009319018205510999,0.013208789159228886,0.009315568585949273,0.013251809692239148,0.00931522736058066,0.013295525762280354,0.00931548283254617,0.01333939977902583,0.009315868973751081,0.013383346660092619,0.009316301625663022,0.013427422882748665,0.009316835922048822,0.013472169364870324,0.009317935882370345,0.0135175446627758,0.009319241321246617,0.013563342418969145,0.00932090355608322,0.01361318091764171,0.009324873914337714,0.013664560787886287,0.009330079709191707,0.01365420881364401,0.009336752948983729,0.013646170996451752,0.009345466661502374,0.01363801481459528,0.009354161283751421,0.01363629425901501,0.009365103604330825,0.013636162513512339,0.00937692495561675,0.013636026482721863,0.009388857660661897,0.013640994398239197,0.009405008508404105,0.01364607446894546,0.009421181087575657,0.013648782363595015,0.009438162508374244,0.013651678964817358,0.00945510761185636,0.01365500268142313,0.009471984682287639,0.013659702687583004,0.00948901580998541,0.013664137034335156,0.009506211524459672,0.013672828583864425,0.00952478218098358,0.013681696611174427,0.009543314320932935,0.013692696929587349,0.009562389441454282,0.013712438069958588,0.009587615130222885,0.013732397850201373,0.009613008262325333,0.013754769762380317,0.00963977998250944,0.013776088685682175,0.009666557497757314,0.013794397288191299,0.009694841828064876,0.013805764177361568,0.009723495269672987
Kuwait,118,All pasture-based animal products,0,2023,136.8755,123762.62999999999,,1.2637516757981614e-07,6.535341551973841e-06,0.02,0.7,-0.0014054316279751228,0.0022576805555487153,-0.001406134729186148,0.0022297961096114398,-0.0014065601083297645,0.0022016764663877844,-0.0014065894240478378,0.002173658268519526,-0.0014062468125019619,0.0021455760282615122,-0.0014062192466831238,0.002117158384270897,-0.00140893115718635,0.0020902692013427325,-0.0014121551130995317,0.0020630965102575033,-0.0014157527862906935,0.0020355580550662907,-0.0014190264905736749,0.0020077286133963436,-0.0014222911228427965,0.001979405776190705,-0.0014253771881278313,0.0019522534811239314,-0.0014291690716352941,0.0019248058894406027,-0.0014343460229008244,0.0018974677324072443,-0.0014393093149227781,0.0018695992492555639,-0.0014439814438906573,0.0018412421322420837,-0.001448910030171728,0.0018148613052169046,-0.0014538975560874972,0.0017899182273286567,-0.0014586627949412265,0.0017655949680488248,-0.0014630826768072837,0.001740754906296769,-0.0014692865963675658,0.001716019768677934,-0.0014752345203978144,0.0016916196959000263,-0.0014824652073334365,0.0016669112963999348,-0.0014899979455697625,0.0016436913809613463,-0.0014984278195049009,0.0016198630096643327,-0.0015064820048921912,0.0015955755852924507,-0.0015147509417665081,0.0015703304404669288,-0.0014722389637763606,0.0015450937824819009,-0.0014304978800513796,0.0015189911854803118,-0.001399481295571636,0.0014995229498884018,-0.0014044427350478597,0.0015100734345975563,-0.0014123806304523114,0.0015260469211982202,-0.001423557174556652,0.001547877923144455,-0.0014414610555089186,0.0015804801767706456,-0.001462431553720083,0.0016137377935179292,-0.0014831001089334497,0.0016461648772472936,-0.001505680064024825,0.0016785881971030352,-0.001528426425516624,0.0017101838631067316,-0.0015516786907206004,0.001741100859200551,-0.001575644768062666,0.0017714728344899707,-0.0015752521046733209,0.0018014511443986624,-0.0015722068400584877,0.0018312131292573077,-0.0015685501883612484,0.0018605150267422936,-0.0015675060460683412,0.0018894128866002104,-0.001565972709921046,0.00191790623834552,-0.001565368730811258,0.00194596446484072,-0.0015650235710823273,0.001974068498171196,-0.0015674423120638074,0.002002964125052696,-0.0015720276644628558,0.0020316148078120353,-0.0015745298517324978,0.0020603305571185713,-0.0015772046325472132,0.0020886484544811322,-0.0015793448317508124,0.002116575317666157,-0.0015800486900106113,0.0021447643565019,-0.0015767550761357613,0.0021730245772145253,-0.0015749053417974544,0.0022009602964360047,-0.0015730337354023986,0.0022290070503936444,-0.001571153061702945,0.0022568068885154744,-0.0015698668698522287,0.0022843092937051552,-0.0015684988028894188,0.0023114861207088125,-0.0015677691959752281,0.0023385205465145877,-0.0015672196997728325,0.0023652697717273267,-0.0015669009550997046,0.0023917599609275557
Kyrgyzstan,113,All pasture-based animal products,0,2023,9276.6308,2020351.03,,2.582506950822219e-06,0.00012130349949185182,0.02,0.7,,,,,,,,,,,,,,,,,,,,,,,,,,,,,,,,,,,,,,,,,,,,,,,,,,,,,,,,,,,,,,,-0.13439663791480344,0.07768088437584962,-0.134399058226442,0.0776650887527134,-0.13438393508793098,0.07766422879624436,-0.13435419831584025,0.07766713316749926,-0.1343258167543973,0.07767010068322222,-0.1342976781674991,0.07767320634894433,-0.13427171034572943,0.07767730699957531,-0.1342563857031277,0.07768681715439336,-0.1342410775631123,0.07769673587155268,-0.13423310202164024,0.07770674008538855,-0.13422492645674397,0.07771680046944388,-0.13421619150216368,0.07772699279066629,-0.13422198064069962,0.07774048965818287,-0.1342279299001629,0.07775401223103538,-0.13423450290792777,0.07776758985251887,-0.1342409561155228,0.07778117552556962,-0.13424704071531715,0.07779484891646152,-0.13424961902182078,0.07780880969052992,-0.13425197103855924,0.07782328902252997,-0.13425667974017683,0.07783833233389743,-0.13426126163779473,0.0778533763204225,-0.13426605602336644,0.07786842022618617,-0.13427072721413308,0.07788388462685553,-0.13427525937724005,0.07789946520178836,-0.134279041378963,0.07791526167151892,-0.13428278421408382,0.07793105563036007,-0.1342835999664781,0.07794693238171724,-0.1342842789661576,0.07796331173144334,-0.13428473233451524,0.07797973808037463,-0.13428517318461416,0.07799616097101689,-0.13428534037162462,0.07801263910518363
Land Locked Developing Countries (LLDCs),5802,All pasture-based animal products,0,2023,692087.7877999999,52770348.41,,0.00013382191174151871,0.0002424816318689143,0.02,0.7,0.39619704170938985,0.06066340845376882,0.3963496127963114,0.05960823834734661,0.39647018627683844,0.05854000182996624,0.39661992918902944,0.05747698533589963,0.3967874202879489,0.056390674206356475,0.39692560409026706,0.05528215544623153,0.39703509138261284,0.05415024630467377,0.3971274782193671,0.05300162316817614,0.39720604077634736,0.05183354356823946,0.39758356779669,0.0507061257747576,0.39799497918872245,0.04956456330703549,0.39849002167764014,0.0484139491093653,0.3990080132500371,0.04724338637926139,0.3996445447265484,0.04606274439073178,0.40025793998956605,0.04483784373121421,0.400978081293315,0.04356357637170135,0.4017698813923507,0.042255225603692374,0.4025547053575364,0.04088749782725352,0.40334802696448324,0.03947391582729951,0.40430414325045844,0.03802170968508681,0.4053874989801534,0.03651504132012344,0.40644180222266624,0.034920167223908276,0.40750011340639336,0.03322607071864059,0.40924966015689446,0.03149418484033458,0.4116235688836409,0.029692381961342662,0.4148242610673686,0.027795317514647477,0.4180245540838097,0.025694701426040956,0.4212114181779549,0.02333046768061361,0.42437798344648325,0.02060873631028919,0.42805819673436774,0.01737791147474729,0.43480939040761973,0.013355794888590386,0.42891584783566017,0.017381018513192553,0.4229404267040905,0.020506987467987143,0.4175636413864199,0.023139578877704178,0.41269253422718166,0.02546601147985022,0.40910936431531625,0.02762463870367439,0.406341561355953,0.029606739063198648,0.4035462566071343,0.031417303164188067,0.40073942915643357,0.03308374696117613,0.39827619167371736,0.034662944315637344,0.3962667978818676,0.03616234823420692,0.3960162928005773,0.037697965732952435,0.395800604766003,0.03914990171616105,0.39556668609927825,0.040535869592317635,0.39533508829821207,0.041857276261497614,0.39508559914203184,0.04311799689507169,0.39486692220991154,0.04432329950658612,0.3946361917408271,0.04547722392028369,0.3943873403076196,0.04659758136502849,0.39416832714362393,0.04767606139698205,0.39406825983978294,0.04875683201862315,0.3937541072764471,0.049888254935385075,0.3934415619717119,0.05099778759281524,0.39311177783221574,0.05207429672529209,0.39277110172840696,0.053131684135567785,0.392400680092844,0.054161967308193594,0.39203561022725386,0.05517820304105967,0.39164536882570405,0.05617505968804265,0.39167236231999475,0.057260217694702464,0.3916693472207532,0.058323265702600054,0.39176284282535984,0.059406844190911495,0.391810842869122,0.06047913336670302
Lao People's Democratic Republic,120,All pasture-based animal products,0,2023,677.0,78576.92,,3.099688184172823e-06,0.00015752718396637173,0.02,0.7,0.016106743822492664,0.02689809379118678,0.016107020948363582,0.026840417713718163,0.016077673641116785,0.026783058413535246,0.01605046024356871,0.02672557605995036,0.016026415807523953,0.026668492426349173,0.01600241737385101,0.026611282284697637,0.015972440521239504,0.02655954914078257,0.015958804650369675,0.0265159580450387,0.015946976817822284,0.02647242217546182,0.015935890761150893,0.02642879005927702,0.015927086884931073,0.02638531164504675,0.0159215070725982,0.026342237582085048,0.015919879935042534,0.02629980366779855,0.01593074591569539,0.02626263340652999,0.01595520091708244,0.026231481010205577,0.015975007131824495,0.0262025179688872,0.01601048703485249,0.02618107338276859,0.016039885806613325,0.026165486432232394,0.016063759336007413,0.026153798104017693,0.016081983621247062,0.02614636436212231,0.01609957151523267,0.026138823097095063,0.016118405569665636,0.026131236698952127,0.016136699212184556,0.02612353489003026,0.016151294705799627,0.026116960598927128,0.016160146562664693,0.02611497983799485,0.01616496737428688,0.026114442231323056,0.016173172009565,0.026114346326729956,0.01620414452871932,0.02612740965782555,0.016232195467051222,0.026141050506804625,0.016257541627462176,0.02615515235514142,0.016277796932178713,0.02617222895643443,0.0162950575908246,0.026189929152957276,0.01631091279954059,0.026207636310854043,0.016326014177439667,0.026225248213280625,0.016335087880715426,0.02625809002229845,0.016349993715928688,0.026292312602836546,0.01634695571156395,0.026326732004703004,0.016343885440916372,0.026361019889436326,0.01636683082444453,0.02640460520033999,0.016374134748466766,0.026459757445485923,0.0163818277894982,0.026514781030306012,0.01639549543209546,0.026570308721783335,0.016412171598791894,0.026625873516309014,0.01642329562491191,0.02668198059127371,0.016432207582127545,0.02673805449417706,0.016436005267563402,0.026794153938059867,0.016438148503247218,0.026850175020135533,0.016440799018208455,0.02690607603546218,0.016436103194977403,0.026962133824397185,0.016427242256892436,0.027018336526043595,0.01641937896326784,0.02707443086631113,0.01641181073205655,0.02713040972583996,0.016404603004165998,0.02718670530320609,0.016400599097004146,0.027243423488838143,0.016396868977943468,0.02730002769823265,0.016394520637004396,0.027356627368904558,0.01639286297920466,0.02741313955529021,0.01639197436037528,0.02746957200206187,0.01639070135615088,0.027525898654334878,0.01638987298557996,0.027582122805046124,0.016389152469751644,0.02763823325149049,0.016389010345675747,0.027694251240257085
Latvia,119,All pasture-based animal products,0,2023,852.0,981000.0,,0.00015473031115245903,0.007896025779956368,0.02,0.7,,,,,,,,,,,,,,,,,,,,,,,,,,,,,,,,,,,,,,,,,,,,,,,,,,,,,,,,,,,,,,,0.15345996366771575,0.24411893432126433,0.15350793640380322,0.24402874938145724,0.15361178021951036,0.24405076647785143,0.1537261032841575,0.24408899446652327,0.15384026911239648,0.24413133212718374,0.1542355185353795,0.2442047885897525,0.1546316972248375,0.24428014791321837,0.1548137278774425,0.2444730350117252,0.15502166032183815,0.244676097262356,0.15491310076017237,0.24488599763513239,0.1548234408585341,0.24509940847583614,0.15472190762666618,0.245313154552058,0.15461114109908883,0.24552794795775382,0.1544509829444824,0.2457509879352141,0.1542602385336591,0.24597609633157244,0.15407210472592914,0.24621244484073834,0.1538854890035245,0.24644864192299185,0.15369681628930204,0.24668490891560055,0.15352928236805902,0.2469221360945706,0.15335781607267385,0.2471627851894074,0.15319372586086527,0.24741421995583157,0.15303278801555587,0.24768304298505311,0.15296321430418347,0.247979651298075,0.1529013941156917,0.24827855512496477,0.15285045964045216,0.2485800578639004,0.1528248811447334,0.24888529223336042,0.15279942009406197,0.2491901819138765,0.1527755286489403,0.24949556560032243,0.15275786764164354,0.24980354893922138,0.15275372128055775,0.2501128649953429,0.1527490799739865,0.2504218144670118
Least Developed Countries (LDCs),5801,All pasture-based animal products,0,2023,624525.1227,47234253.86,,5.163022772375822e-07,2.628497560204909e-05,0.02,0.7,-0.0013685225612458246,0.02325472614503207,-0.0013688314855809097,0.023243704007681762,-0.001369296425388869,0.02323269296466235,-0.0013700565965620165,0.023221735873787026,-0.0013708618899395258,0.02321077517333943,-0.0013715440820805391,0.023199821947572447,-0.001372177764328894,0.02318886549611704,-0.0013729155036640295,0.023177911200755262,-0.0013741292296377272,0.023167111466793348,-0.0013759822488219609,0.02315661010709974,-0.0013777709199315862,0.023146954983329266,-0.0013803039853291267,0.02313777623305743,-0.0013832325441320015,0.023128734213060567,-0.001386660635152595,0.02311991093641829,-0.0013900882847888082,0.023111082267462873,-0.0013934566354626282,0.023102251483253407,-0.001397016763136031,0.023093446055897002,-0.0013996251840133409,0.023085418312692625,-0.0014021899727552599,0.02307738666480952,-0.0014049171398034799,0.02306955991699457,-0.0014077831329810594,0.023061806753010203,-0.0014107307871749457,0.02305405331274202,-0.001413680375967643,0.023046294472314325,-0.0014189256269088943,0.02304200453898975,-0.0014255531239899047,0.02303812600938405,-0.0014300346608486754,0.023034455902208553,-0.001432880684528088,0.023031475315141367,-0.0014357842281701042,0.023028489477436544,-0.0014385032333270953,0.023025506376652825,-0.001441188310902848,0.023022518182236072,-0.0014438311055962423,0.023019636687989866,-0.0014461368925274103,0.023016780316439982,-0.00144829634241413,0.023013918510069033,-0.0014521012851980378,0.02301116018597901,-0.001455975339193158,0.023008408426907188,-0.0014601909355049392,0.02300600965530131,-0.0014647928301849498,0.023003619681367098,-0.0014696141921457621,0.02300123908995826,-0.0014770044428629725,0.022999399601988147,-0.0014835545435431389,0.022997616201431988,-0.0014842740435892412,0.02299589876016537,-0.001485993921834094,0.023001847800652318,-0.001487864433325762,0.02300804610342698,-0.0014898897815715482,0.02301430954846612,-0.001490955206962087,0.02302060028616425,-0.0014917032041051438,0.023027019688315626,-0.0014924585822829062,0.023033447543181935,-0.0014918908296043972,0.023040150913849138,-0.0014920601370210797,0.02304733386377798,-0.0014919260256071737,0.0230548398826659,-0.0014918257092538744,0.023062495654288685,-0.0014913345246325054,0.023070451393320545,-0.0014907558261247516,0.023078511721165203,-0.0014901181857406407,0.023086916428534034,-0.0014895125798065005,0.023095325321946795,-0.0014890938605348764,0.023103777592467106,-0.0014884928111507806,0.023112656116421333,-0.0014896252043327643,0.02312307848343842,-0.0014901560295511,0.023133815419353648,-0.0014902759773791996,0.023144904790432685,-0.0014904692916138677,0.023155993999143306,-0.0014903722696076513,0.02316713003420116
Lebanon,121,All pasture-based animal products,0,2023,400.0,385389.83,,3.8589419793451095e-06,0.0001966122196316268,0.02,0.7,-0.004973411391717052,0.01842983297640002,-0.00496566581317414,0.018328081930854213,-0.004950210345239049,0.01822891448594305,-0.004929010929124324,0.01813078707752459,-0.004909625045803959,0.018032170453540074,-0.0048960699973395186,0.017934201160045737,-0.004900697575197309,0.017845685395827163,-0.004899400478644891,0.017758244187398853,-0.004904180849449012,0.01767150389859952,-0.0049071391608305655,0.01758423401134554,-0.004913731826067667,0.017496787027838887,-0.00492597795382335,0.017409818601308684,-0.004957032425174212,0.01733252360134547,-0.004987079150175641,0.01725455627481196,-0.005046692591596968,0.01719786006419015,-0.0051241501453296815,0.017149730718005494,-0.005187807305735049,0.017113327102323325,-0.005248318249941947,0.017076615884463922,-0.0052942213150482965,0.01705401419246741,-0.005331080711774289,0.01703502569198695,-0.005367276687296996,0.017015302136585437,-0.005407364552917837,0.016995379027630972,-0.005457493822441434,0.016977958227406744,-0.005517012820198402,0.016962655359815546,-0.005588990544474466,0.016951364187143214,-0.005668071997252468,0.016941023637567217,-0.0057530715810718575,0.016931134902336012,-0.0058335619162591945,0.01692141245689332,-0.005916897808231135,0.016911222670458963,-0.005987517721674234,0.01691122785370376,-0.006043920912373359,0.016926050961535273,-0.006089180446964254,0.01694785861888882,-0.006132080863860177,0.016969141312320943,-0.006173837150668995,0.016989716487347126,-0.006222293903936111,0.017011052336896433,-0.006271949971653429,0.01703168784099576,-0.006317515935904737,0.01705234095234315,-0.006372152542466718,0.01707488553619784,-0.006542011437706597,0.017100830889925665,-0.006726763841523126,0.01712656892376344,-0.006910834238859465,0.01715156648403844,-0.007151644746633712,0.017180134063560476,-0.007389433055157504,0.017208053596861842,-0.007591023413588856,0.017237426203318716,-0.0077953625018306345,0.01726608468457011,-0.007768066818535717,0.017303113804274187,-0.00773808261420993,0.017339753723514442,-0.007696116938958376,0.01738861166066934,-0.00768350097831063,0.0174552209391335,-0.007663329073766894,0.017524508028018176,-0.007630361841435463,0.01760999512260314,-0.007600529881621878,0.01769516943132381,-0.0075602245312945855,0.01778787644169443,-0.0075303867262073755,0.017883342211799186,-0.007506543543273219,0.017979419994965794,-0.007499698521443872,0.018082814940909995,-0.00749805060000467,0.018186562052575593,-0.007491900252069264,0.01829073818015399,-0.007489009963276234,0.01839471937001384,-0.007483925128722637,0.018498330140244636,-0.007477403027927146,0.01860144809946652,-0.007473192968903299,0.018704205452547026
Lesotho,122,All pasture-based animal products,0,2023,2005.4,176708.58,,8.170931638722756e-07,4.1936800528250954e-05,0.02,0.7,-0.002974818220023129,0.006841109325035276,-0.0029752281537980003,0.006781147997567617,-0.0029729051130935533,0.006722132777192995,-0.002966775764579364,0.006666537292079392,-0.002964374125725394,0.006611650483327675,-0.002958187571363202,0.006559991743323437,-0.002954758776664481,0.006508478445091428,-0.002979672892175832,0.00645684033323429,-0.0029766133357076556,0.00640503561117357,-0.0029251277182925986,0.006353883147193187,-0.002869696128211606,0.006302087777176988,-0.002814254329672212,0.0062496255038839675,-0.0027594012993397213,0.006196518305923079,-0.002704610664157215,0.006142709973576779,-0.0026494453338771033,0.006088198579860716,-0.002593035543550202,0.006033154459703766,-0.0025366521723916013,0.005977350268212735,-0.0024808668036395212,0.005920803032296178,-0.0024256135123615526,0.00586348201810195,-0.0023704101949586984,0.005805333199272008,-0.00231481421925055,0.00574634888128128,-0.0022595632834018706,0.005686497467275058,-0.0022040759037065157,0.005625744397778234,-0.0021481025117546897,0.005564080200616269,-0.0020916781676220096,0.005501469325204839,-0.0020346164870180226,0.005437900839417542,-0.001976804583318524,0.005373356283499357,-0.0019183745853856501,0.005307776811596586,-0.001858380498377117,0.005241362040001489,-0.0017961822141202973,0.0051743691414515135,-0.0018061511828200774,0.00521741024598332,-0.0018178433265282432,0.005259541087563649,-0.0018278446492554046,0.005300851260929731,-0.0018381158959448049,0.005341047957349981,-0.0018476667750826346,0.0053802048277920185,-0.0018540964288022875,0.005419599615516514,-0.0018632006812913143,0.005458572064188486,-0.0018694460998085276,0.005497605261463576,-0.0018843514312506656,0.005540689825453219,-0.0019009093000738803,0.005583051907521268,-0.0019189162145619072,0.0056246577445756545,-0.0019329417753462404,0.0056678399291481985,-0.0019450235193984896,0.0057105860018231,-0.0019558294988536963,0.005752632254209912,-0.001969770662901428,0.00579468435919036,-0.0019774040519611614,0.0058475820022886255,-0.001993808731939655,0.005905034859128337,-0.0020103222334837377,0.005961678319351637,-0.002022845797260215,0.00602028675171022,-0.0020346726268665764,0.006078189150721342,-0.0020505632638647,0.006136826202013545,-0.002065579729907911,0.0061948372066819935,-0.0020795931499374195,0.006252275477436251,-0.0020926543653658467,0.006309148018221887,-0.002103267671868131,0.006366266695702111,-0.002112057342801376,0.006423215454585466,-0.002115591903210482,0.006480050331075129,-0.0021180810876665172,0.00653641970407218,-0.0021212231896986576,0.00659224190371094,-0.0021223923739676328,0.006648069771784088,-0.0021225482283419323,0.00670347178116226,-0.0021183401002843696,0.006762424339658746
Liberia,123,All pasture-based animal products,0,2023,1277.7562,11725.150000000001,,8.44510904101687e-06,0.00040932653386808733,0.02,0.7,0.02841858583612422,0.021817438090392476,0.02842440843659244,0.021623220431902304,0.028434008806184075,0.021427320140829032,0.028447598266380325,0.021229696624062957,0.028465216628171364,0.02103029968042893,0.028491901328656755,0.020829407890649493,0.028508536513843514,0.02062724570075195,0.028504357637175178,0.020427023291983863,0.028498118672728112,0.02022473370248942,0.028548252982595848,0.020030326448694426,0.028614647464962603,0.019834884151076624,0.028694422200909453,0.01963797774932332,0.028759708190021088,0.019440244907985602,0.028797264847075364,0.019249420694935186,0.02881901637502679,0.019057943444456205,0.02884565725651768,0.018864007712837937,0.02887259063645407,0.018667415924369168,0.02889568074612206,0.018468164675856,0.028910901125944913,0.01826644876646898,0.02889798079409592,0.01807123093699378,0.02889950478194238,0.017873850582127357,0.028930992519662066,0.01767644520490805,0.02899813395370009,0.01747992562122487,0.029039168137671927,0.017286867402267685,0.02905082894796317,0.017101426947627892,0.029049374816633156,0.016913479444568325,0.029042956984832696,0.016721972498707806,0.029014156401113163,0.016530658182585624,0.0289665286890749,0.016337863144553672,0.028911425692816642,0.01614126904853724,0.028726892165556312,0.01639313075327113,0.0285693900262992,0.016641369694708467,0.02841032682884235,0.01688574042079546,0.028265419603330892,0.017126563380771218,0.028134043799056672,0.0173639949356563,0.028015559637231954,0.017598180984129505,0.027897540154680513,0.017829257931457045,0.02776892330006491,0.018057353530414124,0.02763479191313458,0.018282587671077218,0.027501180033409407,0.01850507302525594,0.0274094948879674,0.018724915680295797,0.027327712810531833,0.018942215662580135,0.027254848806612192,0.019157067421127744,0.02718789017348122,0.01936956024609555,0.027128988170171526,0.019579778693697925,0.02707547514050116,0.019787728247865375,0.02702332379368181,0.019993383037609114,0.02697093548713094,0.020196809236299018,0.026919059670783452,0.02039856159305142,0.026866224507151728,0.02059825456499248,0.026814074126166647,0.020795907795103215,0.026764819418099786,0.020991661261070566,0.026720860386795275,0.02118564328887279,0.0266823465817293,0.021377908498563726,0.02664576676776087,0.021568356862165468,0.026618749067823976,0.021757642298154554,0.026599196272245728,0.02194560133719435,0.02660424799218059,0.022135545851713234,0.02660984924929293,0.022324492895965057,0.026624233048594008,0.022512234545327758,0.02663035117939194,0.022698903402681044,0.026633242558837776,0.022884116722322018
Libya,124,All pasture-based animal products,0,2023,13488.2236,190288.62,,1.613098659353619e-06,5.8660360670097376e-05,0.02,0.7,0.03964442221536357,0.010763655471303934,0.03964000695620165,0.010688494487230965,0.039640765203337924,0.010612844786592615,0.0396608343233141,0.010537201304002436,0.03965910388818876,0.010462445115664205,0.03962516377078562,0.010395535303702791,0.039571121073200745,0.010329436364134094,0.03949129272473707,0.010266184762749033,0.039414016124229866,0.01020234672894131,0.03931092663829843,0.010143990993998242,0.039184779933829794,0.01008861036056976,0.039042202058070526,0.010046897599247746,0.038916644932260394,0.010005163039191809,0.03877247291509748,0.009972536055686054,0.03860837658897005,0.009943604804269352,0.038447005591954415,0.009914035275696394,0.0382674327512997,0.009888465540306302,0.03807062365299995,0.009865992889874255,0.03787334156121454,0.009842843720970015,0.037662566191629866,0.009820577302083808,0.03745158682185759,0.009797633220412319,0.037282046748564585,0.009782958084664489,0.03711707520213485,0.00976965793125976,0.03694568918693439,0.009756567198527402,0.03678402466469741,0.009754850606380537,0.036616195654203,0.009753192075735917,0.03645007186951201,0.00975085663067537,0.03629332737888355,0.009748336068962839,0.036131912620259624,0.009745432998998023,0.03596354562755116,0.009743073643399358,0.03579484883051758,0.009740011956700646,0.03561890191848031,0.00973862694799619,0.03543812084254933,0.009736883592224235,0.035250911036310284,0.009735266158451088,0.035066611785395066,0.00973300996181474,0.03488875847416702,0.009730324375799676,0.034745395875518184,0.00973083588550137,0.03461528341671291,0.00973156303462353,0.034494658129663874,0.009744889991542383,0.03442720627268857,0.009788959043101824,0.034366349438917775,0.009832418764883336,0.034375080388422165,0.009885589157270577,0.03439028989170423,0.009951221607567447,0.03440559382800619,0.010016193944367188,0.03441948587188948,0.010080538519194077,0.03446905939473252,0.010148191474993384,0.03451520777636927,0.010215368997870622,0.03456156428649521,0.010281936636083252,0.03462529373050121,0.01034932431688203,0.03468096389250801,0.01041711210643765,0.03473012173640828,0.010484975533398349,0.03477547443927459,0.010552463387858561,0.03481352731541806,0.010620430455652832,0.03484439364872796,0.010689212801472435,0.034869766440388875,0.010757988921521772,0.0348907171648454,0.010826515356268943,0.03490620303384175,0.010895027055090026,0.034927378909273214,0.010963281123659243,0.03494570612209632,0.011031150767188006,0.034956418684238856,0.011100165497240598,0.034959815528554164,0.01117186513795593,0.034965656878993556,0.011243153294790822
Lithuania,126,All pasture-based animal products,0,2023,753.0,1517290.0,,0.0008004140038737245,0.04139513414389898,0.02,0.7,,,,,,,,,,,,,,,,,,,,,,,,,,,,,,,,,,,,,,,,,,,,,,,,,,,,,,,,,,,,,,,-0.10507229256317674,0.7611984905076653,-0.10516934149876687,0.7610290365447091,-0.10518446872371304,0.7609621599079017,-0.10520702997339802,0.7609169442610976,-0.10522394589548835,0.7608780988141675,-0.10521366674343224,0.7609345221825551,-0.10520209096418706,0.7609906998483015,-0.10520932096941324,0.7611856949703031,-0.10520785822863447,0.7613881585501702,-0.10531056392259777,0.7615906389167656,-0.10538796741583822,0.7618193073979377,-0.10535508689294296,0.7620608042170659,-0.10530869920245386,0.7623367201131311,-0.10530345686940698,0.7626231543992322,-0.10529250208048523,0.7629235308017226,-0.10519146235550833,0.763255087781395,-0.10510664288864835,0.763588773527994,-0.1050642996557369,0.7639376028884817,-0.10501282596315345,0.7642884091015267,-0.10495251102144507,0.7646681850329579,-0.10488356769557496,0.7650501235089677,-0.10481940707498683,0.7654349342156047,-0.10472570856391411,0.7658715230701428,-0.10463574518615225,0.766309366367096,-0.10465665289672804,0.7667799571307966,-0.10468684086348506,0.7672549218316637,-0.10471427460736696,0.76773452479825,-0.10473788694796488,0.7682144269614849,-0.10480130583460756,0.7687003280468921,-0.10485198413407192,0.7691872500931036,-0.10483262191102323,0.7697052799545893
Low Income Food Deficit Countries (LIFDCs),5815,All pasture-based animal products,0,2023,649076.9885999999,57896909.559999995,,1.680069785338337e-06,3.611251688774214e-05,0.02,0.7,0.15858357239783022,0.01909497727728924,0.15858379830931296,0.019051143683685462,0.15858451853057817,0.01900746314971761,0.1585852547567237,0.01896391640868558,0.1585859393749072,0.01892026633491231,0.15858849487563315,0.018876604057554588,0.15859105118811512,0.018832983846425868,0.15859420863973328,0.018789276897434235,0.15859704972635544,0.018745515464887282,0.1586012599458318,0.018702062068082427,0.15861073189818456,0.018659228723983765,0.15862363007235356,0.018616808330875097,0.15864234173811087,0.018575170249349376,0.15866464383917397,0.018534190884996936,0.15868874351201726,0.018493205631279316,0.1587129551551839,0.0184521097304185,0.15873730615681136,0.018410903254972796,0.15876941201022532,0.018370167144274436,0.15880143538060723,0.01832931776982668,0.15884142294298706,0.018289476433661696,0.1588814053291135,0.018249519861535547,0.1589232396736268,0.01820954083982842,0.1589650170394543,0.018169467320828248,0.15903950233051248,0.01813387689272017,0.1591171237067089,0.018098706556323774,0.159194414573523,0.018063419911576378,0.1592745485711705,0.01802822418879036,0.15935420779765136,0.01799321174438414,0.15943404488120755,0.01795814405283406,0.15951337471374227,0.017922975052452307,0.1595926389828529,0.017887687135119547,0.1594937091690625,0.017920848999888436,0.15936663963082082,0.017954407737317997,0.15924373495801958,0.017987996861431103,0.15912230026854574,0.01802162051320995,0.15900409949340938,0.018055503066219922,0.15888606938392758,0.0180892676159744,0.1587680879599498,0.01812292901702408,0.15865488647896497,0.018157517205084225,0.15854950156100697,0.018192525619661132,0.15845393756563717,0.01822748253781372,0.15842978307929773,0.01826999719971634,0.15840892611115065,0.01831272095941708,0.1583884425590265,0.01835534285141412,0.15836705405519927,0.018397872820807244,0.158346699545309,0.01844039612843121,0.15832705423412846,0.018482976914591522,0.1583082477660767,0.01852546244030336,0.15828905489888934,0.01856787446167837,0.15827250834695852,0.0186102908054573,0.15825665216896234,0.018652769447181288,0.1582417251869996,0.01869517331865612,0.15822879526790892,0.01873780492415642,0.1582163944747091,0.01878038153026739,0.1582049860987218,0.018823073849458093,0.1581938899569287,0.018865668258952483,0.15818874070874356,0.01890911664064109,0.15818422993765932,0.01895247539508127,0.1581823091068995,0.018995896994727868,0.15818256165037325,0.019039352140628206,0.15818330806034045,0.01908290030900643,0.15818310946461972,0.01912649344633171
Luxembourg,256,All pasture-based animal products,0,2023,81.24000000000001,478930.0,,3.5988255587342945e-05,0.001874656810238055,0.02,0.7,,,,,,,,,,,,,,,,,,,,,,,,,,,,,,,,,,,,,,,,,,,,,,,,,,,,,,,,,,,,,,,,,,,,,,,,,,,,,,,0.0869194065609662,0.30966188144353596,0.08689962888535518,0.3096039369348664,0.0868722654106513,0.3095489812423786,0.0868413046997476,0.309501950394747,0.08680789777668796,0.30945734488774645,0.08676913611971415,0.3094158660278665,0.08672265735885731,0.30938067099280325,0.08667681183983111,0.3093455180351833,0.08662411173834117,0.3093112984175719,0.08657134610854833,0.3092771344918558,0.08652007368328557,0.3092442429080817,0.08647181094094347,0.3092188798735299,0.08642402433730312,0.3092010243324662,0.08637371538065991,0.30918329347781287,0.0863334789254388,0.309177321020017,0.08632148460081696,0.3091949258719177,0.08632462674808136,0.309232015987889,0.08632802851564877,0.30926918159934824,0.08633042741813554,0.30931050448889036,0.08633608337771989,0.309352226932653,0.08633784999845882,0.3094009603959259,0.0863382671823795,0.3094560920259231,0.08633464533478377,0.30951228740025666
Madagascar,129,All pasture-based animal products,0,2023,37623.2969,471686.7,,1.0161640411944104e-06,5.188404128800623e-05,0.02,0.7,-0.008100626814648008,0.017075388571907105,-0.008099059486784244,0.017046312493096207,-0.008097349553275603,0.017017188363150845,-0.008095437681840557,0.01698802008129526,-0.00809406194603947,0.01695884996986164,-0.00808998418198076,0.01693490241970932,-0.00808570743721371,0.0169109096674673,-0.008081108364156505,0.016886884886057482,-0.008077634578140102,0.01686301016853625,-0.008074375503687156,0.016839090156593527,-0.008075609771111754,0.01681736076447734,-0.008075400283103735,0.016796141744055863,-0.008074552670199214,0.016774957137561816,-0.008072760790843472,0.01675392695191786,-0.008070056194142562,0.016733035446938715,-0.0080669199761116,0.016712127580128373,-0.008066159506386186,0.016691931708223032,-0.008063767392757704,0.016686636516337852,-0.008063608717462901,0.016681974083771568,-0.0080623771457512,0.016677533516315776,-0.008060476259668197,0.01667313506732347,-0.00805839020937661,0.016668687682109405,-0.008056136537861663,0.01666419007576608,-0.008053619250311986,0.016659650588726246,-0.00805252445705635,0.016655363688475,-0.008050879521577549,0.016651085145559283,-0.008048713216655715,0.016646807999797432,-0.008046184582245673,0.01664250165907126,-0.00804342913405893,0.016638149519721753,-0.008040566498312404,0.01663374355975809,-0.008050059473980322,0.016639595861430358,-0.00805888319360963,0.016645489636717997,-0.008067446023168397,0.016651341034614825,-0.008075750195762918,0.016657149881865486,-0.008083450012639689,0.016662981354061437,-0.008091286396410534,0.01666876475080835,-0.008102444101775522,0.01667450832695382,-0.008116574572725653,0.016680206605379125,-0.00813354106805753,0.016685859314399948,-0.008153032948584766,0.016691464927120855,-0.00813651947194793,0.016701350889113304,-0.008120689109916005,0.016711260774950686,-0.008105390315040699,0.016721157555788572,-0.008088611402032184,0.016731430181363652,-0.008070366309469734,0.016742282437603954,-0.00805152844028351,0.01675313257159273,-0.008032010808291658,0.016764026245325764,-0.008011348491614,0.016775158303882216,-0.007990332049058179,0.016786257186361633,-0.007969466595107416,0.016797304690273455,-0.007948337638737852,0.016808308498545563,-0.007926648426562514,0.01681931864115207,-0.007904752703122308,0.016830281456107835,-0.007885850015107887,0.01684232790715024,-0.00786674682601087,0.01685432823007141,-0.007847650284952008,0.016866274642624482,-0.007828741161463426,0.016878173385877705,-0.007818317698292622,0.016896044113552208,-0.007807602401722078,0.01691387939257653,-0.007800906665790244,0.01693344933900207,-0.007799447155613626,0.01695588995464529,-0.0078022454403274205,0.01698037615029569
Malawi,130,All pasture-based animal products,0,2023,2287.7291999999998,199091.15,,1.2187616615440179e-05,0.0006289523768626409,0.02,0.7,0.013161814962532437,0.03648444691603474,0.01316138975615988,0.03631706697324811,0.013161004416480493,0.036148911993860076,0.01316033310307009,0.03597998363638394,0.013161187349192444,0.03581055941899262,0.013163734311661575,0.03564069053298112,0.013173056990758165,0.03547411795774729,0.013182962204295184,0.03530676086447706,0.013192054821145119,0.03513866737225481,0.013199356900901748,0.034970314272237096,0.013205839646584623,0.03480120103910789,0.01320791445162613,0.034647314006675374,0.013230515543820792,0.03451425900623884,0.013250588292796477,0.0343816343339065,0.013290806511171583,0.03426904721410814,0.013347214632255907,0.03417073238107606,0.013400714739554462,0.03407339361182163,0.013455926036248804,0.033975468525235836,0.013508703290372811,0.0338778005041688,0.013560712245736233,0.03377926919528051,0.013624745511087945,0.03368928657183261,0.01368880178603688,0.03359833282340426,0.013749176613445132,0.03351030752783993,0.013809340499525074,0.033421301780046125,0.013866179330896348,0.033334117350926916,0.013927108096051313,0.03324755522602506,0.013987071370144382,0.0331601293047004,0.014043313104050048,0.03309041226941727,0.014096517654999998,0.03302183673134041,0.014148907619324516,0.03295233156848549,0.014204887082242174,0.03288306381004551,0.014260857040520394,0.032812751665743316,0.014312944581411313,0.032756986438126856,0.014362101668983378,0.032723017957549706,0.014412659514811637,0.032688590091739994,0.014477601836040088,0.03266476892304134,0.014539737693590238,0.03266272817421778,0.014605566292982791,0.0326609396429948,0.014668589456298071,0.032659850326359936,0.01473769438938655,0.03266073401164084,0.014628387200155933,0.032661992917424804,0.0145305781533121,0.032741031796715954,0.014431550902934423,0.03281945122654087,0.014391132061965394,0.0329393828363408,0.014348227294570047,0.03305856874033366,0.014299095130682067,0.033197544519278935,0.014260023267450888,0.03334144101496874,0.014218954177997366,0.03348975560182291,0.014182917343391471,0.03363882486785132,0.014161344554866364,0.03378998476683631,0.014149327016614682,0.033941876288905284,0.01414460430855591,0.03409516696143273,0.014133028317925617,0.03425176006475308,0.014128492246832294,0.034417827741880014,0.014124154804403712,0.034587675670916175,0.014123866669177951,0.034758610492879274,0.014124219632700904,0.03492877962929769,0.014124245734602766,0.035098175693996723,0.014124327742644585,0.03526686635006859,0.014126021442361579,0.03543511652086384,0.014128037516217901,0.03560292727284567,0.014131495856796534,0.03577018119222654
Malaysia,131,All pasture-based animal products,0,2023,380.231,89415.38,,3.0315314946041198e-05,0.0015511223027888839,0.02,0.7,0.03579812284920597,0.0776678455831894,0.035799637449504894,0.07747277079442007,0.03580338106013875,0.07728178456247688,0.03581019214490178,0.07709699077943595,0.03581700291277299,0.07691169729047884,0.03582396822755983,0.07672632170066142,0.03583504810408561,0.07654993021885702,0.035849569395061925,0.0763812377643686,0.03586558553382724,0.07621460825046572,0.03588217615972399,0.07604827172642116,0.035899182603213585,0.07588191846666816,0.03591655462388817,0.07571543426122691,0.03594059410748782,0.07556523566648779,0.03596624848704197,0.07541677929100134,0.035993588106542955,0.07527321164098444,0.036021859707227266,0.07513015405200339,0.03605017240663926,0.07498761245555356,0.03608343779767718,0.07485205677702858,0.036118856079269845,0.07471865515565651,0.03615544567981099,0.07458588923164393,0.03619205078668148,0.07445257026473583,0.036228707201432876,0.07431870084285742,0.036275186726838896,0.07421124826287732,0.036318762659143466,0.07410371372135982,0.03637181592417163,0.07400653147600018,0.036424812740539124,0.07390878942974874,0.03647903985190819,0.07381147187026424,0.03655688124899694,0.07372731485434753,0.03663462715172698,0.07364260291049282,0.03671214297192751,0.07355745660155992,0.03678967389271007,0.07347173334007367,0.03686890975265804,0.07338682267015864,0.03694858001281775,0.07330135488270559,0.03703467884630464,0.07321684262786018,0.03712755913553491,0.07313343467547805,0.0372255382066705,0.07305157738182241,0.037316301579035364,0.07297333264978864,0.03740427651388983,0.07289493121473786,0.03748686391999272,0.07281789292728874,0.03756605309475068,0.0727409299548829,0.037405258493059576,0.0726657731259858,0.03720874425685265,0.07261733863815757,0.037021373482148554,0.07256948964244667,0.036848247296187325,0.07252701563593339,0.036685584704045815,0.07248797450311423,0.036552083042886915,0.07245226672285389,0.03648374874553956,0.0724312762437529,0.03641302018665042,0.0724184383580733,0.03637298354543106,0.07241414914823475,0.03634442170635061,0.0724160320349432,0.036322180636921934,0.0724204167145492,0.03630502315858029,0.07242535559897309,0.03628965289891812,0.0724297258841589,0.03627537464664032,0.07243350559706997,0.03625366722834078,0.0724374008898796,0.036261531656052594,0.07262367555647405,0.03626421119221443,0.07281110236770126,0.03626923741570837,0.07299817149875057,0.03627073535818566,0.07318537516491669,0.03627352637875629,0.07337514063733364,0.03626622197074053,0.07357810776445818,0.03625673587265133,0.07378075574615767
Maldives,132,All pasture-based animal products,0,2023,1.4377,867.58,,4.128215665301426e-05,0.0020457912176940797,0.02,0.7,-0.22302218665724155,0.17926553073583973,-0.22302141493510375,0.1791508900994163,-0.2230198779956633,0.17903666263114773,-0.22301758503013375,0.17892280147147802,-0.2230145475035749,0.17880926411776163,-0.2230107788241269,0.17869601198359442,-0.22300629405657085,0.17858301000953097,-0.22300110967384495,0.17847022631836276,-0.22299524334114657,0.17835763190910317,-0.22298871372808288,0.17824520038470867,-0.22298150097658886,0.17813381605436832,-0.2229735725238983,0.17802336878032587,-0.22296490408583935,0.17791375990928113,-0.22295547845180927,0.17780490089518738,-0.22294528446377793,0.1776967121149021,-0.222934316148264,0.17758912184569914,-0.22292289897906198,0.17748153155376492,-0.22291105536396844,0.17737393186983877,-0.2229013887646424,0.17726681400295782,-0.22289389915066482,0.17716017747755278,-0.22288600545921364,0.17705352271995456,-0.22288379268913275,0.1769560933248207,-0.2228913764433736,0.17687214556956485,-0.22289938517389235,0.1767912218714257,-0.2229066267820477,0.176710975366647,-0.22291378147263957,0.17663065369748576,-0.22292086865954647,0.17655025592961304,-0.2229279075149205,0.1764697813559316,-0.2229349169686648,0.17638922947985528,-0.2229419157084215,0.17630859999982798,-0.22294814245491204,0.17622842273284509,-0.22295368555161174,0.17614843095197136,-0.22295897570489503,0.1760683808682632,-0.22296580719814732,0.17598857761891668,-0.22297345368862537,0.17590881046657403,-0.22298730162238645,0.17583141066900432,-0.22300038623528015,0.17575470851071703,-0.223013004047942,0.17567955414994219,-0.22305346376426288,0.17563489848325203,-0.22317035944484534,0.17563938611423835,-0.22300326118281355,0.1756499174131178,-0.22284830684068216,0.17566620459013202,-0.2227202960721443,0.17569389258703969,-0.22262129385212348,0.17573273282279825,-0.22260711582744286,0.17582123092594532,-0.22259138226674216,0.17592516407960174,-0.22257496507583416,0.17602917587271583,-0.2225572530207071,0.17613335774186192,-0.222538358383414,0.1762440303581947,-0.22251074418359554,0.17635480749824625,-0.2224864894902115,0.17646583266688118,-0.22246525855651014,0.1765773356101937,-0.2224480826130513,0.17668931682584843,-0.22243189346953066,0.17680135465444732,-0.22241499899289252,0.17691351440928613,-0.22239904434746519,0.17702566465219466,-0.22238591255261944,0.177138305474016,-0.22237718307199048,0.17725217217216005,-0.22237163071061544,0.17736717471756216,-0.22236850331232957,0.17748247807671186,-0.2223666084056805,0.17759793445007516,-0.2223664832838821,0.17771372211525036
Mali,133,All pasture-based animal products,0,2023,35001.0,390761.26,,2.0255117314121936e-06,0.0001060331838053532,0.02,0.7,-0.002122720499571941,0.012957718065674919,-0.0021200971481915437,0.012880158158181367,-0.002116801783702875,0.012802168688926233,-0.002110788535672564,0.012724579912929048,-0.002102008818936338,0.01264741090939054,-0.0020921222951117077,0.012569871478488094,-0.002081150321953003,0.012491946022076867,-0.0020711453563289697,0.012413590032134963,-0.0020575397095931314,0.012336265362189059,-0.002045495773621172,0.012258636052325975,-0.002034343734839428,0.012180530029560719,-0.0020331396121777605,0.01210958451998459,-0.002038513291851867,0.012041709343639807,-0.0020489553884781276,0.011975488018258233,-0.0020552581106403605,0.011910712213519994,-0.0020592250405504094,0.011845929334177057,-0.002062964470591929,0.011780534635822468,-0.0020637718617112846,0.011715470839737084,-0.002064210099640396,0.011649782840288888,-0.002059694424894037,0.011586405929779449,-0.0020522602535867204,0.01152330267722475,-0.002044294537646105,0.01145955716299879,-0.00204334697729811,0.01139901187365747,-0.0020471472857269742,0.011339651862771678,-0.0020567355808856166,0.011282285959411373,-0.0020641665239141045,0.011224687250038435,-0.0020718949567734755,0.0111663715844097,-0.00207783934946433,0.011107640526443965,-0.002082405730382364,0.011048348794477445,-0.002078519944160731,0.01099828681770454,-0.002090929450665448,0.010963726247214324,-0.0021033025154506037,0.010928387500004737,-0.0021159222025076887,0.010892268455428766,-0.002117642347956899,0.010855373295297536,-0.0021198967535857012,0.010817702033610968,-0.002122790159824803,0.010779257083284914,-0.0021181757950389426,0.010740033025021778,-0.002114153327940869,0.010700012205890813,-0.002110670671423267,0.010659180002475701,-0.0020983112341354812,0.010617559724562216,-0.002079050443073098,0.010575120283638278,-0.00205632551974698,0.010533042998478216,-0.0020282687513626524,0.010493242224172228,-0.001996452345464984,0.010454003456533629,-0.0019613627211967494,0.010414937183256836,-0.001915866627325606,0.010390742559095516,-0.0018639838389574795,0.010370239206164311,-0.001812290478101118,0.010348819339623302,-0.0017587463420967418,0.010326792481503156,-0.0017454197171278892,0.010373833221718368,-0.0017314540483376458,0.010419991742555885,-0.0017084134846371002,0.010475489484654339,-0.001710545412562899,0.01056419978930476,-0.0017095396325324723,0.010653010966902306,-0.001707170608174261,0.010741148244108607,-0.0017039948815998991,0.010828518375268223,-0.0016990679194540548,0.010915376944570959,-0.0017019950412186082,0.011006136574048206,-0.0017038064233954352,0.011096246696390555,-0.0017026570019166923,0.0111865083726659,-0.0017034535624729692,0.011276377093669398,-0.0017026768566267161,0.01136577808751884
Martinique,135,All pasture-based animal products,0,2006,11.15,2408.0,,0.00012654988470161936,0.006541290069609887,0.02,0.7,0.010906581331001142,0.1297353956695709,0.010908435301357017,0.12924844146279102,0.010907347236850183,0.1287668844338119,0.010906110811425526,0.1282834649307416,0.010905904376624642,0.12779869968380533,0.010902040864340748,0.12732482428601413,0.010907597019355023,0.1268769426166975,0.010911182170267134,0.12642984563502058,0.010910778569875296,0.12599716824725285,0.01090719997537868,0.12557108689658636,0.010906373870832244,0.12514635725803183,0.010900390592561253,0.12478192152503764,0.010889770592395327,0.12451832442082093,0.010901163663560897,0.12435149956947479,0.010908649615775605,0.12419771893700472,0.010915210886841413,0.12404236778322765,0.010916627223929474,0.12394919679545871,0.010922679358638858,0.12386229191703797,0.010874460309885647,0.1237735358251621,0.01066695794293146,0.12369519113228694,0.010457264078247229,0.12361812052270331,0.01024399169939666,0.12355021265275253,0.009918238525010128,0.12348781035755775,0.009575249830977111,0.12342421071708881,0.009576034898937387,0.1233946647432199,0.009457315233274026,0.12336558357317245,0.009338357600034774,0.12333437005165805,0.009227998032783291,0.12332578478283908,0.009072270979128973,0.12332089837599187,0.00891602988072053,0.12331402824703311,0.00875661586102823,0.12331260829417266,0.008632707321178601,0.12331214593727784,0.008345484992557092,0.12331232117519743,0.008057567775455104,0.12331064022902026,0.007579615645555968,0.12331702538628952,0.007096900643381088,0.12334071902643497,0.006589690434828266,0.12336282766140193,0.006080062575255826,0.12338656019365936,0.005569971424192521,0.12340828201471057,0.005840751542785169,0.12387910488334358,0.006116441990959905,0.12434843029966972,0.00639469871313356,0.12481887779043647,0.006590019861049037,0.12529384311684594,0.006781339531862436,0.1257786957940474,0.00682278238505795,0.12627957819001023,,,,,,,,,,,,,,,,,,,,,,,,,,,,,,,,,,
Mauritania,136,All pasture-based animal products,0,2023,39299.2445,245129.98,,8.361974925063851e-10,4.28642015713443e-08,0.02,0.7,2.0092452500810242e-05,0.00042983459968543486,2.0097320468368375e-05,0.00042886204607372515,2.010535798643593e-05,0.0004278878078118594,2.0118470879258938e-05,0.00042691268541888863,2.0137536218582924e-05,0.00042593715734353684,2.016043258896722e-05,0.00042496013583889617,2.0187733399253723e-05,0.00042398184741085506,2.0219307663756265e-05,0.00042300221541475354,2.0241573147891287e-05,0.000422025098460533,2.0260337548481014e-05,0.00042104631599759805,2.0251319524483335e-05,0.0004201129408434857,2.0184436256927673e-05,0.0004194386989176983,2.006940670782974e-05,0.000418927608386961,1.989488869271728e-05,0.00041869265884806743,1.97700418043401e-05,0.00041856013968267613,1.9705464742700936e-05,0.00041857396470610525,1.9676524924636188e-05,0.0004186423821627132,1.9666641981466093e-05,0.00041872586787381996,1.9665748869552513e-05,0.00041881103578968746,1.9664266668198682e-05,0.0004188938423746271,1.966867499253607e-05,0.00041897604147780887,1.9665033908784376e-05,0.000419059408403112,1.965574552097435e-05,0.0004191421233621479,1.9578406021803057e-05,0.000419615287389209,1.9530218404747488e-05,0.000420125341032661,1.9522788177017834e-05,0.00042070647065996236,1.9514419972437072e-05,0.0004212852993069586,1.9510807928057854e-05,0.00042186295747410744,1.9524069739740826e-05,0.0004224522147890153,1.9541714889208843e-05,0.0004230401495849707,1.9564323140077448e-05,0.0004236270506824894,1.957050718352595e-05,0.00042422726008900773,1.9596205092968264e-05,0.0004248436934901354,1.959431716037608e-05,0.00042550501140640817,1.959443433848262e-05,0.0004261642725975817,1.9605424454247875e-05,0.0004268272736182213,1.962500804818033e-05,0.0004274918187286667,1.9655413513771382e-05,0.00042816008787026707,1.9698204260507654e-05,0.000428833894726779,1.9761639266123316e-05,0.00042952631747525215,1.9728505914642835e-05,0.00043021661446831214,1.9705870117564133e-05,0.00043091052026839684,1.967925070079597e-05,0.00043160240063176887,1.966050962549603e-05,0.0004322925048609363,1.9643424831455383e-05,0.0004329804876591586,1.962480527789012e-05,0.0004336663265742612,1.9596008918603635e-05,0.0004343540558811459,1.9598933218086315e-05,0.00043505343944010315,1.9614773853251924e-05,0.00043575238011455097,1.9548328909244153e-05,0.0004364831835236107,1.9481611684173658e-05,0.0004372118852653175,1.9419266255625896e-05,0.00043793885119318703,1.9358450892056856e-05,0.0004386637553500086,1.9346577387771188e-05,0.0004394707627067372,1.930867115983631e-05,0.000440309796046156,1.934394975459408e-05,0.00044122811764083587,1.9359292553074758e-05,0.00044215445507832566,1.9368320084313277e-05,0.0004430801783062892,1.9365809708848224e-05,0.0004440203707283406,1.9371815440102887e-05,0.0004449598718327956,1.9376286734625086e-05,0.0004458975206444252,1.9380453664503032e-05,0.0004468332028769116
Mauritius,137,All pasture-based animal products,0,2023,15.2074,4889.91,,0.00038087825198876733,0.016491724518823813,0.02,0.7,-0.2579626496948015,0.16770328921231306,-0.25796021500784705,0.16656933922040068,-0.2579554370577125,0.16543316120878002,-0.257947259412836,0.16429206819346628,-0.25793564019564497,0.16314446753333298,-0.25792061885804063,0.16199155829779419,-0.25790439726823705,0.16083733782184237,-0.2578846740188313,0.1596767410443671,-0.2578614965454543,0.15850891023746147,-0.25783486960013535,0.1573336132092278,-0.2578047934217551,0.15615063001289353,-0.25777124828810044,0.1549598244103512,-0.25774020362152295,0.15375947246232904,-0.2577067059865277,0.15255416105281008,-0.25767111175493934,0.1513441819589075,-0.2576876789306942,0.15017491980870468,-0.2577014188439878,0.14899558814175373,-0.2589044021120067,0.14842215246501142,-0.2610553293162235,0.14831898402975585,-0.2632061701353988,0.1482047003660014,-0.26557315729417014,0.14817392452146125,-0.2679416872802313,0.14814124059635367,-0.2703107442990778,0.14810543657309377,-0.2727437161119118,0.14811359246476424,-0.2753012826701066,0.1482042170765639,-0.27787580167179177,0.1483051409868644,-0.28045406061755423,0.14840550808416617,-0.28310356575388224,0.14855229261447753,-0.28578616670767987,0.14872003140678824,-0.2885977972424764,0.1489258997477275,-0.29141698337405847,0.14912194793251682,-0.2942421911255596,0.14931876172010877,-0.29714177088438853,0.14952988585095825,-0.30004627915330795,0.14973074816735985,-0.30299572803527886,0.14993424325176016,-0.306074710363505,0.1501743507544973,-0.3091533621539505,0.15040375443794568,-0.31223320356164996,0.15062929841597705,-0.3153296830673011,0.15084779456610417,-0.31843042576297753,0.15105618149877328,-0.3168076280942176,0.15141128639475968,-0.31521549442384456,0.1518058620259319,-0.3136106023966717,0.15219213806539134,-0.311987557285781,0.1525913226307602,-0.31034839116496926,0.15298291485386556,-0.3087307810718364,0.15336542890553995,-0.30764309837307996,0.15392499865575882,-0.3065559365400395,0.154474625879238,-0.3054899883195494,0.15505359377140734,-0.30440468882471344,0.1556358127005226,-0.3036131864851541,0.15650908979750938,-0.3028082926956871,0.15740047562469886,-0.30225530815357393,0.15835663123782764,-0.3016986898338055,0.1593059368766691,-0.30115978135202576,0.1602502438370634,-0.30077132954081687,0.16123746433632621,-0.30042165815645167,0.16222598637966804,-0.3003308728183757,0.16331439837585945,-0.30023837661866404,0.16439635507610523,-0.3001450707908914,0.1654701623317259,-0.3000531541717418,0.16654408109638053,-0.2999606877387274,0.1676101638051805
Melanesia,5502,All pasture-based animal products,0,2023,648.2483000000001,32796.880000000005,,2.4705152748695327e-06,0.0001268457945745592,0.02,0.7,0.0013774206322007543,0.012198695806194877,0.0013878634014378444,0.012098408042979866,0.0014083102881834453,0.01199853189022222,0.0014779229649323072,0.01192520435917065,0.0015484064047738728,0.01185098680092797,0.0016198153129045045,0.011775877717825588,0.0016939984614346704,0.011699931384253643,0.001804313141532378,0.011626847220571213,0.0018965178136819,0.011555228719556566,0.0019844276768008935,0.011485499747281813,0.00204744251768834,0.011415709858469965,0.002110586686104641,0.011344897088401598,0.002170832698006518,0.011275016965399596,0.0022304747395594897,0.011204074260968661,0.002288291191523538,0.01113219504216006,0.002352683780497423,0.011059385095133345,0.00241171781733464,0.01098709648345817,0.002472379139656115,0.01091379392796534,0.0025290975901529275,0.010839492397035445,0.0025836199602088487,0.010764049171848242,0.002652226454733675,0.010688769870711646,0.0027134075130729914,0.010616548753344153,0.002788812232015093,0.010544539363884239,0.0028676528000300926,0.01047124555014654,0.0029531953042574374,0.01040339559791222,0.0030281287446545235,0.010336115210731642,0.0031029400055102054,0.01026745309158397,0.0031765093233550833,0.01019746021580657,0.0032563667075623352,0.010126447053681044,0.003324582234980304,0.010055331145179916,0.003393627629076381,0.009982799623758991,0.003515702051246972,0.009929934302063494,0.0036223150153350397,0.009899362228910384,0.0037242633697743893,0.00986746658344211,0.003825021861764956,0.009833989961832679,0.003940529003796274,0.009799542094309083,0.004060378020250652,0.00976362669037469,0.004180127971473721,0.009726102037810878,0.004303382493497626,0.009687026906845475,0.0044269639194937545,0.009646284168535014,0.004543571585385034,0.009603849677208601,0.004659828611789556,0.009559715792209706,0.004707416682431483,0.009526351958346377,0.004763877307430867,0.00949664778199221,0.004847096811423481,0.009466660139426764,0.004929822528442605,0.009434874449516732,0.005014454900118608,0.009401279305998581,0.005100525952303874,0.009365854438421218,0.005076455350753912,0.009487814980654853,0.005083103005341125,0.009609432337613246,0.005091046487260941,0.009729332235458172,0.005086849081997911,0.009847923241483435,0.005087467118830317,0.009965222477077849,0.005091122725886529,0.010082720745434244,0.005085818582336459,0.010201313882142108,0.005077905854793512,0.010318737541500441,0.005070062754179461,0.010434772338234255,0.005056900271421839,0.010550579479849758,0.005037036441328952,0.010665746176497596,0.005023188063197947,0.010780084512679432,0.005013692643627954,0.010893415931179592,0.0050116916268195,0.011006180448558936
Mexico,138,All pasture-based animal products,0,2023,77165.512,16130676.39,,1.2711592873321744e-06,6.474562531903119e-05,0.02,0.7,0.001311841249257776,0.022385322111727664,0.0013118773913461455,0.02235707648535922,0.0013120041434282123,0.022329443894002755,0.0013121269437596787,0.022301779156043647,0.0013122510019849018,0.02227407835870888,0.0013135513824886868,0.02227191302665021,0.001314833690179808,0.02227000780227666,0.0013161182702393893,0.022268067143376924,0.0013173890215002688,0.02226617141475299,0.0013168886759436537,0.022264260618031367,0.0013165994399692233,0.02226231379308251,0.0013090875683032122,0.02227271129567324,0.0013005902660489545,0.022283293431082755,0.0012908422443165084,0.022294199635992867,0.0012812564093429108,0.02230533877203642,0.0012716868572058126,0.02231644475377989,0.0012622618292986599,0.022327718035735123,0.0012505854510212995,0.022339063569682606,0.0012387924990292301,0.022350562714816023,0.0012269860736336393,0.022362030559825715,0.0012151945747744556,0.02237346233581591,0.0012033378642798461,0.022384975056763616,0.0012114281800263,0.022397064204959048,0.0012207997779716995,0.022410038734399187,0.0012298790865106603,0.022423036871173575,0.0012400576322489695,0.02243674967257856,0.0012521949063900965,0.022452543983313283,0.0012651689442560836,0.022468789669956482,0.0012815135635714714,0.022491789158021497,0.0012974009720685426,0.022514915840172477,0.0013120056385930766,0.02253943265885108,0.001326690665126297,0.022563958270469763,0.0013417123045528345,0.02258869739144448,0.0013564456677821034,0.022613693417222882,0.0013709970055108892,0.022638745024856022,0.0013853749523963935,0.022663888595715168,0.0013997717905551736,0.02268899823239911,0.0014144551738523954,0.02271435337469415,0.001429571594219933,0.022740037285125077,0.0014448776937653531,0.022765771082966305,0.0014650234418594477,0.02279151534598778,0.0014850502172567793,0.022817262681623336,0.0015050249976826654,0.022843060986445896,0.0015246822337284457,0.022868964629591367,0.0015440339609386648,0.02289514982800831,0.001563316842566823,0.022921315062601286,0.0015827433221180824,0.02294763003781072,0.0015978508180873106,0.02297392582971947,0.0016094997232798673,0.023000552233952525,0.0016185632564421437,0.02302724438610188,0.0016260769584250105,0.023054083036916084,0.001631209850417926,0.02308098966771328,0.001631441172364511,0.023108102234799137,0.0016296655091643086,0.02313527626074152,0.0016278347972434064,0.023162440767012796,0.0016260264594322445,0.023189619500278102,0.0016242840044318081,0.02321684816520418,0.0016223507950448904,0.023244071531429208,0.0016205202899509657,0.023271280238684387,0.00162048522657062,0.023298468304004078,0.001620391539240337,0.02332563916602776,0.0016197527411236407,0.023352813962609215
Micronesia,5503,All pasture-based animal products,0,2023,14.013499999999999,263.58,,9.142823730265503e-06,0.00047136079822985606,0.02,0.7,,,,,,,,,,,,,,,,,,,,,,,,,,,,,,,,,,,,,,,,,,,,,,,,,,,,,,,,,,,,,0.03488537652007717,0.17529466388249157,0.03488542513611004,0.17526858805370102,0.03488545318359648,0.1752425092034728,0.03488552984014426,0.17521643101928674,0.03488580505038874,0.17519041731479254,0.03488610269709935,0.17516440071214445,0.03488642278027765,0.17513838120946268,0.034886043548764345,0.17511235880485598,0.03488568675371839,0.1750863334964522,0.03488535239513779,0.17506030528236768,0.0348858830140415,0.17503427416071754,0.034886436207292926,0.1750082401296157,0.03488699845408294,0.17498220318718483,0.034887563929849374,0.17495616333151598,0.03488814298648135,0.1749301205607395,0.03488871772891298,0.1749040748729612,0.034891130951989965,0.17488824055598087,0.03489762369899012,0.1748846901701648,0.03490361425505166,0.1748814390414081,0.034912047961115085,0.17488811306658034,0.03492139092301387,0.17490255534563412,0.03493141173483362,0.17491786814510976,0.03494129292229714,0.17493396631569497,0.03495195799729628,0.17495090440620156,0.03496249348342597,0.1749678792125718,0.034972729630436045,0.17498565262685026,0.034982599080628646,0.1750074811887245,0.03498168797830085,0.1750296342685561,0.03498200595202749,0.17505323595489064,0.034981993628253064,0.175079330753194,0.034981910228780784,0.17510543236323367,0.034981860450892036,0.17513153228036332
Micronesia (Federated States of),145,All pasture-based animal products,0,2023,3.2189,263.58,,7.962399733862163e-06,0.00041097965540019403,0.02,0.7,,,,,,,,,,,,,,,,,,,,,,,,,,,,,,,,,,,,,,,,,,,,,,,,,,,,,,,,,,,,,0.010737636062022382,0.16368198581195095,0.010737586997422444,0.16365766547845084,0.010737559431475363,0.16363334233118365,0.010737482815879162,0.16360901980902806,0.01073721914421788,0.1635847574295299,0.010736932536039467,0.16356049235116518,0.01073662299134237,0.1635362245721786,0.010736290510124813,0.1635119540908245,0.010735935092384907,0.16348768090536697,0.010735556738120655,0.16346340501403625,0.010736320022730839,0.16343912641508324,0.010737060370818785,0.1634148451067576,0.010737759695676363,0.16339056108730235,0.010738409833842333,0.163366274354954,0.010739025138718938,0.16334198490796406,0.010739580792245379,0.1633176927445715,0.01074339064466829,0.16330292446992523,0.010743913473031854,0.16329961310930957,0.010740237639440695,0.1632965808623575,0.010732184016395238,0.16330280555838744,0.010728680823359014,0.16331627551123418,0.010724306179635155,0.16333055738045024,0.010721142577775818,0.1633455717493709,0.01071731086847412,0.16336136949418792,0.010713637476415969,0.16337720148714843,0.010710936785632402,0.16339377832518154,0.010710333087539051,0.16341413729788645,0.01070927680954414,0.16343479894418553,0.010707551743852708,0.16345681167181494,0.010707559758128005,0.16348114966315014,0.010707644134556066,0.16350549401179526,0.010707694333063959,0.16352983678568922
Middle Africa,5102,All pasture-based animal products,0,2023,123992.1973,2306142.84,,2.0070560712605709e-07,1.0197594212538373e-05,0.02,0.7,-0.005718998876076853,0.019617508191396026,-0.005718998577253442,0.019612392055334944,-0.005718993753763453,0.01960727466546748,-0.005719236821827213,0.019602321589700038,-0.005719790241872823,0.019597602222943638,-0.005720428833874913,0.019592906688667006,-0.005721001931572253,0.019588230350188574,-0.00572161136151441,0.019583557717687248,-0.005722460356453496,0.01957903636879902,-0.00572310327833781,0.01957519463646336,-0.00572383400785385,0.019571377401232357,-0.005724746696974502,0.01956765642196832,-0.005726445434774203,0.019564923178397,-0.005729190501931082,0.019563700102311433,-0.005731764688204417,0.019562718054966663,-0.00573416022698545,0.019561995105168463,-0.005736413551070728,0.01956140917572725,-0.005738626364253422,0.019560829185551798,-0.005740653152109833,0.019560581809390794,-0.005742524277163871,0.01956050149911946,-0.00574453604973144,0.019560481890067063,-0.005746625534741163,0.019560481498214204,-0.005748630165156197,0.01956051795937953,-0.005751016111003052,0.019560879191764236,-0.0057533083527170695,0.019561287202780005,-0.005755579751814494,0.019561695697176,-0.005757763258186785,0.01956214427616018,-0.005759920358818287,0.019562594595306754,-0.005762120474454721,0.019563050302720757,-0.005764287772673066,0.019563509514150975,-0.005766420377597281,0.0195639735277827,-0.005768456276775576,0.019564490966615205,-0.005770715674559183,0.01956527133171989,-0.005773124177219568,0.0195661978914748,-0.00577561920807872,0.0195671414835631,-0.00577780222283963,0.019568847841704668,-0.0057799768705272415,0.01957055427318861,-0.005782247030655141,0.019572335671944073,-0.005784530289141837,0.01957411969789327,-0.005786589021050194,0.01957611538124183,-0.005785136709631839,0.01957813046768061,-0.00578421141342693,0.01958046432671695,-0.00578360968307857,0.01958284113058984,-0.0057834881183416904,0.0195852544226511,-0.005782763442598216,0.019587871137692583,-0.0057820992251808095,0.019590488991584984,-0.005781545652709111,0.01959317084286564,-0.005781052874163016,0.019595855484176247,-0.005780861734762201,0.019598836861287577,-0.005781141899399879,0.019602052374678457,-0.005781337893692143,0.01960531809448559,-0.005781479815786499,0.01960858935200616,-0.005781617501132296,0.019611901048352063,-0.005782179894489727,0.019615570051103117,-0.0057827351555805335,0.019619341809821545,-0.005782878767105812,0.019623168981272407,-0.005782938317770903,0.019627025912046174,-0.005782991752795488,0.019630948313103462,-0.005782709124263643,0.019635992013590377,-0.005782446809262042,0.019641035556143115,-0.005782179097463597,0.01964608740543591,-0.005782166568815089,0.01965117286669405
Mongolia,141,All pasture-based animal products,0,2023,106318.2772,1136820.0,,1.2923558979713507e-05,0.0006505308319034475,0.02,0.7,0.042410527192246875,0.03919832181909461,0.0424200980494561,0.03903708551668376,0.04243104182274848,0.038875295661555904,0.0424420611049163,0.03871279595165672,0.042451405502901954,0.03855403301365419,0.0424687946830256,0.03839723172337455,0.04248456624587818,0.03823999855349802,0.04251268813541923,0.038086568051327985,0.04253873806279984,0.0379333373650591,0.042563051619055194,0.037779767366864274,0.04259087767354808,0.03762617972567795,0.04261950269105799,0.03747186078637727,0.04264865763285681,0.03731677328807064,0.04267594234019064,0.03716464490612969,0.04270148467693807,0.03701232557104915,0.04266567708057381,0.03685976391229092,0.042642043168993754,0.03670947248096248,0.042617965743187686,0.036562588691196496,0.04259274208465029,0.03641495616545415,0.04257346277476354,0.03626856527965856,0.042559856512220114,0.03612306931353744,0.04254609699086262,0.03597669004108447,0.042535077402075135,0.03582961127204103,0.042523901229339564,0.03568195092214324,0.0425152266311247,0.0355337926727428,0.0425043857993811,0.03538727447780255,0.042497791450442905,0.03524028886622201,0.04249786520115274,0.03509340682326481,0.04249433571503704,0.03494636603850017,0.04249288388878565,0.03479854482360555,0.04248987282460552,0.03464980193786623,0.042467748332887766,0.03450388016122311,0.042373639365371904,0.034369295493510026,0.04227984888351339,0.034233776556791704,0.042184571808636266,0.03410202738592034,0.042087256804428326,0.03397266544172249,0.04201106591497244,0.03384233090587688,0.04193157822230341,0.03371498335430845,0.04182687576759421,0.033609256229638375,0.04176237854810888,0.03351941592323913,0.04177924494667129,0.0334854282816334,0.04180609219202415,0.03345353431862557,0.04163145842953207,0.03342502493542672,0.04146319156600367,0.033408082636881366,0.04133250986565061,0.03341296455593165,0.04119708634983396,0.03341706624037351,0.04105970398866943,0.03342158186180471,0.0409214318030687,0.03342557092085484,0.04078846042340062,0.03343673086939066,0.04072469395329187,0.03348831921793915,0.040666521799884656,0.03355205634531256,0.04060845053610536,0.033618806494550894,0.04054998585720632,0.03369159591249635,0.0404936835909021,0.033766338044973844,0.040460075016353056,0.03387452372612561,0.040431777997682064,0.03398321195719906,0.04040212523493687,0.03409132995440687,0.04037041838117135,0.034200402067569635,0.040342586179982216,0.03430932706397731,0.04033392529834766,0.0344296587929697,0.040378500315473166,0.0345802620739873,0.04045324495173738,0.03475755086639935
Montenegro,273,All pasture-based animal products,0,2023,250.58,161581.75,,0.0006624360663249105,0.03208200518180201,0.02,0.7,,,,,,,,,,,,,,,,,,,,,,,,,,,,,,,,,,,,,,,,,,,,,,,,,,,,,,,,,,,,,,,,,,,,,,,,,,,,,,,,,,,,,,,,,,,-0.4512583840681268,0.37086512510195274,-0.45124739743722264,0.3699755656304,-0.45123218972177565,0.3691167939595857,-0.4512033762347991,0.36827133737449963,-0.451166618714938,0.36744911288631477,-0.45260932694496603,0.36761700155263816,-0.45447854829760753,0.36827903153781705,-0.45437341387209834,0.3691017084182083,-0.4543607063365822,0.36994265681904187,-0.4543303692864387,0.3707935333038345,-0.4543188448724547,0.37164257906499953,-0.4543069728605501,0.3724894892221747,-0.45429268246372334,0.37333436237832274,-0.4542789267094565,0.37417713061919056,-0.4542695835300267,0.37501804039763453,-0.45427253362469133,0.37590000696542564,-0.45427296512451804,0.3767801094329261
Morocco,143,All pasture-based animal products,0,2023,21464.3173,2407203.0300000003,,1.12555998016062e-06,5.7709608285021514e-05,0.02,0.7,-0.005791831375834305,0.013758142073802484,-0.005776559537361517,0.013720397415579552,-0.005760416679325794,0.01368253936747831,-0.00574729957780248,0.013644668536816656,-0.005741485881573114,0.01360731277881342,-0.005742449973461399,0.01357040309924744,-0.005742744811222477,0.013533372934603641,-0.005742535434132082,0.013496218654954047,-0.005745289785449578,0.013459061074778128,-0.0057474226673451196,0.013421779555550807,-0.005749591958076715,0.013384367063325079,-0.005752645049927636,0.013346835121950382,-0.00575616478569442,0.013309173632547189,-0.005752534270128319,0.013272385867435486,-0.0057389357033845526,0.013237613842590428,-0.005727755529907083,0.013202810636272114,-0.005727954924437478,0.013169986517055685,-0.005736393827512832,0.013138215538053746,-0.0057618784887389,0.013110961611214248,-0.005758878606741841,0.01308391738020781,-0.005751006587908656,0.013057737570584512,-0.005744836189411048,0.013031513257719856,-0.005742535222217828,0.013005620899910626,-0.005754504207205365,0.012984693423305146,-0.005768411605149286,0.01296374655595217,-0.0057825564799004895,0.01294265628911015,-0.005791706310740402,0.01292247193854125,-0.005793308183450512,0.012904837396318456,-0.005789239814306353,0.012888447192983574,-0.005793760780365632,0.01287396924914796,-0.005797877720503311,0.012859348661715933,-0.005802600076983478,0.01284459171837299,-0.005819136294673552,0.012833306483990312,-0.005835517310782662,0.012822294330731331,-0.005852978256092614,0.012811171296802372,-0.0058742655735063085,0.012800353986072757,-0.005880571606668171,0.012810925775933749,-0.005903882451363984,0.012828091655482037,-0.005921572078382837,0.01284647058954808,-0.005939915665592981,0.012864714776014963,-0.005938404481240012,0.012883683343849518,-0.005932858360973231,0.012903164001429707,-0.0059302313941956425,0.012922771194932339,-0.0059238666114293514,0.012942793050924203,-0.005917103170351237,0.012962674496452893,-0.005907430649673633,0.012982740823559224,-0.00589550159729119,0.01300285669480398,-0.00588069257911906,0.013023152734348337,-0.005863232706395205,0.013043578111269955,-0.005841945842315783,0.013064455884066729,-0.005813093491106893,0.013087942073867542,-0.005777626992382254,0.01311329334889654,-0.005751119797041165,0.013140766758760457,-0.005723197029673341,0.013168175615143092,-0.005695239908715685,0.013195445805234863,-0.005667513827960949,0.01322258004822098,-0.005639656243565914,0.013249577912549744,-0.0056137686428733066,0.013276571673541121,-0.005590075755000635,0.013303593357883387,-0.005571957087421247,0.013330662800197879,-0.005557874429486477,0.013358070385884008,-0.005556672136149645,0.013399012686150453
Mozambique,144,All pasture-based animal products,0,2023,36337.1102,27621.0,,4.088582293889184e-07,2.036090745247091e-05,0.02,0.7,-0.0014594199475869984,0.004198907411926897,-0.00145688225311056,0.004150219332819781,-0.0014531852590568967,0.004101002627714279,-0.0014470420818317453,0.004051436579916214,-0.0014384692775083058,0.004001491934405206,-0.0014282873601515755,0.0039510004539343785,-0.0014169713482504662,0.003899882279921151,-0.0014035167749487723,0.003848243843787683,-0.0013880315566369775,0.003796035407049057,-0.0013707046727176042,0.00374319461872743,-0.0013506379343010202,0.0036898520337286856,-0.001331052186051132,0.003635685546827587,-0.0013086653401726059,0.00358094873058064,-0.0012840583281217496,0.0035254836190311187,-0.0012576567321023885,0.003469180115911265,-0.0012354593172063041,0.00341241720743615,-0.0012110009615311224,0.0033547817265675403,-0.0011850533774815167,0.0032961139687747365,-0.0011578613055599762,0.0032363298289597494,-0.0011292437859861462,0.003175378332198625,-0.0010992020928813767,0.003113185616505275,-0.0010702253437292267,0.00304964069168308,-0.0010423845493130642,0.0029846588626091432,-0.0010126681086185876,0.0029182104457508382,-0.0009813142470790175,0.002850157895223096,-0.0009507763675160319,0.0027803171704748907,-0.0009201435841739158,0.002708530611497817,-0.0008880033631099363,0.0026347004417706372,-0.0008548968174242472,0.002558607234054361,-0.0008265992378820401,0.0024805498431924988,-0.0007419830562878714,0.0025281739395694226,-0.0006592060029860223,0.0025732368895486704,-0.0005826576454545525,0.0026160796045545795,-0.0005040770082162787,0.0026566485999201246,-0.0004241950889402727,0.0026950432475955893,-0.00034601447962360316,0.002731543280459987,-0.0002679412080243506,0.00276605355250498,-0.00019027892096142723,0.002798600726546865,-0.00010854148966695214,0.0028293106893515175,-2.3573321583648423e-05,0.0028582228457803022,8.368987922686977e-05,0.002885444184190378,0.00010122767799901667,0.0029402725204538457,0.0001078072519509334,0.0029958088003173675,0.00011131306288797161,0.0030503738246980177,0.00012703912930377257,0.0031042997667019012,0.00014360411995957632,0.00315683150688972,0.0001644641665473933,0.003208478965821566,0.00018900803194455654,0.0032597937175910577,0.00021269913838579979,0.003311106021674855,0.00023579610778302304,0.003361477195434474,0.00025138382668876257,0.003412559124447455,0.0002571956543550799,0.0034639109223233992,0.0002649925860608602,0.0035143590031593243,0.0002664904147679485,0.003564581080046427,0.00026928038658768146,0.0036139011842546724,0.00024365784299396043,0.0036662158507958773,0.0002156508971728697,0.003717766789017687,0.00019064849480499664,0.0037687093868945176,0.0001705274032859197,0.0038194355718548256,0.00015224918022280952,0.0038694892199632575,0.00014506159203343423,0.003920972756509528,0.00014210586501616222,0.0039724376357212505
Myanmar,28,All pasture-based animal products,0,2023,480.0,1050617.99,,7.783754141917637e-05,0.00410158849434302,0.02,0.7,0.0029363148739507405,0.07532789679836163,0.002905327144780201,0.07481069730032423,0.0028612247723114326,0.07429344395455807,0.002783049797433934,0.07377593541739179,0.002709773094781487,0.07325647804558422,0.002636665334478261,0.07273322354595728,0.002530744896489079,0.07220704755525566,0.0024295376545374614,0.07167705256954389,0.0022012327857972025,0.07118905296121993,0.001975604674591791,0.07069704071150792,0.0017492543840653685,0.07020076203952152,0.0015158646891015731,0.06970053578997765,0.0013667758532056873,0.06930128824868607,0.0012204652587900489,0.0688980519270277,0.0010723269304722532,0.06849042918262095,0.0009221444562660108,0.06807839645057416,0.0007739375848667962,0.06766184339969841,0.0006258497999394597,0.06724040084637822,0.0004859908458441642,0.06681874860363445,0.0003461645378831438,0.06639202048048459,0.00021655550001227486,0.06596740626749288,0.00010548898602250056,0.06554505164647485,1.0613916593679024e-05,0.06513546118097789,-6.317203672094249e-05,0.0647510728424372,-0.00013704142982637335,0.06436110620835872,-0.00021565898925913,0.06396699345583404,-0.00029602145494789234,0.06356729961121887,-0.000376768450715978,0.06316171854379639,-0.0005090161335383724,0.06283981510606587,-0.0006597750331318666,0.06251890211989172,-0.0008152371202193448,0.062193246257031244,-0.0009727099115768231,0.06186155924458551,-0.001132696720159053,0.06152388590038693,-0.0013094417252253118,0.061180122893274146,-0.0014896666801788375,0.06082982835065719,-0.0016668500637575107,0.06047281079596381,-0.0018447843659391144,0.06010896236803073,-0.0020281185869521334,0.05973853173041756,-0.0020230898722358674,0.05936904730897293,-0.0019486134934889546,0.0590026598285434,-0.0018736610242244198,0.05862891202217558,-0.0017953072528132386,0.0582483763766099,-0.0017133524845127854,0.057860397082474854,-0.001619412083911139,0.057468844815748835,-0.0015039202572515557,0.057074395070912325,-0.001374535270925334,0.05667738224828384,-0.0012311056864102374,0.05627769555763614,-0.0010755683347280325,0.05587364966271985,-0.0009139708095367259,0.0554688814918381,-0.0007557063637915473,0.055059492948411844,-0.0005932522384213199,0.05464151126903091,-0.00041941125702572857,0.054217784756834184,-0.00023614072895730698,0.053786950909161135,-4.408195200448356e-05,0.05335080384372674,0.00015664180686136148,0.05290892945875919,0.0003649059985733408,0.05245721527902959,0.0005627327567930551,0.05199500812942678,0.0005816448087235261,0.05273464429734035,0.0005951646715860375,0.053464593353197726,0.0006062894562399719,0.054185288399227795,0.0006138799704087063,0.054897181086940514,0.0006176961469780497,0.05560074951553125
Namibia,147,All pasture-based animal products,0,2023,38087.5458,182210.28,,2.9324126481984803e-09,1.4829378781731608e-07,0.02,0.7,-0.0004899390617938349,0.000641166056239288,-0.0004904838235218223,0.0006393938269957227,-0.000491015166545359,0.0006376387136081038,-0.0004915727230062084,0.0006358841334646953,-0.0004922989660105292,0.0006342451403197967,-0.0004931212956909873,0.0006328576353444415,-0.0004939322444457448,0.0006314973589683883,-0.0004947503710509738,0.000630129504129065,-0.0004957899163214037,0.0006289251946687685,-0.0004970129830637393,0.0006278478339217769,-0.0004982248607444932,0.0006267674449136128,-0.000499428515516881,0.0006256806634266006,-0.0005007586490664321,0.0006246682031895935,-0.0005020835576170204,0.0006236477096078756,-0.000503723428299353,0.0006228774384445675,-0.0005054176566184851,0.0006222738426143155,-0.0005071077473288774,0.0006217170306419802,-0.000508784946381009,0.0006211618068796962,-0.0005104568863470297,0.0006206493425356885,-0.0005121178976604571,0.0006201608385330421,-0.0005142872044484632,0.0006201093543270889,-0.0005164846234345349,0.0006200582523953104,-0.0005186742345852332,0.0006200001999268823,-0.0005208540361712828,0.0006199370058968702,-0.0005230293495079618,0.0006198653484020424,-0.0005251953154680757,0.0006197880570308223,-0.000527369142528394,0.000619702830158851,-0.0005295318919771455,0.0006196373458624983,-0.0005316821841860542,0.0006195836794441441,-0.0005338311798287025,0.0006195210149223654,-0.0005359966853101119,0.0006195429289456717,-0.0005382010534850157,0.0006195709214782036,-0.0005404245438071369,0.0006195948546376144,-0.0005426545164538484,0.0006196105182356808,-0.0005448725551540119,0.0006196385266802686,-0.0005472827778482423,0.0006197894429579626,-0.0005499059388951009,0.0006200807158156291,-0.00055255038802425,0.0006204609606324527,-0.0005553279964272109,0.0006211045112158942,-0.0005582569662481852,0.000622036015386209,-0.000556860252530936,0.000623025999218616,-0.0005554554089232007,0.0006240395558375516,-0.0005539998361228323,0.0006250605246951812,-0.0005530784608589538,0.000626327129862991,-0.0005521395599590236,0.0006277618098131022,-0.0005514928404851144,0.000629267570511859,-0.0005508539488017663,0.0006307649378784267,-0.0005501935007522495,0.0006322574773366622,-0.0005495297428611395,0.0006337415598315652,-0.0005488141585415787,0.0006352240848992362,-0.000548106308623741,0.0006366983725210506,-0.0005473753935700008,0.0006381709532520895,-0.0005466253001172823,0.0006396367488417626,-0.0005459715085985779,0.0006411445027945143,-0.0005453860939834928,0.0006426763139811762,-0.0005447597462580872,0.0006442435330910509,-0.000544174133297048,0.0006458132170641779,-0.0005436722906571764,0.000647413656478834,-0.0005431774815983881,0.0006490077179363722,-0.0005429755852068814,0.0006507663859438953,-0.0005427653665649423,0.0006525198928442764,-0.0005426765044818103,0.0006545402853031114
Nepal,149,All pasture-based animal products,0,2023,1807.1,2809382.39,,1.627642634862793e-07,8.271897838857422e-06,0.02,0.7,0.0036036410631225743,0.018990525624091602,0.003603462939684568,0.018986296641393247,0.0036031376401487597,0.018982104686653133,0.0036026153868342625,0.018977982273261276,0.003601904319683713,0.018973923289992554,0.003600973295121268,0.018969952767070083,0.0035999853650611757,0.01896598661700398,0.0035989957400210035,0.01896201950071285,0.003598016082654365,0.018958051570238468,0.003596748482198771,0.01895424424419559,0.0035955354133511835,0.018950440528126427,0.0035937067676182904,0.018946639791389237,0.0035916451953313527,0.01894283854175012,0.0035890988514015454,0.018939037492015694,0.0035867284479534634,0.018935280073162766,0.003584175748768001,0.018931581253871413,0.0035814602771503667,0.018927928283856008,0.0035785562153009265,0.01892433835190332,0.0035754277268871676,0.018920840513895056,0.003572180814938375,0.018917365717100246,0.0035688621457496475,0.018913898492451994,0.003566146376194776,0.01891086205050695,0.003563706952509807,0.018907929194410228,0.003560627653828023,0.018906176066929986,0.0035572622103383494,0.01890446864044706,0.0035552835061527614,0.018902812172718948,0.0035530515282625307,0.01890119122023165,0.00355118439560375,0.018899744173597827,0.00354937867024486,0.01889829815339782,0.003547574129609408,0.018896851154149838,0.003544454561504134,0.01889671673199713,0.003540874895721819,0.01889670730519143,0.003536806667101393,0.01889683981231164,0.0035332580168076326,0.018897103089717794,0.003529682917176192,0.01889736576379309,0.003525953372539749,0.018897640688650862,0.0035230323580388127,0.01889821829157785,0.0035203395925416728,0.01889882167588837,0.0035175608971667084,0.01889942811143427,0.003514716679511934,0.01890004065536488,0.0035120494171578375,0.018900653262078935,0.003509446399821361,0.01890126921718164,0.0035068784488723748,0.0189018914295148,0.0035043299052573747,0.018902514952785762,0.0035018475279083635,0.018903161676182164,0.0034993843713616735,0.018903809664734542,0.0034969564290388503,0.01890446395128736,0.0034945405629966415,0.018905118156983248,0.003492239575479391,0.01890583803066236,0.003490005346839433,0.018906581444021124,0.00348778434768176,0.018907393315702115,0.0034857800642489082,0.01890827294294023,0.0034838627986738847,0.018909170432259877,0.003481834674076899,0.018910149379610847,0.0034796722976494056,0.01891118383088792,0.0034780988158072236,0.01891282952574959,0.0034765750263528765,0.018914480595899334,0.003475961663268498,0.018917381017183047,0.0034754528195156996,0.018920307237001343,0.0034753233332602733,0.018923520239151833,0.0034757619346677208,0.018927308852166525,0.003476304037423528,0.01893112277524578
Net Food Importing Developing Countries (NFIDCs),5817,All pasture-based animal products,0,2023,909767.7895999999,139486567.6,,6.127933481163969e-07,3.1032500930835044e-05,0.02,0.7,0.02054465997389199,0.040949600397481856,0.02054472216072182,0.04094225008016406,0.02054482341943309,0.040935022799204475,0.020544927044771025,0.04092779427920216,0.020545089931122338,0.04092062166256489,0.02054526530316265,0.04091349363292181,0.02054544067856689,0.04090637653104461,0.020545764781744517,0.040899413878644666,0.0205460647042886,0.04089246845925537,0.02054639976337272,0.04088566169882185,0.02054705436332395,0.04087906082708345,0.020547843598479852,0.040872666897325736,0.020548866012528644,0.04086659670171111,0.020549986383556984,0.04086077369967327,0.020551106377717128,0.04085500531288393,0.0205502481174508,0.040849263966187675,0.020549489439193668,0.040843567651712834,0.020548766575122467,0.04083788533226522,0.020548075027381665,0.040832202589176296,0.0205481812334,0.04082695126355716,0.02054832487364608,0.040821701661382596,0.02054846494003644,0.04081646322170076,0.020548758287223492,0.04081126058680686,0.020548945767132232,0.04080676258949744,0.02054860974883697,0.04080244410104632,0.0205475678699769,0.04079819073360614,0.020546547190786475,0.04079393611644114,0.02054423337515327,0.04078998162544736,0.02054190268015945,0.040786025859147354,0.02053949485170316,0.04078210137032009,0.020537159495532,0.040778198567171124,0.020534710360272324,0.04077431246317216,0.020532560118166003,0.04077042529106511,0.02053039284772956,0.040766536799212674,0.020528149654192192,0.04076266405096491,0.02052676209404181,0.0407627618880932,0.020521368540205767,0.04076302117825105,0.02051642285846245,0.04076336798192219,0.020510409601553706,0.040763857522815215,0.02050537395901043,0.04076451210625643,0.02050152411893547,0.0407651729523018,0.020497642530697788,0.040767478593145785,0.020497085716349474,0.040769863593676875,0.020496598766837314,0.04077239350210564,0.020495769246536063,0.04077493653555828,0.020494506412411802,0.040777621735410746,0.02049324438675986,0.040780305556577426,0.02049240805070307,0.040783096441263086,0.020493285644462365,0.040788286690512855,0.02049425387197821,0.04079360268053558,0.020495410243814554,0.04079909944714371,0.02049658086528516,0.04080461434225417,0.02049779710494177,0.04081022333061349,0.02049935832997018,0.04081632148471444,0.020500990651782732,0.040822506033776206,0.020502563961072497,0.04082911119052741,0.020504134255890736,0.04083571701035502,0.020505474350723973,0.04084291062428832,0.020506885060692873,0.04085015525742164,0.020508511567017447,0.04085746964638812,0.020510122298297503,0.04086479508510538,0.020511736644769712,0.04087211916225069
Netherlands (Kingdom of the),150,All pasture-based animal products,0,2023,958.0,15147790.0,,6.163885881713215e-06,0.00031240890361069085,0.02,0.7,-0.025400316644311804,0.07281233591899827,-0.025412601457679318,0.07277181427413049,-0.025419930364314322,0.07273352503162722,-0.025428679110847563,0.07269640748993318,-0.025438536230211473,0.07265958632463701,-0.02544902970257526,0.07262274728795393,-0.02546996613974664,0.07258692838222762,-0.025494275209087425,0.07255187474577154,-0.02551915290973203,0.07251681183210956,-0.025550691621730792,0.07248318162931931,-0.025579216277717254,0.07244956279493173,-0.025607295712414185,0.07241872550128825,-0.025635763253993762,0.0723892766991883,-0.02566051586963486,0.07236388001547402,-0.025683116892584346,0.07233888440979316,-0.025704769362750318,0.07231410448738902,-0.025727094380437993,0.0722893025302631,-0.025748764017460304,0.07226853319622276,-0.025769120262985792,0.07224780731387963,-0.025788627367540673,0.07222714484144115,-0.025807414013411512,0.07220693739025466,-0.02582491747164678,0.07218797373868695,-0.02584536447204694,0.0721701927299672,-0.02586427360209729,0.0721547305652633,-0.025888896892373628,0.07214066937258637,-0.025912529670497092,0.07212660819668319,-0.025961597464467093,0.07212401429893701,-0.026014380800692544,0.07212347596389045,-0.026070920436986736,0.07212365408131408,-0.026127904152973794,0.07212420809067054,-0.026189452025233664,0.07212522687375109,-0.026241627911919366,0.07213126899555694,-0.026289937746077498,0.07214947932610674,-0.02634335109237764,0.07216821805424257,-0.026398386581417042,0.07218761935995101,-0.026465817837336383,0.07220881127391078,-0.026545153715758538,0.0722306271053991,-0.02662484118377985,0.07225251429998246,-0.02670400640833165,0.07227437823505463,-0.026790543373537982,0.07229661077044235,-0.02680509152484163,0.07232072500565745,-0.026812004508483384,0.07234680110557709,-0.02681484047319511,0.07237351529762819,-0.02680240277458552,0.07240110589568559,-0.026792520716596324,0.07242905357003668,-0.026782475924421865,0.07245697642128854,-0.02677225915100835,0.07248491402238318,-0.026762899447964297,0.07251288705870788,-0.026753912760272256,0.07254087898933843,-0.02674491415690506,0.07256884603885848,-0.02673654021472493,0.07259696960339805,-0.026727667691826704,0.0726252078629731,-0.02671989549365073,0.07265488541473963,-0.026714637549577945,0.07268463645650465,-0.02673078667704268,0.07271839860451115,-0.02673764011748051,0.07275732745146836,-0.026743964196097855,0.07279644384388609,-0.026750861243371442,0.0728364195242152,-0.02675842994150618,0.07287680185623874,-0.026766633007335422,0.0729174178441294,-0.026768203685636215,0.07295955512625338,-0.0267680846294228,0.07300178386988801
New Caledonia,153,All pasture-based animal products,0,2023,174.33,3555.96,,6.8242071701707536e-06,0.000346836474929235,0.02,0.7,0.02374889092523813,0.03254039261269623,0.023746472935850693,0.03243571515484182,0.023740858605821532,0.032331356696802004,0.02374074524078955,0.032227731667710986,0.023736594841160093,0.03212491752736155,0.023738490375225678,0.032023014712530835,0.02373631282409544,0.03192193495658802,0.023729872484028258,0.031821816856879744,0.023724810104542866,0.03172142031591954,0.023718232992402673,0.03162078214039541,0.023706018414616295,0.031522678713058486,0.02369247965537711,0.031424295593319114,0.02369369586149605,0.031330932568348804,0.0237494778137773,0.03127292272052395,0.023798559077784845,0.03122798110772882,0.023872739695708307,0.031194633259908306,0.023939955949408502,0.03117033143846501,0.024003505619840305,0.031146530354334526,0.024067894451830767,0.03112237506732012,0.024143773112132335,0.03110140034875798,0.024221949804833526,0.03108025132683528,0.024308019155668995,0.031058801071663623,0.024362419430833678,0.031038228293642084,0.024386004516593382,0.031018861574762458,0.024536798366404877,0.0310129185720747,0.02468594045771914,0.031006589119861358,0.024726910374100818,0.031019604486260708,0.024780261041844352,0.03103240476021448,0.02477667884867309,0.03104861474091951,0.024803391921187364,0.031075791315663886,0.024836193703137735,0.031103308791303113,0.024857310568087158,0.031133226069024977,0.02486186974574888,0.031169963230904155,0.024843172471769436,0.031211610559722627,0.024856256134219688,0.03125824662491665,0.024847553083368695,0.03130917922035322,0.024872597775480506,0.03136255194133347,0.02488723923853188,0.03141647140880493,0.024905200110450797,0.031470063600440135,0.02493638467407508,0.03152401228580763,0.024971140875743578,0.03157763107208521,0.02501264142540683,0.03163115222111657,0.025058599399444423,0.03168437488265762,0.025110703101360484,0.031737329640759954,0.025115786336783567,0.031798566924076024,0.025078888221534923,0.031870362815911754,0.025066669747864853,0.031943245383773834,0.02501361672192233,0.032018975227494126,0.024940975161148952,0.032096273619035325,0.02491972529236575,0.03217727642084973,0.02488665563918238,0.03225809594912798,0.024864078802743793,0.032338825832000366,0.024844175038835146,0.03241972044161713,0.024818989036294627,0.03250282761344263,0.024792396397140037,0.03258640372758889,0.02479243641152566,0.032682969526543565,0.02479492495454872,0.03277945242192131,0.024797611945553133,0.032875606674287135,0.02479381158506758,0.032977399397439815,0.024796485777115098,0.03308030833282754,0.02479663519296842,0.033183291522405414,0.02479685079208155,0.03328595629604748
New Zealand,156,All pasture-based animal products,0,2023,9175.9048,22441742.11,,4.234680483974524e-06,0.0002145785130250666,0.02,0.7,0.021109529889050904,0.04236960497627532,0.021111915687235472,0.04231968495275703,0.021114470468614588,0.042269706637670754,0.021115667604694244,0.04221974332360691,0.02111693283835424,0.042170174015481794,0.021116588763560696,0.04212104856310772,0.021115927815920997,0.04207186843145339,0.02111746829313696,0.0420229353686288,0.021122044329905346,0.041974297907481285,0.021138201619946437,0.041931627111434534,0.021156856758193097,0.041889313471197134,0.021159969053694536,0.041847336512487954,0.021168389010091854,0.04180683834080406,0.021189988225717625,0.04177325732376635,0.021172405188460586,0.04174186133395515,0.021115579387548017,0.04171344381887296,0.021058788388681297,0.04168534983994904,0.021046247480329724,0.0416649301934186,0.021033793684701967,0.04164460376306157,0.02101301363774902,0.04162474776393459,0.021005628743213434,0.04160501070437469,0.02099322574821045,0.04158525462164725,0.020980733661184695,0.041565439170037854,0.020973457163906924,0.04154776336153088,0.02096701714477254,0.04153036646494599,0.020960324236923903,0.0415129118392435,0.02095988452172498,0.04150691501444793,0.020958306715489768,0.041501792775454564,0.020957113941523962,0.04150201185056482,0.020954316208537823,0.041502247882287915,0.020954846803670456,0.041502877786750776,0.02095648573334028,0.04150349827608584,0.020969157745059308,0.0415077318234808,0.020992112246154992,0.04151505801902663,0.02100729157905941,0.04152606162555604,0.021030552534286,0.04153893656105802,0.02106616755636722,0.041555687701239824,0.021102819544197883,0.041572412814488056,0.0211301741351689,0.04159359391448087,0.021175617303093478,0.04162157601633076,0.021224999687076883,0.04165116460241028,0.02127874065965786,0.04168119858318772,0.021335705125926405,0.04171137803306102,0.021389593249287155,0.04174198549643498,0.02143427144185278,0.041774418137392896,0.021484001536477892,0.041806888252111686,0.021532037526469174,0.041839337516421646,0.02157493865557321,0.0418733672032517,0.02160534692485554,0.0419092520661535,0.021636305260989058,0.04194510479329267,0.021667741445629926,0.04198092494934335,0.021719343092345175,0.04202085060271122,0.021770545263002983,0.04206072166784682,0.02181970177440946,0.04210401954056994,0.021872629482609547,0.042147308990108025,0.021916003512283923,0.042193103559245,0.02196230327117865,0.04223894861635149,0.022009054109351084,0.042284737180337026,0.02204906057147408,0.042331102927106075,0.022084990954432317,0.04237764356557514,0.02212079431081593,0.04242447374724151,0.022120119533894672,0.0424742377601901
Nicaragua,157,All pasture-based animal products,0,2023,3292.0,1526944.58,,1.7437680579877103e-06,8.752571403357047e-05,0.02,0.7,0.010608889689062928,0.010051149956812453,0.010609908301353721,0.009964041177079939,0.010606498992976582,0.009876378586825293,0.010603271098482567,0.009787929187038014,0.010593112350498923,0.009699277336652835,0.010583131411232516,0.00960979236144279,0.010573760409945808,0.009519455380114523,0.010574172231798032,0.0094291999708684,0.010586003298895641,0.0093392959906796,0.010606801126877917,0.0092492654742346,0.010633377882912305,0.009159794442732518,0.010661760105946959,0.009069372009716017,0.010689154389902478,0.008977942554724373,0.010716459128806852,0.008885462576898633,0.010753476176686386,0.008792783609068154,0.010792451557750729,0.008699028800957022,0.010841790500212542,0.008604157649536204,0.010888768052253538,0.008508161585604667,0.010920159665168438,0.008417356782395316,0.01098476772037993,0.00842274982216811,0.011035745121070435,0.008430839535332217,0.011085026920091692,0.008437694669563237,0.011117699018808117,0.008452874737773947,0.01118958851979781,0.008475489674566936,0.011253330877829495,0.008496897203633206,0.011317473520026157,0.008517067286914629,0.011374103873544587,0.008536853407082018,0.011436866335781443,0.008557077599367574,0.01149316286254146,0.008576746596603565,0.011551587816006098,0.008595264912401146,0.011616659000645423,0.008613071631644962,0.01168015066369014,0.008629708746440349,0.011737399404892,0.008645537491527197,0.011796026779090267,0.008660255229273845,0.011858176773113037,0.00867403781895495,0.01191680625877329,0.00868666269643532,0.011967378580525472,0.008698312136255805,0.012022580754654242,0.00870886191487143,0.012021353578565269,0.008801854605449626,0.012001274741148892,0.008895016309703282,0.011980977336002627,0.008987163283066939,0.011956326482583117,0.009078751645697776,0.011933768773651257,0.00916942573031407,0.011912369531256578,0.00925912947825879,0.011892546905409402,0.009347904680607477,0.01186802280325786,0.009436275296280251,0.011841305889690975,0.009523791881600198,0.011813610151165839,0.009610446618568427,0.011784097765029264,0.00969631470211701,0.011755521762720643,0.00978135885682486,0.011731088367311335,0.009865622604722984,0.011714868815507347,0.009949944976092947,0.011705759070922694,0.010034048544423475,0.011699295755815594,0.010117486188048311,0.011693684125588352,0.010200199288938734,0.01169941470896734,0.010283510561304892,0.011708146841064904,0.010366396062421198,0.011719132718770597,0.010448687554687563,0.01172811131588404,0.010530372504275989,0.011739522137887388,0.010611572447375272,0.01175085677024324,0.010692136248870759,0.011758265062649497,0.01077232971840533
Niger,158,All pasture-based animal products,0,2023,30718.9519,912414.3400000001,,1.2931543446596403e-05,0.0006554670653480088,0.02,0.7,0.034332930689282115,0.0399774443818942,0.034331196113935675,0.03981552675992665,0.03433458116502287,0.03965376692150643,0.03433793944509074,0.039491336616767195,0.034339724868393,0.03932834469401637,0.03435397213625281,0.03916827327314612,0.034372922241203266,0.039008200575802024,0.03439981944674319,0.038849134740712374,0.034419910110084224,0.03869570147828933,0.03443379884913085,0.03854521227054875,0.034440869856769175,0.03840296656069219,0.034443440362000685,0.03827924042503291,0.034443515149720765,0.0381794082211264,0.03445360749746297,0.03808128253327059,0.034495426759005576,0.037996667557380896,0.03454624407560483,0.037913338920584974,0.03464266574489107,0.03785273395130239,0.034739993392376003,0.037791389016766874,0.03483188314322076,0.03773152559109803,0.03489690400701141,0.037677451815221724,0.0349700969365105,0.03762432001760834,0.0350429687027656,0.0375704074837416,0.0350815749611471,0.03753078367682372,0.03515208506452111,0.037573431645044,0.03522346757105146,0.03764586975746244,0.03529421607462802,0.03771752707681865,0.035372461086744376,0.03778989246285497,0.03544431924920048,0.037865860719588175,0.03551998923512688,0.0379415173714732,0.03559959957696428,0.03801828502379997,0.03567929963064321,0.03809429220364858,0.035766545260232055,0.03817105662348597,0.035858798342979364,0.03824781809156869,0.03595345212767814,0.0383240308465614,0.0360452714316207,0.038399924341039296,0.03615918660809053,0.038483385872818944,0.0362749095866899,0.03856623118991903,0.0363950490664309,0.03864895190078505,0.03649402359642983,0.0387316086398185,0.03660069719724589,0.038855796745938975,0.036677132320499656,0.038979410085591984,0.036755014757132234,0.03910239455481438,0.03683187900029155,0.039224826210817354,0.03691207039804277,0.03934683015188397,0.03685032632805807,0.03946998137426897,0.03679367963355635,0.03959297613140596,0.03673669693651292,0.03971531487885916,0.03668160609901196,0.039837093610049154,0.036630295445710254,0.0399585737098344,0.03658535933374133,0.040080326743156376,0.03653501969571155,0.040204308385915946,0.03648891757841027,0.040328302280187314,0.03643988567252012,0.04045881508614879,0.036392962774490716,0.04058885514225713,0.03638809491838698,0.040739817781007735,0.03638555189933185,0.0408904837132569,0.036386447693955035,0.041040967552452276,0.03639023438323601,0.04119112738859942,0.036396591048237795,0.04134094926665079,0.036408169795400104,0.04149092096055067,0.03641339931345406,0.04164566974146708,0.03641642000936254,0.0418001015419618
Nigeria,159,All pasture-based animal products,0,2023,29206.9881,1272084.2000000002,,9.762473652681334e-06,0.0004980292184247578,0.02,0.7,0.017901684197225206,0.05107666176818427,0.017901257474288446,0.050981866503669884,0.017901632463048982,0.050887470972615555,0.01790500424900671,0.05079692487298534,0.01790944867653227,0.05070710817969955,0.017913496411047895,0.05061769782843855,0.01791737523627173,0.05052816137592425,0.0179209398132273,0.050438709842057665,0.017930238401590356,0.05035841483799989,0.017939458783151216,0.05027794402914351,0.017948313563292354,0.05019771634112036,0.01795691448046296,0.050120634612295316,0.017976204049394918,0.050063316411511884,0.01799527959231035,0.05000590739594977,0.01801454467588973,0.04995417526389661,0.018044796076115026,0.04992275041275348,0.018062139624676597,0.04989401518472673,0.018083666021098888,0.04986824465159382,0.018108696578669904,0.04984466035533515,0.018147343044821823,0.04983853338334928,0.018184003243512204,0.049836386832119405,0.018223529150724258,0.049835753661924935,0.01826672770420701,0.04983747277678039,0.018310347751224542,0.049839052545516155,0.018354233212762718,0.04984046217043856,0.01840104864986822,0.04987772617935764,0.018446609218478908,0.04991561218170993,0.01849050300172981,0.04995517554692589,0.018533572658285473,0.049994839783677934,0.01858302889680805,0.05003475855754394,0.018631992854794725,0.05007448860519334,0.018681088962078263,0.05011403455836198,0.01873321806152796,0.05015523434191734,0.01879026627920833,0.0502002053640216,0.018847409381191473,0.05024499098666584,0.01890517133061927,0.0502897000612828,0.018961309777365012,0.05033583917560309,0.01901876323877139,0.05038223200828278,0.019092265965921146,0.05042883003915602,0.019163828698915097,0.05047543244386765,0.019103313277600318,0.050523600936864116,0.019043986130952817,0.050572954433456614,0.018981981421361937,0.0506260168980331,0.018921233543281582,0.050679058169541276,0.01885981614255141,0.050732228135671666,0.01879682953946836,0.05078621288304222,0.018732313732716707,0.050842401597323,0.01866609612804085,0.05090161435457626,0.018618268231439992,0.050961611899216774,0.018594637223130612,0.051023343704813505,0.018573052918466487,0.05108695445702436,0.018558194085648173,0.05116115990123331,0.018546442556143038,0.05124153364818952,0.018534791197857094,0.051321734046897355,0.01852807316514036,0.05140631136155244,0.018526309952535347,0.051498481209095386,0.01852425145045127,0.05159057870138748,0.018522893859053962,0.051682562014988755,0.01852022952146333,0.051774426381382695,0.018519147251845218,0.05186696405599722,0.018519913760052697,0.05195981606299617,0.01852031788964096,0.0520529510047812
Niue,160,All pasture-based animal products,0,2023,1.1813,60.33,,1.761395931087956e-05,0.0009090813060194903,0.02,0.7,0.0007750852630095117,0.03716098966689483,0.0007750852542161568,0.03692323183538193,0.0007750852454228019,0.036683933067702255,0.000775085236629447,0.03644306300878065,0.000775085227836092,0.036200590293643746,0.0007750852190427371,0.03595648249974615,0.0007750852102493822,0.03571070609636344,0.0007750852014560272,0.03546322639082838,0.0007750851926626532,0.03521400693620676,0.0007953422915829497,0.03503031525936467,0.0008193954972401088,0.034847469816673624,0.0008146717118833998,0.034879573681580886,0.0008172984290181209,0.034919452580441594,0.0008206436640342043,0.034957606977748995,0.0008243927350213439,0.03499397650997433,0.0008302497678678954,0.03502936352525276,0.000840724595546566,0.035066835567520147,0.0008474519258091816,0.03510527404393665,0.0008450682925590762,0.03515919768514166,0.0008606088918182335,0.03526420190197226,0.0008812976348287265,0.03537227465289984,0.0008896303045798868,0.0355119421931018,0.0009095016575421876,0.035673001667133934,0.0009148566313993716,0.035880251587578446,0.0009179348177648088,0.036086854080845214,0.000920266822894384,0.036291915781450676,0.0009218361707478888,0.03649547008456447,0.0009215996333522549,0.03669808584376676,0.00091948492796841,0.03689984748009977,0.0009090921397509498,0.03711503744623076,0.0009051980259011182,0.03733670383218084,0.0009093565259609014,0.03756906056096678,0.000913774647034515,0.03779996818730915,0.000918452383962557,0.038029453440115525,0.000923399796348742,0.03825754334023432,0.0009286068111924849,0.03848426195169783,0.0009340734236371916,0.038709633695887924,0.0009398197348452716,0.03893368455340035,0.0009458256275044887,0.03915643529332939,0.0009521011405890392,0.039377909423825685,0.0009387367771149064,0.0395981298808572,0.0009257260537252842,0.03981711665426467,0.0009131403960678758,0.04003489151157165,0.0009010254351661676,0.040251475717622255,0.0008893432585366171,0.04046688753658358,0.0008780460671556781,0.040681134425625494,0.0008630000267242614,0.04089503206319412,0.0008568099853200974,0.041109601815990465,0.0008513081137667777,0.041323075000609485,0.0008464426375466035,0.041535466365327435,0.0008423383824202696,0.04174679403802151,0.0008387090771689254,0.04195708147204649,0.0008350093028796177,0.0421663189342932,0.0008316134707255222,0.04237453381842211,0.0008283323748721654,0.04258173590017413,0.0008254661829117744,0.042787950076994534,0.0008228247411678388,0.04299318001813294,0.0008206233795870494,0.04319746063170181,0.0008190187653640425,0.043400804253088926,0.0008180304150893437,0.04360321367971732,0.0008175415873897954,0.04380469989066394,0.0008173021393578276,0.044005278047127415
North Macedonia,154,All pasture-based animal products,0,2023,795.0,253393.0,,0.00011451843946824003,0.005227239010242222,0.02,0.7,,,,,,,,,,,,,,,,,,,,,,,,,,,,,,,,,,,,,,,,,,,,,,,,,,,,,,,,,,,,,,,-0.1943479045653813,0.1093902731009524,-0.1943492136602465,0.10886558931004404,-0.19436318476738967,0.10834274013690527,-0.19437325651583448,0.10782283318550884,-0.19438263481769227,0.10730052887500255,-0.19439882981632967,0.10677912848737064,-0.19472087135621063,0.10636100615635534,-0.1950616732136725,0.1059765294541499,-0.19538246033981366,0.10559743796498725,-0.19577835843961372,0.1052374656220796,-0.1960004615580471,0.10487786146017333,-0.19623912061113608,0.10451858038372494,-0.19641629421154058,0.1041730981817978,-0.19668014218204555,0.10384543382138674,-0.19703596181684727,0.1035612230590871,-0.19620758939080396,0.10368259195448895,-0.19539728166913511,0.1038038103131881,-0.19478605334630478,0.10394023476066663,-0.19425788615972106,0.10407474671277792,-0.19372803650891102,0.10420821211358047,-0.1928424344883711,0.10435840409525429,-0.1919523531024696,0.10451469450764529,-0.19106265400496966,0.10466813202702956,-0.19022514827477727,0.1048373366537346,-0.18940570582051364,0.10502064748061511,-0.18859879585325218,0.10520480239697054,-0.1877906336828192,0.10538620744971502,-0.18700166010188402,0.10557121320364914,-0.1862113812009621,0.10575398536474528,-0.18568995190511492,0.10605667193271924,-0.1851744910643408,0.10635777738152799
Northern Africa,5103,All pasture-based animal products,0,2023,169357.547,17586405.64,,7.5256302570972194e-06,0.00027506285963745575,0.02,0.7,0.23219294715396505,0.05682266405434826,0.23219520727833795,0.05675693924095213,0.23221083820819338,0.05669417879362632,0.23222679720026818,0.0566314716329186,0.23224260386463436,0.05656874815596118,0.23225841565776734,0.05650612905360554,0.23227436223621753,0.056443435919740555,0.23233764013907532,0.05639380548632617,0.2324021200095738,0.0563442324678555,0.2324702016237406,0.05629513968487791,0.23253752078098838,0.056245988565901794,0.23260478108478846,0.05619676474333572,0.23267193504516168,0.056147462880081794,0.23273907940950403,0.056098081058737405,0.23280611129049403,0.056048623835983295,0.23287302595142376,0.05599909266474038,0.2329403899671416,0.055949848590030125,0.23300940043661933,0.055901289425400166,0.23308067136939453,0.05585361686771615,0.23315128107337568,0.05580666130617791,0.23325535089943578,0.05576157955762019,0.23336029557158267,0.05571659708612245,0.23346552194080053,0.055671542972918264,0.2336410183903851,0.0556428484854637,0.2338380329098745,0.05562353179464988,0.23404605341133783,0.055604763156569675,0.2342525783290324,0.055585956649907384,0.23445551340106685,0.05556718776490586,0.23465574492239874,0.05554989458292097,0.2348573048160309,0.055532839511924975,0.23505943724402684,0.05551578631595008,0.23526095660593033,0.0554993575343146,0.2354618039316434,0.05548289381997441,0.2356621896414542,0.05546635141745944,0.23586318966312514,0.055450073413326265,0.23606706036727504,0.0554346580819886,0.2363001872037049,0.055426930594753725,0.23653575095439178,0.0554194209148917,0.23679312922845638,0.05541764034960749,0.2370548142927375,0.055417670281214075,0.2373138072844313,0.05541871108061566,0.23758183851885295,0.05542231842332772,0.23787478442927598,0.055432537183557236,0.23819437871173574,0.055446757785239824,0.23851992695146154,0.05546226511670027,0.23884505695021557,0.05547776299971261,0.2391707733466903,0.055493279151526936,0.2394967078206838,0.055508754762126224,0.23983064522750958,0.05552583437736408,0.24016532540523947,0.055542999512777094,0.24050000747726902,0.055560082536740434,0.24041626063353533,0.0556083983753939,0.24034614650645075,0.05565972211665418,0.240276071644318,0.05571097661686703,0.2402094881053213,0.05576283952049061,0.24014877809694865,0.05581620779012005,0.24008923506266824,0.05586979780828497,0.24005230382989523,0.0559284707674483,0.24001934590465962,0.0559879660317104,0.23998698543403071,0.056047558209398614,0.23995462394225445,0.05610707006315625,0.23992830396367176,0.05616780931192504
Northern America,5203,All pasture-based animal products,0,2023,296068.5213,126309063.32,,5.214366470185238e-06,0.0002646762141887589,0.02,0.7,-0.009015367066886815,0.13378239264074848,-0.009015364462581,0.1337629778562101,-0.009018144241748793,0.13374373473237658,-0.009020094664288159,0.13372514009348022,-0.009024964473894836,0.133708047476255,-0.009034110840521081,0.13369319952330036,-0.00904540802226056,0.13367893551661378,-0.009058607388431339,0.1336651236527441,-0.00907371928618117,0.13365176287262623,-0.009089185900135466,0.13363841506263394,-0.009105015670518413,0.133625080742711,-0.00912026294616064,0.13361179064389317,-0.009142838413372045,0.13360492624460701,-0.009164780570294129,0.1335981132457713,-0.00918670739553562,0.13359130102704564,-0.009208400826832386,0.1335873062787062,-0.009229988835939618,0.13358332190186933,-0.009261945363698149,0.1335811289483847,-0.009295344719804394,0.13358044674319244,-0.009327362257542576,0.13358169782262005,-0.009358170965510587,0.1335843869289797,-0.009392136022022268,0.13358740267408553,-0.009425778307013466,0.13359086118369534,-0.00946029305485152,0.13359624209620505,-0.00949411633743072,0.13360443635047198,-0.009528070292063234,0.13361268368833393,-0.009564846393305404,0.13362157741427041,-0.009601680387701567,0.13363058760666988,-0.009638446199709105,0.13364023581548976,-0.009675293447950234,0.13365009552323337,-0.009712076861820407,0.13366040084674194,-0.009748852190611723,0.1336708332513226,-0.009786802355839203,0.1336815897331282,-0.00982398327025924,0.13369257004349544,-0.009860435874967488,0.13370374871148813,-0.009897795692123762,0.1337152071693638,-0.009935046640390105,0.13372676754208557,-0.00997225705855212,0.13373832825818321,-0.010010241569122946,0.13375083862149567,-0.010048922810009544,0.13376413676680285,-0.010047627019864579,0.13377818636249963,-0.01004708147730061,0.13379244800013831,-0.010046365706139497,0.1338068069239498,-0.010045486747748189,0.1338212551147771,-0.010044918508926422,0.1338359702213916,-0.010043900108257977,0.13385124181113295,-0.01004262997028959,0.1338670900598408,-0.01004215206142503,0.13388326110143636,-0.010040917684731285,0.1338997699602204,-0.01003978150590842,0.1339162813598964,-0.01003909213912474,0.13393289935261435,-0.010039094066296921,0.13394977433442756,-0.010039175784266758,0.13396685620078932,-0.01003920481929501,0.13398421295149807,-0.01003926221606772,0.13400160110286108,-0.010039251731352427,0.13401963591184637,-0.010039503230669133,0.13403804284389426,-0.010039625409696414,0.1340564953117702,-0.010039877477573046,0.13407498415226063,-0.010039738899970759,0.1340937422039807,-0.010039466755193106,0.13411260574966874,-0.01003922215440785,0.13413159927707247
Northern Europe,5402,All pasture-based animal products,0,2023,23475.9037,42577739.52,,2.6825437371291343e-05,0.0013202304708070257,0.02,0.7,0.2688255205756347,0.19056402276096188,0.2688259632479042,0.19049373752518425,0.2688266027031052,0.1904257025158244,0.2688267788867896,0.1903581726982118,0.2688289805634634,0.19029123002962786,0.26883207132214404,0.19022466953418476,0.2688354195334185,0.19015818928238537,0.2688401319256416,0.19009190924468322,0.2688472860176658,0.19002662372871926,0.26883864638598964,0.18996429833582196,0.2688306332314152,0.18990205189137963,0.26883484105100086,0.1898449210515975,0.2688393688748013,0.18978797096653663,0.2688435270738447,0.1897310464819966,0.2688474213273532,0.1896747490573706,0.268856110463837,0.18962004403745644,0.2688727068606578,0.1895682144756672,0.26890110951938295,0.18952164925139922,0.2689295851396397,0.18947506804206682,0.2689581584461409,0.18942846168238459,0.2689843410086417,0.1893830151541264,0.2690234031565722,0.18934334218139054,0.2690716320925026,0.18930680044760279,0.2691201630593373,0.18927246298571204,0.26916526972031424,0.18923917022424175,0.26921053077426593,0.18920634080352286,0.26926134326738477,0.18917956693170906,0.26933127964482373,0.18915764349663855,0.26940084521293217,0.18913578929545574,0.2694732826341984,0.18911436885446226,0.2695485040617981,0.18909947614795303,0.26952524223285307,0.1891439854711329,0.2695005811790676,0.1891907532861441,0.2694770859103784,0.189237922325501,0.269452695863658,0.18928565832843874,0.269426554499357,0.18933467482279054,0.26940015467343,0.18938366571125242,0.2693747140640538,0.18943344539833756,0.26934926971141715,0.18948339033790979,0.26931936313367943,0.18953441541416757,0.2692929530379901,0.1895854156870431,0.26926595511903373,0.18963642040708287,0.2692386794256894,0.18968741605249553,0.2692103392136368,0.1897395442372304,0.26918597031212427,0.18979230039713685,0.26916244484140667,0.18984504640152436,0.26913665137431475,0.18989836724506473,0.2691165012604935,0.18995330690244694,0.26909562390247926,0.19000823360950117,0.2690745897283274,0.19006324875027866,0.2690527644087411,0.1901183552770982,0.2690300976830805,0.19017363115409583,0.2690081544528987,0.19022910664841017,0.2690015799942097,0.19029172497281335,0.26900289151579526,0.19035669816118708,0.26900545516640473,0.19042264229208064,0.2690123597506614,0.19049105211558515,0.2690195330952833,0.19055954703017008,0.2690261176593045,0.19062844286358524,0.26903464080899486,0.1906974743008879,0.2690454942643002,0.19076664695348325,0.2690567989675112,0.1908360209111054
Norway,162,All pasture-based animal products,0,2023,652.0,1541634.0,,0.0006885791470902454,0.032625660867733594,0.02,0.7,-2.3696960866934287,1.1301704141215763,-2.369750844239103,1.129902386022848,-2.369804479643928,1.1296360808508008,-2.369868108845974,1.1293706064702926,-2.369941879240616,1.1291060825676442,-2.3700189968848298,1.1288534434893356,-2.370094606499404,1.1286060432248126,-2.3701898628772424,1.1283831491804,-2.3702887349328865,1.1281671589960662,-2.3704473903615,1.1279566893464248,-2.370567385149052,1.1277585392620317,-2.3706717450788073,1.1275897250389877,-2.370776414671412,1.1274208335060727,-2.3708742754810674,1.1272524842482616,-2.3709694874291083,1.1270877871664633,-2.371060196595959,1.1269387868131098,-2.3711495151175708,1.1267897799544222,-2.3712280624224813,1.1266501287985984,-2.3712482758521203,1.126513916960426,-2.371286251487873,1.1264085495855234,-2.3712983769087335,1.126308269693713,-2.3713017905265708,1.1262316789543243,-2.37133146210548,1.126158611241751,-2.3713609246534055,1.1260855417882987,-2.3714113324065043,1.12601885818701,-2.3714615831282853,1.1259524357882518,-2.371523439688787,1.1258934106389995,-2.3715852460837716,1.1258343036204967,-2.371642542068136,1.1257778297201417,-2.371702124460093,1.125722015279336,-2.371849538808051,1.1257230901952573,-2.371997051947554,1.1257240962117963,-2.372144544351766,1.1257250532472027,-2.372300883239501,1.1257354620445261,-2.3724611299291523,1.12575140427726,-2.3726371987974426,1.1257700515998499,-2.372813132076974,1.1257886393076677,-2.3729865063516007,1.1258077365996604,-2.3731595563579804,1.1258293830377752,-2.373444164608581,1.1259166563160192,-2.372989978959149,1.1260203648667326,-2.372539391213812,1.1261250197062844,-2.3720900867262165,1.1262325518971639,-2.371640004989226,1.1263401382225473,-2.3711919164151207,1.1264478970985372,-2.370747214298709,1.1265565227431953,-2.3703218962237687,1.126678121056422,-2.3699010731174797,1.1268004217842247,-2.3695018955902576,1.1269282948151083,-2.3691011630834393,1.1270563868633128,-2.3687281300438916,1.1271932358118832,-2.368392962432746,1.127356028485747,-2.3680574354563997,1.1275187735580414,-2.3677320358784364,1.1276842924844024,-2.367415144225154,1.1278570528262373,-2.367102775021619,1.1280303684505266,-2.3668037821582977,1.1282077509331712,-2.3665198462296413,1.1283948280740201,-2.36628105118083,1.128598859816114,-2.366042219554594,1.1288054655927,-2.3658096601855485,1.1290199302227946,-2.365693039025995,1.1292803321834244
Oceania,5500,All pasture-based animal products,0,2023,341723.8018,34099426.54,,1.383442664723281e-05,0.0006882482075969151,0.02,0.7,-0.12056804505471058,0.10481394726853192,-0.12057725311264966,0.10475097753513213,-0.12058920755922203,0.10468820836650565,-0.12060373963814547,0.10462572936351112,-0.1206218308964308,0.10456356501277829,-0.12064094685066795,0.10450157640397936,-0.12066129082651614,0.10443962015065066,-0.120645626761961,0.1043810039004907,-0.12063181831373287,0.10432298996401398,-0.12061707156404627,0.10426493995701039,-0.1205930626721379,0.10420823770467146,-0.12057021120508368,0.1041516264604313,-0.12054611193326438,0.10409684572667452,-0.12052121172355579,0.10405647771386609,-0.12050030902681355,0.10401698637900512,-0.12048510857351434,0.1039791171232676,-0.12048419355435813,0.10394418598377786,-0.12047817158941564,0.10391636584291443,-0.12047215202874849,0.1038885030700768,-0.12046248854701512,0.10386298532690769,-0.12045164012590905,0.10383882090502397,-0.12044150199661091,0.10381464804002649,-0.12042949554226559,0.10379076352174056,-0.12042353555496749,0.10376896034485687,-0.12042039205108826,0.10374761725026249,-0.12041306752627873,0.10372631889249871,-0.12039897298278149,0.10370990117738871,-0.12038826791872308,0.10369384736437845,-0.12038577189519128,0.10368168781651445,-0.12038337950009989,0.10366954617615946,-0.12038256070587802,0.10365840918056238,-0.12038780704006623,0.10364794707412399,-0.1203900728350274,0.10364550666400486,-0.12043158340023496,0.10365149418446508,-0.12047948846093004,0.10365981232123604,-0.12053383877484311,0.10367113439519378,-0.12058842423230698,0.10368702860603368,-0.12064522968012648,0.10370319430750205,-0.12070590537256028,0.10371946948589704,-0.1207879916841129,0.10374510079393147,-0.12087141772100433,0.10377100386694171,-0.12094837319154779,0.10379904903491886,-0.12103568865853902,0.1038293714299971,-0.12111238131621112,0.10385969866278372,-0.12116765117429323,0.10389152272951091,-0.12122396412140826,0.10392338487253981,-0.12128673193610895,0.10395566262154282,-0.12137189718211651,0.10399166659463302,-0.121449726860292,0.10402926838397307,-0.12153109633988522,0.10406716029484803,-0.12160907342325306,0.10410504403694243,-0.12167283946122354,0.10414943217644093,-0.12173111511623465,0.10419389998324718,-0.12180560907320336,0.10424325210830712,-0.12187448053368137,0.10429259567349894,-0.12195502504237155,0.10434546300652113,-0.12197348145207877,0.10440101030897954,-0.12198147851197884,0.10445709037298974,-0.12198212245935836,0.10451480966266458,-0.12198815271510734,0.10457299745841159,-0.12198410019608161,0.10463210919819674,-0.1219832483352274,0.10469809448363764
Oman,221,All pasture-based animal products,0,2023,1396.53,302817.53,,8.876747375259063e-06,0.0004113168239232412,0.02,0.7,-0.04094507221818644,0.027324427887722068,-0.040952887200562366,0.027162924709034513,-0.04096805004316302,0.027001714612761605,-0.04099080383353064,0.026840839125113182,-0.04102039933300056,0.02668006993879696,-0.04105783790792525,0.026519651767483946,-0.041101993370074585,0.026359255988814542,-0.04115322567182171,0.0261989493645708,-0.04121121431664705,0.026038621866702336,-0.04127541109831678,0.02587811015127577,-0.04134616887833985,0.02571747319698772,-0.04141732165237602,0.025565585051189645,-0.041486977742521795,0.025419888304112456,-0.041555057545863916,0.02528018033681404,-0.041620550479979875,0.025139697127146775,-0.04168366414843373,0.024998326337657962,-0.04175095372015019,0.024856157147068403,-0.041828846183824764,0.024714747214009007,-0.04190444876832857,0.02457234651646894,-0.04198292209846963,0.024428856325484926,-0.04206001795981951,0.02428410678561612,-0.042135424868066644,0.024138127900778357,-0.04222288499493505,0.023993140299268412,-0.042348474481090706,0.023858452404200245,-0.04247517369027789,0.02372235489871971,-0.042604543645907364,0.02358498367829814,-0.04273742696557105,0.02344643403703854,-0.042869432082830033,0.023306388946705763,-0.04299874798579255,0.02316525770521857,-0.04313424433361072,0.023023351192705262,-0.043310744510223015,0.022919180673801057,-0.04349567544121061,0.02281467724029592,-0.04368653900661261,0.022709257921584968,-0.04387591697011766,0.022602259227561046,-0.04406366352550465,0.02249368179330797,-0.04424786026690615,0.022385301358956406,-0.04442861783115929,0.022277604743274757,-0.044609579287450185,0.022168127755734974,-0.04479417876699324,0.022057160559648,-0.04422184328884183,0.022078042529185944,-0.04365110154330041,0.022097114923685688,-0.043067938673817086,0.02211438623460411,-0.04297883142833828,0.022164371998880224,-0.042760408656021265,0.022216988887775565,-0.04254115180237948,0.022267837344858737,-0.04233241498089948,0.02231828575473979,-0.042125396132170506,0.02236707020098567,-0.04190812101493818,0.022415574557695665,-0.04169310092940562,0.022462362485507495,-0.04146786002693108,0.022522095970013725,-0.04125254882576349,0.02258064774041085,-0.041049224787506944,0.022638097212754088,-0.04086035644162471,0.02270958732347078,-0.04068841993248537,0.02278278119935806,-0.040516496914127925,0.02285800065749963,-0.040345040018449685,0.022931576466320887,-0.04017272836979319,0.023004080963482342,-0.040004238791240265,0.023076942576495493,-0.03983809066713018,0.023148358846656624,-0.039824704069588435,0.023338122537009134,-0.039824389859090106,0.023526938550546488,-0.039823149407101986,0.02371478875498619
Palestine,299,All pasture-based animal products,0,2023,278.46,161993.36,,3.33213759802375e-08,5.168499524436705e-07,0.02,0.7,,,,,,,,,,,,,,,,,,,,,,,,,,,,,,,,,,,,,,,,,,,,,,,,,,,,,,,,,,,,,,,,,,,0.0015241738106403554,0.0008844897735410165,0.0015390721838552225,0.0008718274361065209,0.0015536403999472522,0.0008590275004643737,0.0015679911695935177,0.0008458194182297199,0.001582087444715833,0.0008321986299847808,0.00159669936761353,0.0008181581348631216,0.0016124026589566726,0.0008038056872842687,0.0016291807044379954,0.0007891049405786304,0.0016467726681364658,0.0007739586990739472,0.0016656328446654981,0.0007584396768989857,0.0016841784319046767,0.0007424005214483827,0.001702703171068065,0.0007256826612180887,0.001721111737633823,0.000708243631455108,0.001739667536163263,0.000690644695877398,0.0017579607020852947,0.0006722502425659964,0.0017763965206988544,0.0006535061456426422,0.0017945342020862106,0.0006338769746534974,0.0018132963604309035,0.0006132174648505169,0.0018420907374553524,0.0005961218608818858,0.0018748806772947379,0.0005799139172072184,0.0019539136758774697,0.0005745316158601528,0.0020344043004755803,0.000568676392788135,0.0021293847041411866,0.0005666091285328885,0.002242609438738487,0.0005668657286254386,0.0023603682615497973,0.0005663273198852762,0.0024938982583420657,0.0005690668987554821,0.002630044517483599,0.0005713482063008156,0.0026132946290533064,0.0005953649674109282,0.0026127353303467956,0.0006226797464398219
Panama,166,All pasture-based animal products,0,2023,1535.7368,241032.25,,1.5162230802130784e-06,7.534693211961226e-05,0.02,0.7,0.030828737535766954,0.024160488854059445,0.03082705709563763,0.024131753745055145,0.030823789960657134,0.024103581989049036,0.03081926928712482,0.024075681542942165,0.03081318551319133,0.02404856857377803,0.03080649667956608,0.024025215450261594,0.030799447576707866,0.024001840770130577,0.030793929678526122,0.023978644391020452,0.030787319319273983,0.02395742441523311,0.030776811626736664,0.02393783211057911,0.030753410979778097,0.02391880651919863,0.03074251685242948,0.02390019094620844,0.030757829163971323,0.023886000622230834,0.030776911002720092,0.0238719123621295,0.03078254689484578,0.023861987993125583,0.030782676175737073,0.023852484286918618,0.030773774026043282,0.023844552343436434,0.03076370247252857,0.023836628516858534,0.030750244221862393,0.023829221391045832,0.03073853352265384,0.023821860159084912,0.030726402938372928,0.023814458868501594,0.030709205354881967,0.02380747773413386,0.030702607710125986,0.023801684917435128,0.03068947238891233,0.02379681347682697,0.030675465192555734,0.023791912601632707,0.030657923985243668,0.02379047908920412,0.030642180586387992,0.023789149685811875,0.030637735640936754,0.023790914740703387,0.030630667962310364,0.023793523382486925,0.030624348493692482,0.023797349084942843,0.030617959509843824,0.02380133661658068,0.030613090954445768,0.02380600487641057,0.030622479088011856,0.023813939807107734,0.0306177151408779,0.023822538549076754,0.03061277223357087,0.02383113776472848,0.030614717477509636,0.023840721606958503,0.030617494491899263,0.023850284466439647,0.030623209929195733,0.02386003624631719,0.030626938852151238,0.023869904867179964,0.030651114080628778,0.023880173957321105,0.030683776360883992,0.023891246619765792,0.030718242783734334,0.02390238088702587,0.030749607010187054,0.023913982726741567,0.030779106145445496,0.023925583912163102,0.030808053544315848,0.02393715162335427,0.030832372540223613,0.023948957370682446,0.03085287183745075,0.0239608262479804,0.030875233380252037,0.02397281673162763,0.03089855332757279,0.023985000742481246,0.030924713377002686,0.023997255983617495,0.03094984226070121,0.02400948531937182,0.030977847535194954,0.02402204634375865,0.03100156111018779,0.024035140342887985,0.031025914960216974,0.02404820970118304,0.031047161458508984,0.024062058275874994,0.031061828229054733,0.02407849911715184,0.03107652303550078,0.024094898813543875,0.031088445922818286,0.024111734458068124,0.031093366259649247,0.024131635677360933,0.031107933398295082,0.024153257588608475,0.031115706045463227,0.024181800625008944,0.031118863529986093,0.02421166656121194
Papua New Guinea,168,All pasture-based animal products,0,2023,226.1127,2995.06,,3.2269850528927946e-05,0.0016041193015930006,0.02,0.7,0.05409849066286049,0.07797313049002728,0.05412494665489681,0.0777714667944373,0.05414845379955352,0.07756934806066093,0.05420631895077843,0.0773753190829252,0.05429722255784897,0.07718879446777495,0.05439089757271223,0.07700252832433822,0.054533610382530004,0.07683120902687104,0.05455278676428443,0.07666551282128453,0.054571226074660806,0.07649924006279117,0.05455905635379035,0.07633881162406694,0.05477073908432306,0.07619270388169795,0.05509897451974535,0.0760828764681168,0.055482045827283194,0.07598262072466343,0.05589671272157068,0.07589598013730645,0.0563454126065627,0.07581303612797402,0.05681189364280101,0.0757308217921496,0.05726754880763982,0.0756495121933874,0.057705362849009095,0.07568155817665041,0.058148940231070576,0.07572016466284014,0.05859313138141915,0.07575938721067675,0.059029099104344604,0.07580632762845337,0.05928696774035894,0.07586112874691762,0.059498192046561656,0.07591634749126215,0.0597105450224413,0.07597139724086967,0.059728810552190134,0.07605232095186057,0.05996757367753206,0.07616121475576282,0.06021034530810399,0.07626962363162855,0.06045729097619578,0.07637757659233409,0.0607050917505364,0.0764849518986056,0.06095792440986944,0.07659199587416725,0.06119916674986891,0.07670069316507767,0.06144896128199843,0.07680970835197701,0.06169048553553286,0.07691968146173746,0.06192336684184836,0.07703120840027959,0.06215206266183791,0.07714265254410711,0.06236818175406039,0.07725389470119653,0.06258701393660446,0.07736481229996958,0.06281389128802474,0.07747578050885888,0.06304218069077153,0.07758627030879706,0.06329417154453242,0.07770057903420553,0.06331075019960117,0.07782607223200899,0.06332763427792583,0.0779510150969627,0.06335045361330213,0.07807575185222582,0.06337138797052139,0.07819995842358013,0.06339323702720542,0.07832363633584594,0.06341570104443463,0.07844677990581934,0.06344050946325018,0.07856946817613267,0.0634651861001799,0.07869167260984145,0.0634879884807465,0.07881338463531572,0.06350841912075911,0.07893459949645246,0.06352858593630145,0.0790552855378632,0.06355333392145816,0.07917557634541235,0.0635706348980024,0.07929584051662078,0.06358658571685347,0.0794156502335728,0.06359150955919671,0.07953696936139425,0.06358423435755371,0.07966042275661009,0.0635525373441412,0.07984157160396166,0.06351854698642609,0.08002227435235777,0.0634725805951877,0.08020351272441285,0.06348755617241694,0.08040345989670054,0.06349591429114543,0.08060346251196288,0.06350011512303977,0.08080317726784417
Paraguay,169,All pasture-based animal products,0,2023,16784.0,946243.76,,7.967643435242566e-08,3.6266780865825857e-06,0.02,0.7,0.009354697763975633,0.004451861247535193,0.009354674906519513,0.004443166730736959,0.009354748339133318,0.004434912438526978,0.009355406803243503,0.0044267218098335455,0.009356467920781146,0.004418552670772868,0.00935742404031355,0.004410369372024342,0.00935841668232365,0.004402167926732391,0.009359036969329895,0.004394006638399218,0.00935909055578647,0.004386111278692061,0.00935968543893526,0.004378235523247297,0.009359824074880676,0.004370392967812992,0.00935982438839143,0.004362534437503616,0.009358951263356006,0.004355201502990164,0.009358889787723711,0.004347905849857554,0.009357900740238592,0.00434078994760545,0.009357450172471835,0.0043336782561275156,0.009361557870404994,0.004327316068809831,0.009365522934902799,0.00432093611719775,0.009369784960679153,0.004314542815897159,0.009373103506091851,0.004308228193606252,0.009375530750505639,0.0043019708780036355,0.009377160357831435,0.004295747729478221,0.0093786771872636,0.004289505356493114,0.009381031766544997,0.0042832763658065915,0.009383762509620613,0.004277034228960439,0.00938663940337618,0.004270772869275765,0.009387692165225874,0.004264792698810085,0.009394307945633059,0.004259519906574872,0.009408120232393196,0.004255278407681178,0.009417890489084826,0.004251441023112795,0.00942346907574918,0.004248130836219607,0.009426920723521979,0.004244917247790924,0.009428912108593854,0.004241739946423743,0.009438116463050242,0.004239303171956272,0.009443465770316036,0.004237936682364265,0.009446025107969064,0.004236980704349988,0.009446014660309575,0.004236422767610692,0.009446699056169182,0.00423586046401884,0.009460234704272525,0.004237678888058926,0.009477351215536748,0.004239843676805222,0.009495516062563169,0.004242035881069705,0.009512178269131012,0.0042444907984759105,0.009529846153109632,0.004246980216161406,0.009551377150877984,0.004250007023738898,0.009571888971224355,0.00425322701626261,0.009591445474588352,0.00425707136020258,0.009612382388010062,0.004261040881620234,0.009632626558844337,0.004265229532285001,0.009652369983849076,0.004269499994074036,0.009671647501987516,0.004273921182034548,0.009690812534777634,0.004278326477113882,0.00971236092132653,0.004283242084865436,0.009734058817689547,0.004288646930214718,0.009755997121508948,0.004294499040676523,0.009779234301204281,0.00430065393691932,0.009802522763163186,0.004306791979757894,0.009825929194581093,0.004312927444692119,0.00985012369068985,0.00431929908016553,0.009874518977009715,0.004325715087370751,0.00989993669204296,0.004332568465980799,0.009925425459217336,0.00433944747444461,0.00995090491977598,0.004346318167421501
Peru,170,All pasture-based animal products,0,2023,18337.286,2438450.67,,7.540729763707264e-07,3.782135110542721e-05,0.02,0.7,-0.014951864789186309,0.016071337703271134,-0.01495159161330395,0.016047866907162332,-0.014950406681439543,0.016024443335256423,-0.014947457618040649,0.016001357653446843,-0.014949178955447173,0.016000872045900102,-0.014951222811109024,0.016000360002927618,-0.01495556666791431,0.01600014388437545,-0.014961052287149678,0.015999985886806838,-0.014965415073101434,0.015999922122572185,-0.014967496918307956,0.01600055841604132,-0.014967097768761085,0.016002103694447406,-0.014977732570918915,0.016007819678836972,-0.014983457961739409,0.016013957060737348,-0.014987397983749757,0.01602011552781973,-0.014988242020664268,0.01602642058918942,-0.014987196591832657,0.01603275776193704,-0.014983087535301486,0.01603924956957553,-0.014976447384468607,0.016045837427269206,-0.0149668076483938,0.016052583819727236,-0.014949065387314938,0.01606121903761724,-0.014929645716629454,0.016069880713193714,-0.014910295734623684,0.01607850823408983,-0.014884632249794185,0.016088273235762538,-0.014858427934637881,0.01609801068368734,-0.014832600461434151,0.01610771722124622,-0.014803985372243523,0.01611759624213718,-0.014776228265060807,0.01612745830545416,-0.014749124110038252,0.016137296680219557,-0.014715098680738992,0.01614899790527311,-0.014676930131530198,0.016161230196016875,-0.01464556561016872,0.01617368542507021,-0.014624410332422427,0.016186660557470756,-0.014601704198247942,0.016199616359074704,-0.014579281885708183,0.016212539182151632,-0.014557223083140808,0.016225460877925226,-0.014536206671077415,0.01623856344530796,-0.01451622050008134,0.01625184703016328,-0.014497243723499411,0.016265308662240786,-0.014478170293344663,0.01627874045160613,-0.014459401405760118,0.016296607482834985,-0.014444534970001812,0.016315383398669305,-0.014430853833657043,0.016334428411752082,-0.014417952145321256,0.016353593861554577,-0.014406087095403253,0.01637297878682864,-0.014395538000278816,0.01639270954788758,-0.014387489979710967,0.016413436930514592,-0.014381261796288325,0.016434781759952086,-0.014376568354222232,0.016456603107983695,-0.014372703240926493,0.016478584992905353,-0.01436868038934801,0.01650054812372872,-0.014365291650625844,0.016522607777618437,-0.014361844537470681,0.016544637651933883,-0.014360044509697517,0.01656668946978113,-0.014359342468077855,0.01658872781598301,-0.014358138925155493,0.01661074265481271,-0.014357282586801115,0.01663272758503894,-0.014356447470194931,0.016654681686253055,-0.01435577401265746,0.016676605063417005,-0.014355068382293355,0.016698497901082656,-0.014352893147399352,0.01672051616979484,-0.014350594244042,0.01674250499333007,-0.014347630680944037,0.016764465389651234
Philippines,171,All pasture-based animal products,0,2023,1572.4944,256539.82,,1.2628829332467214e-05,0.0006442986203107849,0.02,0.7,7.556217003787391e-05,0.032997504677833155,0.00010231817862699222,0.0328161727888991,0.00013846909047735,0.03263501193792921,0.00018143034414337678,0.03245338291203626,0.00022948339688773356,0.03227096478749793,0.00025294921466425396,0.03209523879438091,0.0002908221432155987,0.0319247259580812,0.0003218158451027027,0.03175908405440252,0.0003494961791756096,0.03159245525470376,0.00037885279922034165,0.03142456860517891,0.0004067366495627209,0.03125540961521195,0.000489922153706069,0.031102359019182395,0.0005388215296357984,0.03097486060976587,0.0005249395545387642,0.030946939284156136,0.00021997419051575677,0.031034045288702457,0.00021478333955534588,0.031127624888339995,0.00021053589887868045,0.031219926977552378,0.0002263102399938455,0.03131651656867939,0.00023710359155879827,0.031412712717672674,0.0002496979799030113,0.031507711366620714,0.00038006563883888345,0.031614589251649235,0.000579883718594857,0.03172624253571586,0.0007811810857897492,0.03183671253862743,0.0009875082716546968,0.03194676948036992,0.0011924506361201022,0.0320556726993917,0.0013936738333696595,0.03216391787634536,0.0015891688821312172,0.032272421207816,0.0017816036016412018,0.0323801924779123,0.001965932716658514,0.03249042242626161,0.002155055043071386,0.03260078198070088,0.002341939212172725,0.03271116621664628,0.002528008451528941,0.03282055451239339,0.0027183122320996525,0.03292907671342585,0.002904226365475295,0.03303677018750574,0.003064063036720974,0.03314487144647162,0.0032080710088035168,0.03325307126226661,0.0032607306618443327,0.03336694558772828,0.00332826254749969,0.03348292322915941,0.003429756590226431,0.03361361385273126,0.003532907552340269,0.03374326332515957,0.003663770024966262,0.03387278721531762,0.0037968477879537377,0.03400131285689851,0.00391838523522821,0.034129347878667754,0.0040378310092726594,0.03425653404162917,0.0041488613942228785,0.034383521221899416,0.004267908554487297,0.03450975022703479,0.004380097227575462,0.03464236503672765,0.004484189727522248,0.03477409428455654,0.004588326852879813,0.03490490165112556,0.004691594450327274,0.03503503975609008,0.0047869232432330615,0.035164376703022575,0.004896829904788472,0.03529343231848962,0.0050006466606255665,0.035421631181024524,0.005104784563400167,0.03554893945991386,0.005209477025438178,0.035675368654674876,0.005258949336174571,0.03580975264936001,0.00527221219139019,0.03595756468907899,0.005292757690152683,0.03612151620130276,0.0053002332185339476,0.036285048880924646,0.005279199383757674,0.03645701596484762,0.005264384875455811,0.03662831530342613,0.005248719426238844,0.03679881521251268
Poland,173,All pasture-based animal products,0,2023,3014.0,15998410.0,,2.1817778401572194e-05,0.0011094325134768047,0.02,0.7,-0.028038593923925603,0.13339904272540035,-0.028041210165257263,0.13331740432233552,-0.028040851444431886,0.1332364242183777,-0.02804060445720591,0.13315548325690973,-0.028063891423227794,0.1330807407567692,-0.028095334712790354,0.13301505004474692,-0.028132028084957184,0.13295024901926086,-0.028168942159177757,0.1328856222007826,-0.028204673688715626,0.13282107455561598,-0.02824093200026845,0.13275661381654671,-0.02827860319902986,0.13269228062619676,-0.02831915653358133,0.1326307601020582,-0.028362301005973034,0.13257119963348116,-0.02840336631098045,0.13251392062813339,-0.028447214270599513,0.13245733981557054,-0.02849159903167864,0.1324010095743266,-0.028536233487780643,0.13234537307778158,-0.028580858844574453,0.1322897749963353,-0.02862505201075724,0.13223439871459902,-0.028668757646303902,0.1321815612209069,-0.028705490085472463,0.13214710427079468,-0.028742800786261874,0.13211261981640107,-0.02878784624239593,0.13208319043521488,-0.02883679349090451,0.13205741892241216,-0.028884731366742536,0.13203239984555137,-0.02893126982198349,0.13201155953423924,-0.028976815050179447,0.13199163873044878,-0.029022344383007256,0.1319716665365974,-0.029074290576964715,0.13195568580480957,-0.029121744583674655,0.1319422813227929,-0.02917485213091374,0.131951995424365,-0.029220640442937932,0.13198840120797165,-0.02926229031026463,0.13203036632031984,-0.029299204436788705,0.13207656217369695,-0.029334434344043994,0.13213012474193703,-0.029371414329760044,0.13218367045465473,-0.029413994818527682,0.13223991135079077,-0.029448971629952192,0.1322990804574523,-0.029485865524544033,0.13236065652158535,-0.029510845689864985,0.1324258631823164,-0.029542051277494454,0.13249112227447765,-0.029584034885903727,0.13255646410667954,-0.02962381718572573,0.13262175982947733,-0.029657271596033933,0.13268723657880532,-0.029691930331153648,0.13275273250752825,-0.029721031517499285,0.13281827406840618,-0.029753422199581575,0.13288391149142456,-0.029775943591712643,0.13295097555919547,-0.029798394319534023,0.13301799125544606,-0.02981447246719615,0.1330856250770809,-0.029833649601896065,0.13315332079802297,-0.029846450400509365,0.13322161775061805,-0.029859245003480663,0.13328986438187132,-0.02986271178116849,0.13335935020804804,-0.02986509472939047,0.13342967114585588,-0.029867006199764286,0.13349994352838404,-0.029869337908902244,0.13357023932789708,-0.02987189652794321,0.133649030787854,-0.0298739736470428,0.13372869753722966,-0.029885946372977683,0.1338090875652993,-0.029897538283177084,0.1338894283718568,-0.02986289798454799,0.13397047195814238
Polynesia,5504,All pasture-based animal products,0,2023,15.635299999999999,4537.9400000000005,,2.7612627955088037e-05,0.0014002285080562703,0.02,0.7,0.04623862885090271,0.06816694145927607,0.04623542571158756,0.0679679726103126,0.046179150470679935,0.06777273017164265,0.04614186223984972,0.06763915361080415,0.04610304092546082,0.06750520520226796,0.04609380009793725,0.06746371586714237,0.04608488070122803,0.0674216134503371,0.046088774202317676,0.06738467042820602,0.04604918039345558,0.06735228130328173,0.04600928526571095,0.06731927574202859,0.04598034199245957,0.06729025984829798,0.045954928950164696,0.0672606475694035,0.04594697647911536,0.06724005808204477,0.04593547776181486,0.06721887280109305,0.04592906957475601,0.06719852889410757,0.045926855447277926,0.06717858200894992,0.04593683478909051,0.06716362171516146,0.04594958633657392,0.06714849599503879,0.04597380560318288,0.06713760662881318,0.04601844218238229,0.0671373918702622,0.04605908595137806,0.0671384155112534,0.0460941937038932,0.06714475875314585,0.04612567774046081,0.06717324099971528,0.04620567332195844,0.06723617359160594,0.04628493126933484,0.0672985115123339,0.046361173753593124,0.06736086735265769,0.04644787455351165,0.06742599092129085,0.0465284799432433,0.06749413317151819,0.046554585528482385,0.06756836919057235,0.046576140051240555,0.06764375828801772,0.04659238702952609,0.06772106191448372,0.046603793909352244,0.06779954591256201,0.04660799288117472,0.06788333297185786,0.04661067233530493,0.06796662404384507,0.0466057486820159,0.06805480783183455,0.04661778645693296,0.06814879742722259,0.04662096372303923,0.06825005735974986,0.04661435457393888,0.06836238191608718,0.04658240940774708,0.0684854494925017,0.04653783630318269,0.06861001019041706,0.04673331430981657,0.06874175023123819,0.04692477967683217,0.06887327245929362,0.047110732751744724,0.06900472833893598,0.047294958537559,0.06913564558868444,0.04749121482357778,0.06926638751691694,0.04768612176810988,0.06939663635022722,0.0478890927292128,0.06952730930835631,0.04810986979858095,0.0696582996968821,0.04834673923501977,0.06979587160220108,0.04861427881007417,0.06993557506104969,0.0488646929692953,0.07007583266903505,0.04909368150556097,0.07021661010061096,0.049371334452141084,0.07036988814076799,0.049624910107520515,0.07052571692566909,0.049905271321692826,0.0706814454641447,0.05023538214065771,0.0708380478286026,0.050481367496497676,0.07099785943849855,0.05064337569328285,0.07116022124099843,0.050612328049912114,0.07133587292068345,0.05056185682576949,0.0715130415833581,0.05055830472091434,0.07169736278280278,0.05052387925660628,0.07188688821180196
Portugal,174,All pasture-based animal products,0,2023,2272.0084,2071820.0,,3.234702180586707e-05,0.001639983715656519,0.02,0.7,-0.05288434251082852,0.10489263121274577,-0.052877633857284057,0.10473940786420638,-0.05287355943873419,0.10458609196757147,-0.05287327151746701,0.1044328201696209,-0.052862175116614896,0.10428246528433155,-0.05285519886886912,0.10413219977057957,-0.052854365733093975,0.10398238775506123,-0.052836941141471,0.10384156835618442,-0.052805330881559975,0.10370658596561734,-0.052771290916758674,0.10357149542596625,-0.052770602073656775,0.10345013517716665,-0.05277244737572602,0.10332866240076814,-0.052763488530246996,0.10321006085364229,-0.05275396321842804,0.10309122794497311,-0.052739351764707454,0.10297274214555208,-0.05272377069126109,0.10285403612625602,-0.05273272770443254,0.1027433826479642,-0.052737395606466474,0.10263289524237687,-0.052757131214663744,0.10252569743224284,-0.052758048748706945,0.10243140160674075,-0.052743794848463456,0.10234398510882188,-0.05273336373661441,0.1022565965079541,-0.05273471132945212,0.10217122039448988,-0.05274978000265403,0.10208857173706327,-0.05275604324562938,0.10200759698179646,-0.05274598258987419,0.10193501485738386,-0.05271640710132661,0.10195910686940564,-0.05267653138422041,0.10198569500637036,-0.05262340567659502,0.10201704885569123,-0.05256015510720809,0.10205079239151382,-0.05247779796359522,0.10209795610618438,-0.05240795884419601,0.10214739339819484,-0.05215384194861648,0.10220926907621047,-0.05189648884263848,0.10227100920348246,-0.05164756403267165,0.10233628188659162,-0.05140351485952224,0.1024013871154226,-0.05116014174252023,0.10246625279069002,-0.05087610841742819,0.10253112435337045,-0.05080750392372613,0.10260570394382466,-0.050745456392076685,0.10268027896937867,-0.05064974068051557,0.10276210900061811,-0.05055776009297416,0.1028467364291585,-0.05046972852089072,0.10294873521922182,-0.050397869473954596,0.10305076631856028,-0.0503276152053493,0.10315256170788682,-0.050272991100214326,0.10326222539041727,-0.050225706556984516,0.10337421878165669,-0.0501738575128176,0.1034861617719343,-0.050141027406479174,0.10360065798210684,-0.05012643594916658,0.10372363758993593,-0.05011667003139667,0.10384724164382717,-0.05011025110630703,0.10397101065957644,-0.05012617297940725,0.10410464261789086,-0.050135840812426696,0.10423871416105142,-0.050145741015824544,0.10437538733805835,-0.05014061216899841,0.10451986599902101,-0.050120540861626026,0.10466531512094533,-0.05009450623212391,0.10481243695350123,-0.050064300450433634,0.10495938337989598,-0.05003734200673274,0.10510638704746116,-0.05001338749557638,0.10525382702607117,-0.05001415281238928,0.1054071359190037
Puerto Rico,177,All pasture-based animal products,0,2023,108.1935,229152.73,,5.314181807340529e-05,0.0026831635985354774,0.02,0.7,0.12486887143638295,0.1586497410491195,0.12487639167441264,0.15849954429561974,0.12485368824377302,0.15836599863719955,0.12481895780015204,0.15823528463598677,0.12477296732969412,0.15811462392406658,0.12472339677085029,0.1579942029210439,0.12466308247662067,0.1578748421722166,0.1245882086397731,0.15775778889576192,0.12450691049245327,0.15764097560141238,0.12442435255035861,0.15752399710201453,0.12433577798347917,0.1574082131010607,0.12423996635023798,0.15729443813076685,0.12414029316772973,0.15718072588480866,0.1240493622386003,0.15706778260355256,0.1239547834430949,0.15695508969498742,0.12384859478146698,0.1568588840432202,0.12374744595675141,0.15677771686480385,0.12363776118837724,0.15669773543612325,0.12352898694712311,0.15661767253285003,0.12351740190426631,0.15655620832166614,0.1235034714366857,0.15649503333282425,0.12350722459752869,0.15643777010457055,0.12352337297790753,0.15638211676800962,0.12355693394289176,0.156339804082152,0.12362192072984386,0.1563098376768265,0.12367463819387184,0.15628499349352531,0.12372012723602488,0.1562985853011046,0.12378602721605012,0.15631837305212193,0.12385974568732694,0.15635796522169002,0.12393860645952781,0.15639821600803566,0.1240213164496034,0.15644198690192687,0.1241075342275468,0.1564873932726075,0.12403242492228293,0.15653538959317626,0.12396166222136579,0.15658363582017124,0.12388109938548325,0.15663701683111947,0.12381422676578113,0.15669353286267837,0.123736852568391,0.15674999595658437,0.12382406249688005,0.1568146198030585,0.12384405931537991,0.15688640648459135,0.12398367651324303,0.15697084686022664,0.12407215981102793,0.15705661081258443,0.12409858413309761,0.157148414896587,0.12412691444292903,0.1572421835146433,0.1241486078950309,0.15733692255274037,0.12416295900193312,0.1574352453848972,0.12416949579197897,0.15753402576800385,0.1241346269841513,0.15766982064926452,0.12411684099700093,0.15780749726699336,0.12412220495968398,0.15794864159060637,0.12414106659054674,0.15809098129232738,0.12415580680380427,0.15823344114704974,0.12418371577707386,0.15837785120329015,0.12421391600374643,0.1585238230030081,0.12425092771244113,0.1586755188666626,0.12428771146845012,0.1588272873781884,0.12432464897349539,0.15897969743314794,0.1243633069385925,0.15913332781582082,0.12440466692983915,0.15928734453117302,0.12445264570974365,0.15944216763006275,0.12449238976030344,0.15960000354533097,0.12453715225224565,0.15976133232595002,0.12457862452328426,0.15992283909448696
Republic of Korea,117,All pasture-based animal products,0,2023,154.2327,2279664.57,,0.0005643095504126185,0.028731807991520322,0.02,0.7,0.1513256817015175,0.2147696989133608,0.151462604866849,0.2135218587160005,0.1514481225100908,0.21239202726082584,0.1520253814299543,0.21175349885807612,0.15288004892093698,0.21121951703808212,0.1537206909304878,0.21084921672572352,0.15450361911104935,0.21049121319461866,0.15536839953635936,0.2101557762560317,0.15619274559502036,0.20982476863786673,0.15725508090262325,0.20963218295262342,0.15827347592429233,0.2094617879692085,0.15934802880205046,0.20929951983574385,0.16039419037416086,0.20923145121159117,0.1615523047196124,0.20920374725446655,0.16273968660558943,0.20937697159948107,0.1639506767897229,0.20954531376852967,0.1650269967084772,0.2097492371089029,0.16592469256158937,0.21000425185268268,0.16674131212773918,0.21029009894127296,0.16744124068682886,0.21059148493734792,0.16808696075618298,0.21089078166221062,0.16870925131141826,0.21118311322472236,0.16925070855311292,0.21151538746594734,0.1697015219834786,0.21188417588131267,0.17028347759857998,0.21230552868635177,0.17093660421936177,0.2127427202717043,0.17169073189484593,0.2132130455297433,0.17247371494857977,0.21368058037386492,0.17318741142087424,0.21414416216330115,0.17386876283508013,0.21462506255508143,0.17451799122601885,0.2151227904373897,0.1751438860967221,0.21561323818066708,0.1757133479668752,0.2161020590728591,0.17626075986108447,0.21659008394646487,0.1767894103723952,0.21707495307452718,0.177294094079763,0.21756107384765394,0.1776989430455921,0.21805301591014498,0.17808198800911795,0.21854427715372512,0.17846373672797033,0.21902791294888627,0.1788129983959466,0.21953480517774904,0.18072325732071803,0.22005453465172978,0.18262712709180745,0.22056707188680064,0.18402864569674227,0.22116478347748456,0.18537691020726368,0.2218167975694001,0.18672787532943383,0.22249022834104526,0.1880117530209028,0.22319238670643116,0.18932628623069073,0.22390576065236226,0.19048995771916066,0.22462697210748384,0.19153762150594603,0.22535224336976659,0.1927457645095506,0.22617090712519458,0.19378621005487706,0.22707123411934446,0.1945522536159511,0.2279707601659898,0.19529512040274788,0.22888434956960108,0.19601651770022827,0.22979508947271404,0.19668558139048894,0.23074157485337154,0.19708936763563598,0.23176226112500767,0.19735006767317004,0.2328036495242829,0.19755400748308402,0.23386975542537192,0.1977198281754686,0.23495038322469727,0.19783596514792445,0.23603882492126804,0.1977119415324042,0.23715996421972826,0.1974736857107283,0.23831128863031817
Republic of Moldova,146,All pasture-based animal products,0,2023,345.3,234630.47,,1.832957207341739e-05,0.0009442708842330951,0.02,0.7,,,,,,,,,,,,,,,,,,,,,,,,,,,,,,,,,,,,,,,,,,,,,,,,,,,,,,,,,,,,,,,-0.03312682559803276,0.07888346500560875,-0.033072657478182346,0.07882927233218062,-0.033015749443014095,0.07877580553113592,-0.032953480934550985,0.07872390391136931,-0.032892401421478874,0.07867814343393754,-0.03283355811951878,0.07864185962478504,-0.03277762511018038,0.07860605842325188,-0.032723472242030656,0.07857034926868402,-0.03268049025299691,0.07853540995211251,-0.03264949306366657,0.07850523557903734,-0.032647072553779334,0.07848643641047315,-0.03263840351933184,0.07846882662298807,-0.0326341812244617,0.07846901055944372,-0.03255594525782286,0.07847794036172999,-0.03247829789543328,0.07848671043601733,-0.03240094395419272,0.07849546279383349,-0.032337269980309995,0.07851227805312119,-0.032265698684064745,0.07854548174553204,-0.03220262274405821,0.07861059721424848,-0.032144324502379897,0.07868203464427936,-0.03208717863525984,0.07875419158391747,-0.03202960575424248,0.0788274444255876,-0.03197207895585347,0.07890504047044242,-0.031912046187143814,0.07898474039069059,-0.031851050758107444,0.07906445136551583,-0.03178980384204837,0.07914399881349893,-0.03174370096442366,0.07924701271380898,-0.031703186944977785,0.07935637128584003,-0.03169934959852439,0.07946588156865911,-0.03170372732230037,0.07957762062832337,-0.03172834709739682,0.07969230134775242
Romania,183,All pasture-based animal products,0,2023,4775.0,3775160.0,,2.3317551248126892e-05,0.0011877591889598446,0.02,0.7,-0.04438039019684778,0.07230007462455028,-0.04438456595361183,0.07214031877939879,-0.044377192957993125,0.07199544981012694,-0.04437256637802644,0.07185177194821915,-0.0443935441265843,0.07171547298782746,-0.044437656398996044,0.07160759643222611,-0.044476982787491084,0.07151362354774404,-0.044493000955210096,0.07142542484617288,-0.04450898499013094,0.07133705351491394,-0.04452488075812533,0.07124831030538051,-0.04454098147430795,0.07115936322143733,-0.04457272044194467,0.07108334642045885,-0.04461269912904025,0.07101344714706519,-0.04465345133557894,0.0709432220930979,-0.04469263551709844,0.07087308250083754,-0.04473175736802492,0.07081387371542673,-0.044770052808909236,0.07076571694547205,-0.04480756398633673,0.0707180461977279,-0.044846098879712415,0.07067001608529812,-0.044904144308243236,0.07063398301087466,-0.044988853896328986,0.07061266961719967,-0.045082680179272056,0.07060016343282272,-0.045176980768648865,0.07060558228258244,-0.04526978076937338,0.07061460028439763,-0.04536942321941296,0.0706255939001084,-0.045472324610521836,0.07063907204628467,-0.045575228004580144,0.07065216463025199,-0.04567705121329664,0.07066633949514896,-0.04560134547327546,0.07071465583211582,-0.045530199423875664,0.07076562070621734,-0.04546790476978392,0.07081879011787497,-0.0453984167470571,0.0708767335174352,-0.04533307975160844,0.07093724172509451,-0.04529047850894026,0.07102411376871576,-0.04525157725308834,0.0711139301693325,-0.0452126874160473,0.07120338611088535,-0.04517459952881722,0.07129278120457076,-0.045138921750975614,0.07138407702040532,-0.04510121108599349,0.07147692990402461,-0.045063565727584805,0.07156983353243306,-0.04511159092524085,0.07166322168935303,-0.04518289532069249,0.07175802161764068,-0.04526417190067052,0.07185548326832114,-0.045259626034706485,0.07195383717264967,-0.04524843332576921,0.07205204705799378,-0.0452348346411212,0.07215269694099617,-0.04527241881711565,0.07225734975507225,-0.04531035810580662,0.07236358512902133,-0.0453636613046429,0.07247178912236268,-0.04532606711674129,0.07261774287112308,-0.04528978725530253,0.07276403766368363,-0.04527048110529341,0.07291451244254692,-0.04525845036385923,0.0730647760614251,-0.04523552689478015,0.07321621603145985,-0.04521215200735399,0.07336869770076777,-0.04519700546725563,0.07352122833160733,-0.045198936286680175,0.07367594512489972,-0.04521010845201234,0.07383098009586947,-0.045200903231527825,0.07398811302531276,-0.04518826199676209,0.07414492295374024,-0.04518190535526042,0.07430183130734658,-0.045177609122934156,0.07445851068982655
Russian Federation,185,All pasture-based animal products,0,2023,134437.0,35984713.33,,0.00011483578162411415,0.005813265349623366,0.02,0.7,,,,,,,,,,,,,,,,,,,,,,,,,,,,,,,,,,,,,,,,,,,,,,,,,,,,,,,,,,,,,,,0.3252908720091541,0.4115730616815897,0.3252884328304909,0.41143401317442835,0.3253043381781869,0.41135118854325137,0.32532603878620536,0.41130424909375674,0.3253885915423429,0.41131032830738173,0.32545498803628875,0.411329745993083,0.325521481128211,0.41135173579119777,0.3255895166796754,0.41138027735072846,0.32565895141567386,0.41140969931546906,0.3254957363930295,0.4114459568935817,0.3253470916598209,0.41149016041491543,0.32520101808206314,0.41153492236631894,0.3250520028122337,0.4115842170310031,0.32489994111826004,0.411637748248473,0.3247554147189275,0.41169411368075576,0.3246266382708288,0.4117590820794458,0.3245073191547754,0.4118288209580269,0.32439498289523117,0.41190108963738836,0.32428024173612097,0.41197402475715506,0.3241668384889833,0.412046989770022,0.3240586509695914,0.41212192097862926,0.3239446842449477,0.4122015729585112,0.32383963562227236,0.4122843830066963,0.3237383957897675,0.4123685585486823,0.3236324095357136,0.41245697366696493,0.3235386446114965,0.4125497935144609,0.3234552907597418,0.4126484413688007,0.32338887473845007,0.41275624312742215,0.32334386584473257,0.4128756752013205,0.3233067972816045,0.4129972802127859,0.3232894124202187,0.41312602647680186
Rwanda,184,All pasture-based animal products,0,2023,396.26,234283.06,,7.804058786047346e-06,0.0003748286120931241,0.02,0.7,0.05013997038479828,0.0305061689644689,0.050163326174910906,0.030382454077236578,0.050178424326453225,0.03026129526328788,0.05019884883408375,0.030139967461002348,0.05022280886625463,0.030018263503873068,0.05023889172576039,0.029898463148345326,0.05025347734888719,0.02977813499508217,0.05027031760651309,0.029657306904893092,0.050283982135041046,0.02953610628397199,0.050290160691138126,0.02942401166434051,0.0503427260230374,0.029323013468993676,0.05042147508868429,0.029226500794412646,0.050494986289033386,0.029130066137665857,0.0505731996429219,0.0290333078787438,0.050671434934782586,0.028939267612524917,0.050772225040368664,0.028867188669268802,0.050873157526609744,0.028814276504650516,0.05096805215162332,0.02877241166147342,0.05106907179021879,0.028730369616768586,0.05117968783562506,0.028716800551723345,0.05130507735849338,0.028704623326711275,0.05142685277125492,0.028692078536780356,0.05156813314857872,0.02868203506018414,0.05172827643164409,0.02867432803115125,0.05188024664137523,0.028672615293058343,0.05202404075424819,0.028673395492114246,0.0521882537348917,0.028676886679891156,0.05236427410882566,0.02868113358306151,0.05254229028399558,0.028684793512040927,0.0527238912425706,0.028689428449346403,0.052904471648508214,0.028693702812792602,0.053047909674209526,0.028698137638262747,0.05307631512470889,0.02870605835878452,0.05293274203475503,0.028719460783493,0.05282586951905446,0.028740175259301014,0.052710811335137386,0.028765881724669404,0.052604887090734076,0.028791861612612924,0.05249092161303474,0.02882363546839295,0.05236864584285457,0.02885873329916463,0.05220566757617368,0.028895089335727715,0.05213411365671858,0.02893813388621088,0.05196759365932736,0.02899040838736941,0.05180097990976412,0.029042065627026083,0.05163631193112843,0.02909364489758534,0.05147190038467844,0.029145513274119093,0.05130722590789944,0.029215759834526553,0.05114065566571603,0.029285427972101718,0.050985369047107834,0.029355827125007228,0.05083911944443996,0.029426548884018456,0.050738611551220586,0.02950468602029037,0.05063973547371921,0.029582546525554882,0.05053526830751953,0.029660075587622254,0.05043005472030522,0.029737362077467983,0.05040406296733475,0.02983843352651352,0.05036972124479449,0.029946346887337893,0.05036176298457237,0.030062818137890603,0.05036221012224978,0.030180703894711895,0.050360917190115026,0.0302985698811393,0.05035961406670545,0.030415888452535067,0.050355089100322936,0.03053384858699058,0.05031761713146508,0.030656520644801646,0.05031519951756901,0.030783020765488184
RÃ©union,182,All pasture-based animal products,0,2006,11.2,27317.0,,0.00011978837989470921,0.006111280134677647,0.02,0.7,-0.0576203371397393,0.1254026304579078,-0.05762316705308179,0.1249248181209564,-0.05762671276715431,0.1244452201141031,-0.05764918537934505,0.12397933981554209,-0.05771020480501183,0.12355321701144412,-0.05776998869814691,0.12316035726133875,-0.057849827840002865,0.12278231572064119,-0.05794287361918247,0.12241133998049461,-0.05804835642694011,0.12204659622130092,-0.058175870786531074,0.1216987978254507,-0.05831711596855377,0.12135844758296663,-0.05849059742088049,0.12104790342952924,-0.05867084812419085,0.1207384171057199,-0.05885487823797182,0.12042803726044697,-0.059035807314531306,0.12011730155520131,-0.059214395604949815,0.11980532329326378,-0.05952236705082527,0.11949916765519103,-0.05988972229568082,0.11925970502767472,-0.06025462971675967,0.1190190496272754,-0.06061699559279299,0.11877727981915842,-0.060975192915369986,0.1185379768051393,-0.06146401739771786,0.11847213481007024,-0.061519372939956365,0.11857667852959011,-0.06157272264948441,0.11867964487481666,-0.061621681495642976,0.118787185950633,-0.06167160444575806,0.11893049437762634,-0.061718918345652345,0.11909477939013766,-0.061765497662967135,0.1192883039141741,-0.06187258579828549,0.11948246882578759,-0.062161321511526174,0.11970160767616655,-0.06245669673413026,0.11992154144003354,-0.06276895027020621,0.12015155928929867,-0.06310318734665163,0.12047935499868477,-0.0634349672375477,0.12080606431967694,-0.06397456978947096,0.12117143018914589,-0.06451023188654112,0.12154812269629853,-0.06531439706051496,0.12199636487012724,-0.06611489842022564,0.12244588352878294,-0.06603651462826432,0.12291807912939696,-0.06595998268774445,0.12338866020720211,-0.06597796587386855,0.12386121544458209,-0.06599976182505182,0.12433303825601914,-0.06603024779542749,0.12480749745093792,-0.06605674270698465,0.1252851914695666,-0.0660856979413446,0.1257616021670036,,,,,,,,,,,,,,,,,,,,,,,,,,,,,,,,,,
Saint Kitts and Nevis,188,All pasture-based animal products,0,2023,0.9,75.0,,0.0009529731267389497,0.04893770939499632,0.02,0.7,0.011116621335359511,0.29094271518839526,0.011119952942400868,0.28930063133706324,0.011114121427209689,0.2876513652323473,0.011099460486539758,0.2859945846858961,0.011082444642297462,0.2843282393717449,0.011056566656551192,0.2826540326934699,0.011024690652855273,0.2809706845874472,0.010983385499607312,0.2792793584232342,0.010936063771316284,0.27757851656446636,0.011445420954114383,0.27586943828900623,0.011945617483931414,0.27415163838616136,0.012439548354841179,0.2724237870397957,0.012931360152911964,0.2706848145145643,0.013412359868854473,0.26893727318488747,0.013887739822359357,0.2671788229397668,0.014352311192784128,0.2654113135169736,0.014813159842468338,0.26363198940006954,0.015264286763988721,0.2618425424815543,0.015706282005397032,0.2600424346029387,0.016138563955708563,0.25823165236994267,0.016561448208590512,0.2564097642496868,0.016974627624778194,0.25457661336496845,0.01737841658729078,0.25273175076293786,0.01777852346452402,0.2508731302860927,0.018171391087482114,0.24900132333810446,0.018557029069327324,0.24711599167082474,0.01893186972883054,0.24521826475646988,0.019293775061918428,0.2433089470070217,0.01965204393464315,0.24138415451796047,0.019527777017240178,0.2394488399390426,0.019398499698599192,0.2374975295202383,0.019272847267960136,0.23552954289456238,0.01916896098210391,0.2335534033349145,0.01903591683269129,0.23157905645151755,0.01888457520707909,0.22959376655259933,0.0187269701999081,0.22759053169643934,0.01856025978321857,0.22556976245600688,0.018418991761755876,0.2235411807463716,0.018243875431315337,0.22151792062307005,0.018070550009255892,0.21947383398433423,0.017827447215918113,0.2175330487739932,0.01741935020937585,0.2155708850780226,0.017013733744634163,0.2135861719667069,0.016619257952857236,0.2115804308236935,0.016331892007297708,0.20971681199235834,0.01660103615692074,0.2102973997825247,0.01674685181854421,0.21134301680890116,0.016794050313893416,0.21263467692034224,0.01743159042283807,0.21394854153125742,0.017966684687578394,0.2152449121323249,0.01788483207127247,0.21665856290756433,0.017982881362407117,0.21845993897888152,0.018126256772300526,0.2202744651530756,0.018252621568419926,0.2220737340672,0.018351736798432487,0.22386835457755397,0.018488087707471287,0.22566737020400482,0.018590378691985106,0.22747288069749036,0.018653760656313523,0.22929434456883538,0.018698935692484063,0.2311041572692138,0.01881706331930543,0.23298428216367528,0.018927301220857333,0.23484777494957818,0.018968261091751447,0.23682720075033742
Saint Lucia,189,All pasture-based animal products,0,2023,0.61,1596.3600000000001,,0.0001639324333291694,0.008285790374546886,0.02,0.7,0.17527593264851837,0.2644331264290158,0.17537649279169384,0.2641887200448354,0.17547118365769493,0.2639447839605169,0.17567776021460318,0.26377651896940774,0.17589196214999145,0.2636088695873762,0.17610626459570147,0.2634408536418823,0.17640769983308593,0.26332585696754657,0.17672064467353438,0.2632125593555907,0.17705275439208135,0.2631039188556814,0.17741331673882837,0.2630045998292546,0.1777737571327438,0.262904911802783,0.17812818002696493,0.2628057343633569,0.1784703908925348,0.26271100955665727,0.17881085628729887,0.2626159786085059,0.17913877072233536,0.26252578924345377,0.1794489313076022,0.26247122250797705,0.17974237939629945,0.26242987510434446,0.18002423316046445,0.2623923693289106,0.18031631563365344,0.26235615173270216,0.18059961565567895,0.26232166300174103,0.18086783487303504,0.2622960302195405,0.1811258306221042,0.26227307780720593,0.181371861249308,0.2622543607897716,0.18160817264245377,0.2622379652110178,0.18183729834830123,0.26222251372992644,0.1820559796827,0.2622066996718202,0.1822653621973077,0.26219293318247866,0.18247460645356242,0.2621787943375508,0.18268145208453182,0.2621644066530113,0.18288081286895114,0.26215109447549334,0.18306669983864937,0.2621439291967444,0.18324201416177308,0.26213973564727333,0.18340802827385025,0.26213759663227737,0.18356730898379797,0.26213622265360825,0.18375758300417133,0.26214540803492414,0.18369229449890118,0.26221804449830555,0.18359896766135567,0.26230816491048026,0.18352398260368366,0.2624003455258069,0.18352040026149313,0.2625142800549331,0.1834538710913558,0.2627076228090056,0.1833076384129508,0.26290458824279117,0.1831738319477192,0.26310243911577463,0.1830438920377348,0.2633001023591972,0.18296844132173343,0.26350646006412015,0.18289580406480885,0.26371253100824404,0.18284117544852974,0.26391840045656373,0.18294016784034559,0.26412532998583443,0.1829840825245856,0.26433793093404667,0.18303457665086403,0.2645583656425888,0.18306750161041788,0.26478371113328725,0.1830027051827797,0.26503272307920134,0.18295125111376342,0.26528389407616276,0.18285976907518317,0.26553990519887166,0.1828487257683085,0.26584702581608616,0.18283533451696493,0.2661539166300269,0.18283088721567956,0.2664608740275768,0.18283386561666143,0.2667678675132583,0.18283705678916037,0.26707462955534755,0.1828434483729112,0.267381057548771,0.18284921758023379,0.2676872738928455,0.18284800285637656,0.2679932521054796,0.18284571153414186,0.26829890578927235
Saint Vincent and the Grenadines,191,All pasture-based animal products,0,2023,2.2189,1011.48,,0.00015626806247123095,0.007997245605437724,0.02,0.7,0.02743272182863754,0.20169522858199146,0.02743798858106683,0.20130906232009688,0.027447073673747102,0.20092300208064137,0.027462824354784976,0.20053867886590232,0.02749062410381964,0.20016113631755791,0.027540043743222414,0.19980440844412584,0.027576454236679662,0.1994606590534452,0.027609989533075904,0.1991166777108628,0.027644659337859617,0.19877200091325248,0.027684092317718678,0.19842783989721569,0.02772370181132902,0.19808289938827303,0.02776665789664698,0.197737823566374,0.02781418028174934,0.19739314359642668,0.02786586108653799,0.19704865740490185,0.02791662880282808,0.19670342498418183,0.027971958024873442,0.19635856685709926,0.02794857876785746,0.19601303694438604,0.027929054247428885,0.19566754278444112,0.02791346084564024,0.19532211138136307,0.027907633661768568,0.19498082268929387,0.027906033137354347,0.1946397168657011,0.027908161026572294,0.19429857104091272,0.02791720548554809,0.19395917146655908,0.027928727351860368,0.19361928889688373,0.02793980493279339,0.19327857717659,0.027955274715994884,0.19293809440851992,0.027953362490599043,0.19262390943599542,0.027971857346108915,0.1923275510009178,0.027986131616608248,0.19203148090816316,0.027992157640223128,0.1917393029413185,0.027987452477874375,0.19145477271685563,0.027987586643609126,0.19117065557082713,0.027992886330324214,0.19088711694280963,0.02800861701361712,0.1906081799250678,0.028028004479850606,0.19032910425314203,0.028047482215960866,0.1900491436061774,0.02807016055194119,0.18976886513798685,0.028105680585046297,0.18949568317496832,0.028133369192845377,0.1892257976421955,0.028162886810816943,0.18895520110355615,0.02814346832298949,0.18868533905078458,0.028131846181874802,0.18841772535405327,0.028087577789212656,0.18824432511839465,0.028045302282266704,0.1880701595263052,0.027987601389949057,0.1879098722486156,0.02797300771424041,0.18779314573695488,0.027973252356180995,0.1876853998390413,0.027975310381230044,0.1875768799395256,0.027991935061979056,0.18747521043036805,0.02799702557837356,0.18737793908325967,0.028034365970733634,0.18730881338295305,0.028046348354442852,0.18729452019206508,0.02811879181065217,0.18736904879584115,0.028162099962840102,0.1877001864777932,0.028196507329456152,0.18803571914382283,0.028219860658151744,0.1883773728778105,0.028237070896694492,0.188720272178343,0.028247483705964527,0.18906513169934464,0.02824617052369946,0.18942040740739155,0.02824515906910027,0.18977478932131747,0.028232555773419613,0.19013834962175316,0.028247175578511623,0.19053139799985574
Samoa,244,All pasture-based animal products,0,2023,6.41,2986.74,,0.00029176974948490555,0.014059827219010864,0.02,0.7,0.13407690641801173,0.14253835093845177,0.13414098677973552,0.1415285808395544,0.13424926474830962,0.1405207416475057,0.13484032533993306,0.13980269310846047,0.13541163634253792,0.13908113179580173,0.13654875556967333,0.13929867663748055,0.13766964160074505,0.13951099889074398,0.13887230659749206,0.1397401687588261,0.14010462156847653,0.13996622417543578,0.14130844134190057,0.14024760877143577,0.14252137186092217,0.14052182921071918,0.14370346818862637,0.14080709157397214,0.14496586660366903,0.14110848165067996,0.1461964363944766,0.14142776822035188,0.14740397904698413,0.1417464386302918,0.1487141213563279,0.14209182865851394,0.15007845465588818,0.14244253395009837,0.15145984061078954,0.14278763997105398,0.153012292875257,0.14319614764879127,0.1546924290040635,0.1436440176195063,0.15634933734151318,0.14409232069043784,0.15800557532642973,0.1445335133798335,0.15964285923178623,0.14497202439621074,0.16127521689795501,0.14540375689704155,0.1629398920078362,0.14583397251003957,0.16457991072790065,0.14630541964072957,0.16655822089304476,0.14694001848946509,0.16851921925967173,0.14757152329925796,0.16929231021930552,0.14822028159926387,0.1700421800186264,0.14887131879112217,0.17080102251800866,0.14951646085729328,0.17153656187595895,0.15016436685921242,0.1722795894321089,0.15080638607012964,0.17303782258356662,0.1514436784358026,0.17378001011501107,0.1520779721471222,0.174508843598001,0.15270820946548483,0.17523615432162815,0.15333248987645792,0.17598269903716096,0.1539531429360098,0.17659150698934475,0.154571991262125,0.17719608630529488,0.15518508247076535,0.17777469639500387,0.15581069870994163,0.17843063536745019,0.1564530946471896,0.17906047442435247,0.15711363698680125,0.17968687987232304,0.1577687981916479,0.18040264999469802,0.1584194332286414,0.1811091692814465,0.15906561229937333,0.1818064396513707,0.15970740449580562,0.1825709638671629,0.16034487651982954,0.183491757705168,0.16103962209190348,0.184504998831652,0.16173194375996977,0.18551454539802628,0.16241924147061823,0.18654571304266868,0.16310190124689447,0.187670942758487,0.16378711212456826,0.18870171169561628,0.16448609541997494,0.18954605306649125,0.16519295718333618,0.19051512944984994,0.1658998142194909,0.19130006907571528,0.16661227269127168,0.1917631331639011,0.16734569701093752,0.19167747554472736,0.16813296736187494,0.19156759340571364,0.16893471497794368,0.1915983575462601,0.16978726024435017,0.19160885092884855,0.17064301406068388
Sao Tome and Principe,193,All pasture-based animal products,0,2023,1.4377,942.53,,0.00012135498454054468,0.006607408802746594,0.02,0.7,0.009408496135928646,0.06382756142010577,0.009409925012430986,0.0628699259038326,0.009411696762888245,0.0618974817977954,0.009396804103976883,0.06100641878706985,0.00936685161408534,0.060149734013414856,0.009321450452636989,0.0593314108064131,0.009368153000396522,0.05875055726085882,0.009419600130810592,0.05815339224237184,0.009474778837593628,0.05753866249554216,0.009518937906200193,0.05692237406717519,0.00957052722185544,0.05629022993045995,0.00960816539950397,0.05567347645589538,0.009645489663825819,0.05503539116057753,0.009670693536657492,0.05458686870110785,0.009687912604431411,0.05412323477483129,0.009714644728260826,0.053642471603557326,0.009742249008428724,0.05313791466315063,0.009776351596402073,0.052611802931219184,0.00980892116535811,0.052060610178247216,0.009841823861974904,0.05148332696270149,0.009877988751330707,0.050879847233482794,0.009914171884418897,0.05024840725313783,0.009951516004245943,0.04958804271042896,0.009993075261751371,0.048898712982627573,0.010037068023555511,0.04817830989187525,0.01008000223158332,0.04742505915884598,0.010124175616054602,0.0466373874511539,0.010167173658518823,0.04581350875810129,0.01021130820393339,0.044951410745034955,0.010252084610478893,0.044049660585044455,0.010898073426865653,0.044999200794760115,0.011545163483228236,0.04590839268827219,0.012191696038711036,0.046779533387328216,0.012836673139152828,0.04761488108679627,0.01347973749865948,0.04841640754717622,0.014124286051059661,0.0491856397137718,0.01476813379956286,0.04992395794647322,0.015411247624452652,0.05063272096787829,0.01605360235685441,0.05131315921801291,0.016697761836931512,0.05196658262191679,0.017299566976813202,0.05259377733230811,0.017898759536120305,0.05319635875006448,0.018496748420451337,0.053774500472228044,0.019068299463419286,0.05433785502758737,0.019656066992867646,0.054883395243148204,0.020153210508702286,0.05551672875561135,0.020724149222037386,0.05622275492461042,0.02128817115024096,0.05719064591905335,0.02183797287109533,0.05814292011448985,0.0223422102416623,0.05909905449160377,0.02228612384190484,0.06007567849723545,0.022232207222448862,0.06103548300623047,0.022186664340623743,0.06198026074365835,0.022149063028469914,0.06291303707518332,0.0221056612290566,0.06383561591787103,0.02209753366610997,0.06476946020659788,0.02208509970548478,0.06569084036916169,0.022068778768953242,0.06660056121534637,0.02205371152911968,0.0674980653180645,0.022040612418220806,0.06838374333652851,0.022037876878245388,0.06926499419477276,0.02203664805850215,0.07013538991211801
Saudi Arabia,194,All pasture-based animal products,0,2023,170125.3122,2809231.26,,8.77483907258903e-06,0.00038431286576292716,0.02,0.7,0.12567354493456495,0.04402883775177218,0.12566806303864383,0.043931902362877376,0.12565691474078827,0.04383698929048671,0.12564014901381865,0.043744305715663984,0.12561772543499194,0.043653685367291896,0.12558972824901557,0.04356542207376032,0.12555603820332928,0.0434789022308993,0.12551746434502126,0.04339588876812213,0.12548218776272338,0.04331276935671561,0.1254412192390249,0.04323125626598053,0.12539682250605622,0.04314977197737428,0.12534691340829185,0.043069360280426947,0.125291333997971,0.04299097978120915,0.12523258719949543,0.042912574090495,0.1251875295035664,0.04283531605324563,0.12516563549482276,0.04276085932078229,0.1251386702268934,0.04268963414077546,0.12512561102137393,0.04261957998724369,0.1251252272461552,0.04255050407919592,0.1251212933360627,0.04248146575475317,0.12512241557504386,0.04241244611778409,0.12512915559124205,0.04234349697197882,0.1252108918093326,0.04228900600775597,0.12519841604288245,0.04225787022171884,0.12510863299315905,0.04224120089594925,0.12495482875489425,0.04223451880168328,0.12482591455640038,0.04222826534253231,0.12469719591682393,0.042221756311455444,0.12453304591067407,0.04221849441819801,0.12436001938812365,0.0422151414412113,0.12418362708635283,0.042216806406823223,0.12401127191577264,0.04221839678113749,0.12381161302675024,0.0422205138901094,0.12357782213038732,0.042223904741964545,0.12335633584380591,0.04222720372349595,0.1231659668101835,0.04223129549500261,0.12295148113630754,0.04223626591886738,0.1227011116419678,0.042243124114866776,0.12246859525780114,0.04225024609614926,0.12227227442149942,0.04226281953584029,0.12207250380776846,0.04227609034256558,0.1218832411791445,0.04229002053223962,0.12168887989804217,0.042304522847355516,0.12148876121687041,0.042321455053767706,0.12132157470599175,0.04234317306169062,0.12114849312041373,0.04236681797112397,0.12097383391294834,0.04239025250945936,0.12087826377575095,0.04242957721011311,0.12079216864690556,0.04246942961487671,0.12070666125934709,0.04250903560553402,0.1206191021948453,0.04254846741213271,0.12052567377596927,0.04258932729477927,0.12049969298654399,0.042643214559714065,0.12046992467384568,0.042702248642208646,0.12043371602173,0.04276401533102963,0.12039102684026604,0.042828396775665106,0.12034188097661952,0.04289549329951516,0.12029388290792427,0.04297162256272629,0.12028958930813881,0.043055094124339,0.12029422693329876,0.04313904504564647,0.12029400295236371,0.04322709427520694,0.12029957974068237,0.04332726570014302
Senegal,195,All pasture-based animal products,0,2023,5600.0,384097.01,,8.658136798217857e-08,4.397615004544034e-06,0.02,0.7,-0.003490248647824346,0.005845204316899594,-0.003490499720897949,0.005837911899502555,-0.0034917112549015554,0.005831424932256679,-0.0034932358249330575,0.005825094450977144,-0.003494831156232444,0.005818768582753961,-0.0034965447054037136,0.005812467682082624,-0.0034981695711087026,0.005806209517930542,-0.003499824828398109,0.005799944740795712,-0.003501434116655905,0.005793680067880924,-0.003502928842116263,0.005787595481536677,-0.003504321650344217,0.005781585739335835,-0.0035062411548447804,0.005777706902901019,-0.0035081346818702256,0.005774484071760741,-0.0035101567560592586,0.005772388157119338,-0.0035130872073246963,0.005771027805878755,-0.003516204305359436,0.005769730541914193,-0.0035192928718853263,0.005768426883654939,-0.0035229521937943514,0.005767506808972375,-0.0035265188163046478,0.005766637290816042,-0.003530160937614137,0.005766733299224829,-0.003533809305742698,0.005766819671794177,-0.0035374762629260233,0.005766897422039183,-0.0035410768332506167,0.0057669888477840285,-0.0035446857901263416,0.005767835527790281,-0.003548527605067219,0.005768775640006546,-0.003552559311065627,0.0057697805625973,-0.003556506334676317,0.00577082156963288,-0.0035603692395536984,0.005771897817234539,-0.0035642381061156874,0.005772964443261164,-0.0035665963480825224,0.005774031940314543,-0.0035661018295227564,0.005775134078737074,-0.0035655314767549747,0.005776260042037688,-0.0035650004601974015,0.005777381049233223,-0.003564480351963854,0.005778492746858336,-0.0035639099035423448,0.005779606741848565,-0.003563456095167188,0.005780711084553187,-0.003562958102458505,0.005781814610937412,-0.003562354447278624,0.005783011768694155,-0.0035617598418087983,0.0057841995202562784,-0.003561254295729739,0.005785398507166993,-0.0035608654416766643,0.0057866211609126075,-0.0035608732019525675,0.00578962325883544,-0.003560944436796812,0.005792627182614001,-0.0035610529354035327,0.005795625787930018,-0.003556382935415662,0.005798707760019921,-0.003551886212541392,0.005801844695914229,-0.0035475268928232334,0.00580501611923486,-0.0035440888986013434,0.0058089363712170985,-0.0035416566301117395,0.005813699951979544,-0.0035394444060432876,0.00581854916483192,-0.003537416310082145,0.005823460500721942,-0.003537390444704528,0.005830419201948525,-0.0035372900018840457,0.005837400622110582,-0.0035372113768494004,0.0058443742033872864,-0.0035372965270972635,0.005851397869292192,-0.003537483430997984,0.0058584389022484475,-0.003537675522720198,0.005865470710682676,-0.0035378011996166814,0.005872517106205019,-0.003537877181669112,0.005879566060473215,-0.003537963776318074,0.005886606188705033,-0.0035380228513313514,0.005893640306926092,-0.003538127333568335,0.005900671624860345
Serbia,272,All pasture-based animal products,0,2023,556.0,1491631.3,,5.800752383807374e-05,0.0022041026462804093,0.02,0.7,,,,,,,,,,,,,,,,,,,,,,,,,,,,,,,,,,,,,,,,,,,,,,,,,,,,,,,,,,,,,,,,,,,,,,,,,,,,,,,,,,,,,,,,,,,1.6289745518077634,0.6461572271726571,1.6289699137525462,0.6461129703453291,1.6289670369444644,0.6460693981918683,1.628966606645901,0.646034968189318,1.628961495323407,0.6460013815162287,1.6289814428884017,0.6459707389433252,1.6289963432995789,0.6459414010643099,1.629011741837798,0.645912076552846,1.6290673526529524,0.6459054033209363,1.6291331789991308,0.6459009379364552,1.6292244051904983,0.6459006522147244,1.6293183247490775,0.6459004479474464,1.6293900448305605,0.6459015451257394,1.6294656903378835,0.6459068417642881,1.6295414553332095,0.6459121376072837,1.6296186562657398,0.6459176337654013,1.629717355762949,0.6459293371730228
Sierra Leone,197,All pasture-based animal products,0,2023,2373.3408,167431.72,,6.961586186500653e-07,3.4722348672065176e-05,0.02,0.7,1.6440725027225267e-05,0.005799986107281841,1.6900856088207517e-05,0.005739700457647156,1.7432125402561116e-05,0.005678789966802095,1.798524641354049e-05,0.005617217882225124,1.839850020079331e-05,0.005554965861824654,1.87708748926093e-05,0.005492007220614945,1.8580876765920962e-05,0.005428376400221919,1.7901419678442027e-05,0.005364032448200832,1.672413207275819e-05,0.0052989487553466025,1.5052413782412621e-05,0.0052330948627216335,1.287183274363557e-05,0.005166441663037925,1.0199855025649907e-05,0.00509895231787288,7.0173206127358e-06,0.005030594243405946,3.210043566286014e-06,0.004961351320392102,-1.107620686460753e-06,0.004891160189740383,-6.03546088894652e-06,0.004819995543793928,-1.1496560156039337e-05,0.004747795421720642,-1.757642302764595e-05,0.004674524925449261,-2.418918243400625e-05,0.0046001132006916615,-3.1106373973882606e-05,0.004524470952495796,-3.8097777826207047e-05,0.004447520952128988,-4.5363529863721996e-05,0.004369204632328793,-5.4339475775461166e-05,0.0042898692349498955,-6.602715009308355e-05,0.004210065113953009,-7.868742114413435e-05,0.004128772020951077,-9.276958092989396e-05,0.004046039556557723,-0.0001078793202639039,0.003961621857582085,-0.00012382638621697903,0.0038753486339118686,-0.0001402120451816334,0.0037870177129662743,-0.0001575108096929264,0.003696561314826106,-0.0001468419321258293,0.0037521894157780335,-0.00013629104861854818,0.003805524946588083,-0.00012638709293945203,0.0038566699896578956,-0.00011674005667442906,0.003905710940828716,-0.00010840345531796173,0.0039529444799272185,-0.00010501439988542673,0.004001405033726281,-0.0001058308121124223,0.004050320760899157,-0.00010755246418494698,0.004097525223727455,-0.00011806264957020743,0.004153131135736203,-0.00012935479384431833,0.0042071314351290415,3.0833975377165396e-05,0.0042654955907931264,0.0001981181760298354,0.004322411341995069,0.0003498380369615769,0.004378085361376061,0.0004861899861375932,0.0044330944936533815,0.0006212604610692286,0.004491906627032611,0.0007056358171188462,0.004557066115053744,0.0007347861326256477,0.004622691551996929,0.000757598447481848,0.004688239035270382,0.0007702454725411806,0.004755744982021987,0.0007764154946187413,0.004822673925443107,0.0007804573483238279,0.004888774718581493,0.0007810393239618491,0.004953870346970278,0.0007842112884853584,0.0050180730472287665,0.0007867494116647901,0.005081390010217209,0.0007868193027758926,0.005145009335372688,0.0007847051645820188,0.005208692621298962,0.0007806309671736227,0.005272284575589639,0.0007749176192752965,0.005335580937189137,0.0007688820744915692,0.005398098754362431,0.0007630274222311022,0.005459852163327575,0.0007593558767831231,0.005521660964218518,0.0007616426842473687,0.0055842824557874905
Singapore,200,All pasture-based animal products,0,2023,0.0613,58.53,,0.0002976141885204032,0.014407397855288266,0.02,0.7,0.36784432675850176,0.32263140095635606,0.36784432671917033,0.3221698414542009,0.3678443266798389,0.32170761974530365,0.3678443266405075,0.32124473297122375,0.36784432660117605,0.32078117825289687,0.3678443265618446,0.3203169526904262,0.3678443265225132,0.3198520533628707,0.36784432648318177,0.3193864773280306,0.36784432644385034,0.31892022162223044,0.3678443264045189,0.3184532832600985,0.3678443263651875,0.3179856592343442,0.36784432632585606,0.317517346515532,0.36784432628652464,0.31704834205185234,0.3678443262471932,0.31657864276888975,0.3678443262078618,0.3161082455693876,0.36784432616853036,0.3156371473330099,0.36784432612919893,0.31516534491609977,0.3678443260898675,0.31469283515143476,0.3678443260505361,0.3142196148479786,0.36784432601120465,0.31374568079063014,0.3678443259718732,0.313271029739968,0.3678443259325418,0.31279565843199275,0.36784432589321037,0.3123195635778646,0.36784432585387894,0.3118427418636383,0.3678443258145475,0.3113651899499938,0.3678443257752161,0.3108869044719633,0.36784432573588466,0.3104078820386551,0.36784432569655323,0.3099281192329724,0.3678443256572218,0.3094476126113296,0.3678443256178904,0.3089663587033634,0.36784432557855895,0.3084843540116409,0.3678443255392275,0.3080015950113625,0.3678443254998961,0.30751807815006144,0.36784432546056467,0.30703379984729895,0.36784432542123324,0.3065487564943547,0.3678443253819018,0.30606294445391313,0.3678443253425704,0.30557636005974526,0.36784432530323896,0.30508899961638575,0.36784432526390753,0.30460085939880566,0.3678443252245761,0.3041119356520801,0.36784432518524474,0.30362222467184785,0.36785288858588383,0.30321225523626305,0.3671139975657438,0.30284015829076405,0.366103896780384,0.30252968615113235,0.365085785180048,0.3022196448262553,0.36406532622967425,0.30191049149908156,0.3629696249502128,0.3016094325970343,0.36190341076569643,0.30130827464673954,0.36083374029301174,0.301007014518798,0.3597145293160422,0.30071756829675406,0.35859792664784007,0.3004279978249999,0.35748345086216626,0.3001803526138232,0.3563889231018499,0.2999325934181488,0.35549708012261816,0.2998105506687243,0.35471258305203135,0.29972738422550205,0.3539191855356098,0.29965498251330064,0.3534686476470319,0.2997785267047464,0.3531688202153585,0.29996850179849166,0.35301056944689,0.30020925952563193,0.353037687647788,0.30070130364215386,0.3530567249272025,0.30119335776165107,0.35306624045893203,0.3016858074326783
Slovakia,199,All pasture-based animal products,0,2023,541.0,924620.0,,0.0001317700080193111,0.006545747724658677,0.02,0.7,,,,,,,,,,,,,,,,,,,,,,,,,,,,,,,,,,,,,,,,,,,,,,,,,,,,,,,,,,,,,,,,,0.4346858630166479,0.3991704506310056,0.4347268355842486,0.3990286036962868,0.43476669691288894,0.39888675493161313,0.43483104701190056,0.3987558066877177,0.43489256586083935,0.39862547933684295,0.43496277976246744,0.3985205440070711,0.4350359434908221,0.3984157894792208,0.4351902675009945,0.3983523035104224,0.4354414758430238,0.3983324021806971,0.4356935300854733,0.39833855975685756,0.43597154546328243,0.398357471438705,0.43583263708388204,0.39839728497739557,0.43567222492184343,0.39844608257126485,0.4355111873202353,0.3984948138091322,0.4353505495084256,0.398543494118455,0.43519383823765256,0.39859242393555505,0.4351277667805356,0.3987012440710645,0.43509181371378847,0.3988179657154372,0.4350530926580319,0.3989380329748661,0.4350158856303521,0.3990594947511982,0.43499011222028267,0.39919599428465385,0.4349706839188046,0.3993341074395331,0.4349503795971674,0.39947810968575775,0.43492970825890254,0.3996255901514516,0.43491215102862957,0.39977417567129225,0.4349057543001229,0.39992580318898985,0.4349009380408603,0.40007855250432645,0.4348927759809838,0.40023724211120826,0.434884999363457,0.40039592590794304,0.4348780850462613,0.4005595898751872
Slovenia,198,All pasture-based animal products,0,2023,401.30899999999997,640320.0,,5.2075851776367245e-05,0.0025391067552342304,0.02,0.7,,,,,,,,,,,,,,,,,,,,,,,,,,,,,,,,,,,,,,,,,,,,,,,,,,,,,,,,,,,,,,,0.3218382346343384,0.2409789548125181,0.32183452615209984,0.24087536002475493,0.32186587729782384,0.24078111994646795,0.3219480609731519,0.2406975019987895,0.3220131775361727,0.24062688605499316,0.32206985265834404,0.24055673213774867,0.32213567185834263,0.24048836465630194,0.3221862665272669,0.24043402298495406,0.3222198896640591,0.24038185857471434,0.322244665172997,0.2403303404207629,0.32235341456533984,0.2403311419932199,0.3224732014226953,0.2403691207968149,0.32257087186980904,0.24040932310275748,0.3226614705122077,0.24044976958464218,0.3227517395314857,0.24049016761486744,0.3228651148952177,0.2405342855365702,0.3228158103796849,0.2405842827471122,0.3227720997480508,0.24063653586059183,0.3227293535055788,0.24069738060396903,0.3226838535981781,0.24076543303880604,0.32265540704863516,0.2408364614195855,0.32262672538357395,0.24091638570942575,0.32260125441966053,0.2410010470771805,0.32258066763077187,0.24108833797403456,0.32256917204856184,0.2411800785596328,0.3225568325113152,0.2412718237941125,0.3225451110037384,0.24136815312853854,0.32253338654488184,0.24146481795102898,0.3225247310648653,0.2415620588375394,0.322518543196519,0.24166025628142113,0.32251340497321207,0.2417615290601782
Small Island Developing States (SIDS),5803,All pasture-based animal products,0,2023,7167.3483,1991965.15,,8.206633839553557e-06,0.0004010007274024487,0.02,0.7,0.09394821867201453,0.05863123804942049,0.09392950379260212,0.05856270301763331,0.09389940367536886,0.058495513214898466,0.09379178277041955,0.05843134511988782,0.09369427691099808,0.05836858426743842,0.09359575443505869,0.05830629007964227,0.09353002405239813,0.058252033449160794,0.09349781430360588,0.058202056329451,0.09348302039489022,0.05815350288886456,0.0934701495814379,0.05810529772244044,0.09345711351814445,0.05805703598627483,0.09342581703984817,0.058011068146520135,0.09339396532021853,0.0579650200179928,0.0933599904729566,0.057919007694754374,0.09332868502184782,0.05787338238766258,0.09330404982143752,0.05782973153251061,0.09329043360769984,0.057789871607703776,0.09326632927321354,0.05775078582418132,0.0932773215093935,0.05771640885413225,0.09328937855859648,0.05768207065786636,0.09331813786573503,0.05765053592345292,0.09334850365187256,0.05761913919927197,0.09337883936722613,0.05758765523184809,0.09340189044463447,0.05755718346389137,0.09342886502793923,0.05752814979964628,0.09345945414624068,0.05749911172187416,0.09348670403659137,0.057470035181267975,0.09351391882405968,0.05744094815041528,0.09354578629835222,0.05741229481370892,0.09357012144201599,0.05738528338338459,0.09361353027874061,0.05738129187342952,0.09361298169512289,0.057396836269427244,0.09359613459986983,0.05741322038042812,0.09359094933272401,0.05743053476145543,0.09358556812686995,0.05744799890961515,0.09357985838563432,0.05746537640577776,0.09355467390941366,0.05748631862952052,0.09353428821309569,0.057511153033892176,0.09350386600756525,0.057537095651445914,0.09347554992933343,0.057563064329991,0.09342608698838473,0.05758909477446268,0.09337837388943006,0.05761585283026775,0.09333553079769466,0.05764701585494219,0.09328080886773117,0.05768141160497387,0.09325605703312285,0.057719671110641524,0.09323877092741362,0.0577605434570363,0.09321951176779604,0.057804770168803664,0.093207093888396,0.05785142459937674,0.09319499650415529,0.05789819266727141,0.09318400550894698,0.057945595139754565,0.09317232718078047,0.057993465334072396,0.09315293987923082,0.058041642630199376,0.09313265378329012,0.05808974413074809,0.09311222844113838,0.05813776758862867,0.09308859104347159,0.05818652071847027,0.09308110952617804,0.0582475322153762,0.09307344905643913,0.05830907559492503,0.09306811588207657,0.05837150612480131,0.09306648614782971,0.05843569645311473,0.09306499136160878,0.05850187250251393,0.09306516664561351,0.058571859020066834,0.09306517390324835,0.058641873275156936
Solomon Islands,25,All pasture-based animal products,0,2023,10.5169,3853.02,,4.2707884355033495e-05,0.0021230757816107,0.02,0.7,-0.06918629216014271,0.06417795007716846,-0.06918824408820803,0.06384443030024627,-0.0691816754881861,0.06351229182779589,-0.06917051080132781,0.06317898011040889,-0.06914891130017203,0.06285255787672858,-0.06911727796488906,0.06253035613686954,-0.06907581577422214,0.06221166462138007,-0.06902611858104188,0.06189380777394299,-0.0689661975501827,0.06158072224567612,-0.06889656612425044,0.061270643962657294,-0.06881786063941835,0.0609623085789268,-0.068728831282755,0.06065895649354249,-0.06863092976046833,0.0603569479926639,-0.06856964962913545,0.060142822566910066,-0.06852587880628098,0.0599302839994682,-0.0685037851638449,0.05972078483539035,-0.06847131069898389,0.059516116772700564,-0.06844574975113624,0.05931003812790311,-0.06843230481424888,0.05910375475996978,-0.06841327969455546,0.058896156793616296,-0.06844716110286263,0.05870547257112869,-0.06849968175745738,0.05857678361051631,-0.06873627164481769,0.05854375930194676,-0.06897916810084542,0.058509090128119536,-0.0692283979620344,0.05847277599419954,-0.0694769934585994,0.058434189386206495,-0.06978674617855718,0.05841635170088462,-0.0701125366136052,0.05839930891135704,-0.0704475023404165,0.05838118216451439,-0.07078722450611269,0.058361137810405556,-0.07138260253119401,0.05865237582616705,-0.07198700867002417,0.058942525460542426,-0.07260045508645822,0.059231625742371945,-0.07269296165903961,0.059550353942925,-0.07277595358280504,0.05987884059741099,-0.07286778411808327,0.06020635030721833,-0.07296867189587043,0.0605329730656852,-0.07307862001378025,0.06085874928816776,-0.07309991647883328,0.06118371811452224,-0.07313027509612258,0.06150791812215764,-0.07297442931553919,0.061831853523478204,-0.07282254917955988,0.06215414371232102,-0.07267996328011628,0.06247456010781126,-0.07254159629522805,0.06279446269799321,-0.07240566299681407,0.06311377879327458,-0.07227191369032572,0.06343129484632642,-0.07213817930053062,0.06374703727498303,-0.07200760253897937,0.06406232616592704,-0.07188892552730229,0.06437719384675288,-0.0717768363332079,0.06469167209866827,-0.07167829705503795,0.06500579217380152,-0.07157662638979645,0.06531913407972285,-0.07148839864982,0.06563228361548239,-0.0714016378086424,0.06594443609511139,-0.07132344858480687,0.06625614451526804,-0.07125629191877415,0.06656761487718871,-0.07119938805073373,0.06687886415561704,-0.07115988013293019,0.06719219511703826,-0.0711283651473788,0.06750527605468348,-0.07110415515659911,0.06781753715184859,-0.07108805293884482,0.06812946007153439,-0.07108000077059635,0.0684410573538404
Somalia,201,All pasture-based animal products,0,2023,43120.3755,570928.23,,3.8646887298490095e-09,1.972727180922026e-07,0.02,0.7,0.00011036384312541631,0.0009766242985828812,0.00011037241987165314,0.0009746454176437592,0.00011038916437900847,0.0009726640662479734,0.00011041186230117874,0.0009706794952671714,0.00011044156140304923,0.0009686919920045515,0.00011048166041163635,0.000966702869905264,0.00011057389190886543,0.0009647614423505789,0.00011073231155892134,0.0009628949104908308,0.00011091665348432781,0.0009610384519236726,0.00011112695256173459,0.0009591920480810055,0.00011131681553217876,0.0009573528132644246,0.00011151073324803092,0.0009555097093872482,0.0001116596950244937,0.000953729069222795,0.0001117649483486587,0.0009520064105486767,0.00011195116236874811,0.0009503899159988195,0.00011219706892781622,0.0009488337722661868,0.00011252287432843592,0.0009473807874675619,0.00011292128961314253,0.0009460143018759323,0.00011335662081027743,0.0009446703759873578,0.00011379008300827165,0.0009433221046021301,0.00011421499849155307,0.0009419712050814772,0.00011464858229578881,0.0009406175320467043,0.00011506331541947065,0.0009392688213347085,0.00011545289523091722,0.0009379331906852368,0.00011586504231559768,0.0009366036761736963,0.0001162726862498079,0.0009352701067765789,0.00011671122823977867,0.0009339510778697953,0.00011721211143682299,0.0009326954530189392,0.00011768879764565527,0.0009314513261453035,0.00011808190644853186,0.0009307327525710946,0.00011839187575733975,0.0009305260413061135,0.00011863729905250704,0.0009304919181847549,0.00011921325727014866,0.000931436505948346,0.00011999848092477316,0.000932873021776317,0.00012074095130028033,0.0009343644575148942,0.00012153030405338036,0.0009358919710577274,0.00012230444287794723,0.0009374209410299567,0.00012307001506272946,0.0009389472028328882,0.00012376276071197548,0.0009407577441536246,0.00012442522255369786,0.0009425908542676472,0.00012465303735972863,0.0009444202984119825,0.00012488151226606076,0.000946245374318215,0.000125126491981838,0.0009480728763637385,0.00012536614972377203,0.000949900938936815,0.00012561228551612205,0.0009517247085925706,0.00012563593424896083,0.0009535692488323988,0.00012560919786276062,0.0009554125101111967,0.00012561677318024042,0.0009572527600515666,0.0001255990239850151,0.0009590917264114053,0.00012561590913895464,0.0009609289732246298,0.0001257821339333533,0.0009627685125018333,0.00012595222858915024,0.0009646040003093109,0.0001261363645712173,0.000966435734560687,0.00012632233463869872,0.0009682633927146711,0.00012645893074405903,0.0009701539894637014,0.0001265486302745575,0.0009720584691405546,0.00012658235555577718,0.0009739988931402561,0.00012665200305737813,0.0009759526047373765,0.00012671560922593818,0.0009779042128990867,0.00012676617918687682,0.0009798532356410164,0.0001267990287044412,0.0009818070069711384,0.00012681090722060887,0.0009837694199392889
South Africa,202,All pasture-based animal products,0,2023,83947.1491,4995918.49,,3.038720688171318e-07,1.549352191658926e-05,0.02,0.7,0.003722590621705879,0.009541105167604664,0.003716245789435524,0.009525282338257762,0.0037038075636769696,0.009509544864045509,0.00366294648017477,0.009495853121632428,0.003659565486222865,0.00948576209838443,0.0036559791327684605,0.009475654731882116,0.003655164761753418,0.009465996143581222,0.0036560777179744904,0.009456650332381878,0.0036562305787076503,0.009447349910433363,0.0036565357996718754,0.009438025102933933,0.003654625322473015,0.00942938530761975,0.003655662170078227,0.0094215912936479,0.0036551057961470156,0.009414103820345266,0.003651707647545138,0.009408379957837224,0.0036482057076319976,0.009402629446870224,0.003644910127590965,0.00939685574527153,0.0036416307401188307,0.009391054459239403,0.0036390633799368716,0.009385542084149334,0.003636078783220267,0.00938023791979936,0.0036332682718251217,0.009374924350905325,0.0036307869289521847,0.009369663609558413,0.0036280589243613912,0.009364448805886827,0.0036254420370155447,0.009359211898553859,0.003623801517056772,0.009354303313313526,0.003623614422559449,0.009350072453206825,0.003625030780913352,0.009345997114891036,0.0036238671247290966,0.00934204745592815,0.0036231769553063987,0.00933807852132414,0.003623186907012245,0.009334092032379582,0.003619843882430307,0.00933059844951429,0.0036090813589927913,0.00932850631600752,0.003602381050033023,0.009326994524267747,0.0035992434136270296,0.009325930440460482,0.0036027933976870855,0.00932575190950919,0.003603061495108374,0.009326053865554488,0.003600456861844744,0.009326712711923224,0.003597493167962997,0.009327419412822115,0.003595157003894684,0.009328195076713204,0.0035920861205452877,0.009329341518715662,0.003596157552672631,0.009338593223068379,0.0035984809805040614,0.00934980556090599,0.003602072662131251,0.009361546969235511,0.003605015162969649,0.009373555381926947,0.0036075141850635843,0.009385660917019797,0.003608747655717908,0.009400257188237773,0.003610163892768443,0.009414842177771292,0.003611404184553174,0.009429416400242849,0.003612715284978491,0.009443965557119799,0.0036143892775711817,0.00945854643912005,0.0036153669997423376,0.009473466733989667,0.003616726222690745,0.009488425167882366,0.0036177489655980217,0.009503426134253284,0.003618329221018465,0.009518524564996697,0.0036185340146043916,0.009533681145618202,0.0036179953558850174,0.009549232765498735,0.00361749262882459,0.009564758537286881,0.003617123048281059,0.009580266649563716,0.003616504842657475,0.009595784106165479,0.0036154840763836637,0.009611375907311665,0.0036146848497403596,0.009626965442354935,0.003614124701782705,0.009642556285315441,0.003614208878477052,0.009658296422607984
South America,5207,All pasture-based animal products,0,2023,404785.702,85812219.82,,4.396889038353278e-07,2.2215473519945795e-05,0.02,0.7,0.014372379515652955,0.026187276585826032,0.01437196836621768,0.026178889182958076,0.014370584846025825,0.026170608950598064,0.014368379163820055,0.02616238217679203,0.014365844405716643,0.026154158112555195,0.01436234672528739,0.026146146613391628,0.014360542770351259,0.026138504614456905,0.014357384751630148,0.02613132229128202,0.014353718988240958,0.026124170516605354,0.014354347494547157,0.0261174090528257,0.01436132287491923,0.026111027511182418,0.014366424930324181,0.0261047605345529,0.01437406183280069,0.02609874505715238,0.014378767575201108,0.026092963456485055,0.014376851499485019,0.02608852256351941,0.014371204933473554,0.026084826964821867,0.014373719032181542,0.026083072356967746,0.014377461672296277,0.0260814549371426,0.014381288108114692,0.02607983514269737,0.014382747825924903,0.02607874381202721,0.014384697653604794,0.02607768024390392,0.014387542927676406,0.02607685147720055,0.014391025383883196,0.026076157457618033,0.014394746931169416,0.026075469758031797,0.014398436508105556,0.026074779911200167,0.014402132993665443,0.026074088089549877,0.014406134896052806,0.026073482947145933,0.01441038100656212,0.026072918570489174,0.014415030535235402,0.026072720198094645,0.014419630930652433,0.02607254569407299,0.014424298370229778,0.02607237474921021,0.014429581422938513,0.02607235945478305,0.014434854685304194,0.026072341830733058,0.01444042959674185,0.026072373815609753,0.014446902099230271,0.02607293674625002,0.014455284756302676,0.026074607027241528,0.01446343103751898,0.02607628554883808,0.014471148341529821,0.02607804949708438,0.01447927293674118,0.026079851834699987,0.014486371338370857,0.026081714848575445,0.014495630787200136,0.026083624195177395,0.014504737521646053,0.026085604774072246,0.014511038098043771,0.026087798409429448,0.014520444750672492,0.02609068280803721,0.014532143996356547,0.026093840552126372,0.01454695468233515,0.026097220684604752,0.014560240675973852,0.026100856450404972,0.014576582145273121,0.026105057923027437,0.014590583373022388,0.026109730581883216,0.014606154244176519,0.026114515688325703,0.014623732133099941,0.026119410288678445,0.014640874157239955,0.026124378114003685,0.014658014037543169,0.026129343584778083,0.01467294365999559,0.02613439124440125,0.014685970279366887,0.026139720766906266,0.014693063622350972,0.026147368110479473,0.014698470436160661,0.026155085267172667,0.01470357770961692,0.026162802452528746,0.014708469004771154,0.026170535634213402,0.014713211459373762,0.026178274738920395,0.014715638992116692,0.02618646062157604,0.014716525258310225,0.02619480664323319
South-eastern Asia,5304,All pasture-based animal products,0,2023,19550.8584,6210124.63,,3.921071954729176e-05,0.0019724526273375335,0.02,0.7,-0.09341856405880028,0.11496740842011464,-0.09341897090345314,0.1147976057812542,-0.09342081261664373,0.11462788653573687,-0.09342168345778169,0.11445937201051437,-0.09342236175954474,0.1142907020156276,-0.09342303274803816,0.11412177507364185,-0.09342445201137549,0.11395378148168553,-0.09342872758326251,0.11378754643392339,-0.0934408132095869,0.11362720912513413,-0.09345268026684524,0.11346757992199008,-0.09346672712419521,0.11330893398917527,-0.09348048360039717,0.11315013767135029,-0.09350699922400152,0.11300929812406954,-0.09354622708311955,0.11288590392675248,-0.09360328442380089,0.11277720438018413,-0.09366369723384803,0.11266906803854994,-0.09372522805169956,0.11256150005995176,-0.09378651850128855,0.11245386585002841,-0.09384735832935559,0.11234604840049159,-0.09391103680309562,0.11224035197662355,-0.09397492586255143,0.11213533079915725,-0.0940422341501756,0.11203295222499612,-0.0941115506367108,0.11193730028126096,-0.0941389827809885,0.1118461464795467,-0.09417287002786873,0.11175482292678833,-0.09420457465423643,0.11166328915671818,-0.09423555665173292,0.11157148174998263,-0.09426573974040667,0.11147945657934191,-0.09426961318625,0.11139151064374983,-0.0942832024920002,0.11130570594389841,-0.09419772788310814,0.11122939369199435,-0.09411204107971295,0.11115287234158766,-0.09402574036390961,0.11107678242767519,-0.09393990403998805,0.11100064750248166,-0.09385405639047653,0.11092423283698057,-0.09377925893156884,0.11084950741433593,-0.09370467409251665,0.11077501441307191,-0.09363434540301004,0.11070456423148463,-0.09356214964583721,0.11063484540441687,-0.0934988220710675,0.11056898963352542,-0.09332708896363284,0.11050354730393387,-0.09317250234780994,0.11043897950897165,-0.09295035569316745,0.11037863112647169,-0.09273351538500538,0.11032215937108537,-0.09251670172715046,0.11026574623306405,-0.09229532105922864,0.11021092746275765,-0.09207684144696407,0.11015662220992334,-0.0918496476211732,0.11010608567748799,-0.09161386104016414,0.11006515610017861,-0.09139502012655928,0.11002785492967608,-0.09117115571420892,0.10999089657498491,-0.09094276627214656,0.10995391219809023,-0.09071732341750835,0.10991707900141146,-0.09048958196892706,0.10988049641075934,-0.09026701141738483,0.109850545693795,-0.0900438810053957,0.10982033421074129,-0.08982051143052311,0.10979014864830494,-0.08977403856866437,0.10996031485326853,-0.08973238586235471,0.1101306028034788,-0.08969616085923245,0.11030347607603871,-0.08967906881048421,0.11047693412112773,-0.08967527981917807,0.11065171885488324
Southern Africa,5104,All pasture-based animal products,0,2023,150659.4644,5510074.28,,9.779539962093774e-08,4.9688262712243315e-06,0.02,0.7,0.003304974462430943,0.005990337923200696,0.003300735538092292,0.00598227115994002,0.003293620954530993,0.00597424299101489,0.0032721541853481285,0.005967293595290497,0.00326970485317816,0.005962176317003388,0.0032671998214879767,0.0059570495946113305,0.0032661683482599936,0.005952185000956288,0.003266218067157934,0.005947469559728354,0.003265687709311978,0.005942797482515875,0.0032652836169641385,0.005938116518331832,0.0032634940553931875,0.005933789351171006,0.0032632706127972873,0.005929945007043057,0.0032622988331267905,0.005926276220447209,0.003259937097958462,0.005923574503129885,0.0032573193721652733,0.005920864842991053,0.0032548506852950916,0.005918157250126777,0.0032523658677958136,0.0059154382892129525,0.003250110574024471,0.005912876382197861,0.0032478590535984036,0.00591049837659684,0.003245664004180049,0.0059081252514206345,0.003243831221320664,0.0059058015621127075,0.00324184371687154,0.005903510618509198,0.0032399199409237113,0.005901211178616099,0.0032382567370420686,0.00589907977631973,0.00323767080308438,0.005897300456555505,0.0032380759843200022,0.005895599213739374,0.003237428859506298,0.005893948751702432,0.0032369975326819182,0.0058922912990335575,0.003236737192760086,0.0058906236956939645,0.003234845549341464,0.005889225753841142,0.0032293820783444813,0.005888571009904398,0.0032258265538192754,0.005888155827528408,0.0032242690982259405,0.005888003221655939,0.003226307577414465,0.005888330782029105,0.0032265943489516013,0.005888942185693707,0.003225743091470054,0.0058896587245547485,0.0032247158587167817,0.005890395254131295,0.003224039978068927,0.005891171469394066,0.0032229281436409202,0.005892248428995867,0.003225748395316902,0.005896797509580466,0.003226258084319245,0.00590224127919955,0.003227526962674749,0.005908011146496295,0.0032284724220134967,0.005913899180239113,0.0032292151763063217,0.005919816335479226,0.0032294995638491026,0.005927201463918544,0.003230085622677651,0.005934636613556981,0.0032304972113320883,0.0059420940289293496,0.0032309202854820715,0.005949540180354205,0.0032315977808161406,0.005957021239072183,0.0032319863980137245,0.005964694253660317,0.003232529204891786,0.005972372793215752,0.0032329005820422815,0.005980076135951077,0.003233079082421604,0.005987824031495624,0.003233097949303013,0.005995589658152855,0.003232752560798931,0.00600352316381709,0.0032324411534708788,0.006011446356634598,0.0032322303885670913,0.006019371164115221,0.0032319095318245677,0.006027299373924859,0.003231376540816466,0.006035271331316726,0.0032310158920621193,0.006043254973165439,0.0032307963320101296,0.006051243342978823,0.0032309337404835127,0.006059305597343967
Southern Asia,5303,All pasture-based animal products,0,2023,91090.6003,331996951.74,,2.8183617834011404e-05,0.001433937019982061,0.02,0.7,0.010585241368628921,0.2549394176343393,0.010587174370944162,0.25489217288304966,0.010590043787673017,0.25485078638656994,0.010598408089360856,0.25481780467297055,0.010609158286154205,0.25479176765512956,0.010621377739892898,0.2547707167550902,0.0106318557603534,0.2547505107480007,0.010642611872421874,0.2547312287152902,0.010652112951645375,0.25471318294214323,0.010659476172630272,0.25470984693574134,0.010665998788278841,0.2547072478209932,0.010671730003704201,0.2547068127538556,0.01067697815811611,0.2547077492924717,0.010682022271894555,0.25470883766965413,0.010687132065374718,0.2547099355352337,0.01069275583180856,0.25471178551959284,0.010698407195273499,0.2547137843248691,0.010703741135943926,0.25471737555350243,0.01070903917799417,0.2547209623161512,0.010714517412268146,0.2547252668025297,0.01072038456962507,0.2547324271275997,0.01072616419681358,0.25473965176119107,0.01073215570500011,0.25474977301197294,0.0107375325089353,0.2547612927817113,0.01074136608820325,0.2547737933856363,0.010745378620981079,0.25478648289742634,0.010749828919908295,0.25479999775510276,0.010754087277483554,0.2548135209534749,0.010758766945689554,0.2548281143379568,0.010763515594062547,0.25484272101764316,0.010769821522554884,0.2548616512730571,0.010775943363618319,0.25488058756696647,0.010782044543651573,0.25489951499216856,0.010788288830118158,0.2549189786844161,0.010793684823273624,0.2549414006693712,0.01079458423258023,0.2549712145066816,0.010795474034865814,0.2550010172872599,0.010796197723124418,0.2550308160699452,0.01079800389429273,0.2550611914874027,0.010802135846141588,0.2550930752261224,0.010816255019327058,0.2551249752704585,0.010828131030355983,0.2551576243681234,0.010820679922467463,0.255190999355551,0.010799934171880694,0.25522477320891873,0.010790103009220443,0.2552585938227586,0.010781340805263979,0.2552933516826724,0.010779106704587716,0.2553300816414,0.010776107660419995,0.25536717172693224,0.010776015864073986,0.25541008804990073,0.010781400001641243,0.25545334778154133,0.010786088218103876,0.2554966479486862,0.010790460116201502,0.2555399565518945,0.010797330939378232,0.2555834286776134,0.01079630646631286,0.2556321335879797,0.010795122853169968,0.2556808293976794,0.010794620626932424,0.2557296063298317,0.010794031101560127,0.2557809871851396,0.010793426449238029,0.25583338273011236,0.01079357283685734,0.2558864592424951,0.010791782653051678,0.25594022209976225,0.010790802634619494,0.25599513290041115,0.010790491766429742,0.2560501608460581
Southern Europe,5403,All pasture-based animal products,0,2023,26278.151899999997,29756310.04,,1.226661286386329e-05,0.0006151024250404903,0.02,0.7,-0.11661039598115863,0.136871115984737,-0.11661184745881097,0.13682689227440673,-0.11662844462542235,0.136792342139623,-0.11664601520399766,0.13675887575462475,-0.11665987709270326,0.13672913595282873,-0.11670723981030805,0.13671551324287856,-0.11675522000537641,0.13670222690263717,-0.11680443752078809,0.13669139648437387,-0.11685369543594921,0.1366806426391723,-0.11690343685493952,0.13667053158467854,-0.11695462032677016,0.13666076951676254,-0.11700737537458092,0.1366553460232629,-0.11706104788920876,0.136651600243222,-0.11711429506248593,0.13664832910091138,-0.11716757792839337,0.13664504409133793,-0.11721830067112837,0.13664298472274208,-0.11727312677041055,0.13664197213960444,-0.11732851610789954,0.13664139659486063,-0.11738479480589253,0.13664199980144762,-0.11744184694139248,0.13664339952131815,-0.11749869922510299,0.1366449002944484,-0.11755565201871522,0.1366464512239513,-0.11761050400493778,0.13664810312971673,-0.11766561872960296,0.13664979203790642,-0.11771989490693746,0.1366515884769369,-0.11777523811373079,0.13665394395639854,-0.11783090017852774,0.1366563444106095,-0.11788806244434458,0.1366601861785927,-0.11794366937848941,0.13666423681286255,-0.11799989090440079,0.136669123852461,-0.118048690923383,0.1366748612019248,-0.11812728812524341,0.13668656251589775,-0.11819825807249126,0.13670044755810665,-0.11826723610262375,0.13671443002203096,-0.1183448555638206,0.13673162356544064,-0.11842063600851471,0.136749045931811,-0.11849728733445926,0.13676679159429916,-0.1185806241063578,0.1367852858307106,-0.11866401280651351,0.13680376800410832,-0.11874722363525086,0.1368222358080951,-0.11871815578197564,0.1368446284839888,-0.11868988734071734,0.13686714440536704,-0.11866479536035945,0.13689012038454093,-0.11864311461868596,0.13691474026087763,-0.11862358185139052,0.13693954675445524,-0.118625686859296,0.13696513227772542,-0.11863570388459045,0.13699213116442532,-0.11865159719296507,0.13702034448445147,-0.11867634102608138,0.13705451352443612,-0.11870266834426005,0.13708913296353162,-0.11872982702559837,0.13712380683628592,-0.11876132751015193,0.13715859588386908,-0.11878545339208024,0.13719516761247255,-0.1187939302305636,0.13723262662074714,-0.11880232554075151,0.13727010423543337,-0.11881302896093893,0.1373080456797188,-0.11882505905845223,0.1373460843019168,-0.11883245912556382,0.13738774201517265,-0.11883876859590359,0.13742939000706048,-0.11884487753908583,0.13747102397624558,-0.11885154686118397,0.1375126582516023,-0.11885502905498813,0.13755547002435836
Spain,203,All pasture-based animal products,0,2023,11500.442000000001,8376530.0,,8.904750897454182e-06,0.00045091111588215947,0.02,0.7,-0.038853225655474555,0.08188897602665,-0.0388544985888581,0.08183472252221631,-0.038850685160353074,0.08178559567657279,-0.038845949091604826,0.08173651497795772,-0.038839381283781775,0.08168774612314156,-0.03882678987322526,0.08165581279557488,-0.038815061903289684,0.0816239015771911,-0.03879778427517497,0.08159738401018565,-0.03877537839080144,0.08157477858497181,-0.038752534831197755,0.08155215225513726,-0.038733832638753074,0.08153051904467419,-0.03871122871117777,0.08151051429931348,-0.038683017338060094,0.08149508184867212,-0.03865178455982972,0.08148028867349981,-0.03862062335781791,0.08146545917469766,-0.03858240986588657,0.08145116237498044,-0.03854710638542318,0.08143701842594707,-0.03851028308779242,0.08142310042380008,-0.038473416343046726,0.08140914596936465,-0.038433228004425155,0.081396566053112,-0.03839337689694451,0.08138429017960652,-0.038353531160132695,0.0813719938782695,-0.038310420732713624,0.08135969023348529,-0.03826493703364986,0.08134745692079495,-0.03820755942310261,0.08133705148890874,-0.038156336397063464,0.08132811621950739,-0.03810371174088928,0.0813209209811667,-0.03805162008296192,0.08131732629281352,-0.03799478189270204,0.08131401455547184,-0.037938087056548594,0.08131066818518458,-0.03788904348052684,0.08132550900407357,-0.03783499953482941,0.08135075232532939,-0.037778650689820004,0.08137697413591129,-0.03770217577720934,0.08140506742368347,-0.03763309316411176,0.08143341910136821,-0.03756283815493591,0.08146225127048722,-0.03749280003399016,0.08149562883145288,-0.03744985514318339,0.08153068981657564,-0.03740750583109415,0.08156594933609625,-0.03736447959795701,0.08160404743489404,-0.03735064842661978,0.08164254827893921,-0.037336857582948954,0.08168101297943761,-0.03732685191314732,0.08171955656226786,-0.037320268401938965,0.08175891653142686,-0.03730692499590946,0.08179876419218274,-0.037314079748613754,0.0818422868393675,-0.03734625185763736,0.08188732527632768,-0.03738256463505808,0.08193254374864688,-0.03742443114093903,0.08198042770353195,-0.03746490653222321,0.08202828345425658,-0.037501986490038185,0.082076203460953,-0.03755959011946214,0.08212471402965787,-0.037612698887293114,0.08217338291664306,-0.037660787791409626,0.0822224000833895,-0.03770905368193886,0.08227141022366406,-0.03775252737237786,0.08232114507109078,-0.03778960007337224,0.08237184883957394,-0.037828392119765714,0.08242377664045113,-0.037867967783979176,0.08247568511860323,-0.037907669683406524,0.08252755909564347,-0.03794360930469093,0.08257950284830859,-0.037947121395040743,0.08263326576101104
Sri Lanka,38,All pasture-based animal products,0,2023,458.7919,549330.0,,4.4268922267268066e-05,0.0023192326964302404,0.02,0.7,0.018485705860615265,0.053648610669326836,0.018461041280465308,0.053244898643975795,0.018524954336924748,0.05289776170607079,0.017983254291921047,0.05257269094377434,0.017259362975372103,0.05224703546443253,0.017077732028038917,0.05195239071413426,0.01700079600324951,0.051656096708792676,0.016792880044712175,0.051359047956402046,0.01656463407460111,0.05106466515354372,0.016332111877575328,0.050766838981842706,0.016110276979634422,0.05046657458122371,0.015872640100366764,0.050166029377884086,0.015636781389104917,0.04986164147145143,0.015404371339539327,0.04955344223403456,0.015210486361593056,0.04925531840189401,0.0150451776186993,0.04896125814171303,0.014883128379728564,0.048663147419404335,0.014715277866898725,0.048361202636735164,0.014533260459852745,0.04805757276757524,0.01436714760958667,0.047752202234118885,0.014218533861835927,0.04744552124135309,0.014035829133866466,0.047152334744344285,0.01386582810385871,0.04685618640988401,0.01372179436838146,0.046561872780423404,0.013578707723037903,0.04626271555431153,0.013360507807798544,0.046249067297360474,0.013192428412222148,0.04625217702021111,0.013017029562148282,0.04625097035985416,0.012847999085890032,0.04624525193872883,0.012731807488665297,0.04625863339751398,0.012619463269329168,0.046267228537017244,0.012516959245755306,0.04627190892184917,0.012414439363573284,0.04627164395805499,0.01231233902335945,0.04626643554010074,0.01220553538877918,0.04625653721268412,0.01208822397987674,0.04624302032636631,0.011965140089753079,0.046224938405332074,0.011757182694012184,0.04647502039884102,0.01154446438474407,0.046720485925075855,0.011334924204814627,0.0469612602490969,0.011132078082336447,0.04719779597429577,0.010924133289857965,0.047430012682427324,0.010715759105400072,0.04765763981910042,0.010502921112867122,0.04788092011521929,0.010288978520389108,0.04809978019695355,0.010068192554939032,0.04831466718134157,0.009842871114167578,0.048525415550293015,0.00961687522018081,0.04873189545976018,0.009413208704214597,0.04893968564686427,0.009225130699387768,0.04914574901676478,0.009034903955491705,0.04934777702521625,0.008927572636607827,0.04960493495630235,0.008799012518819704,0.04986412788311245,0.008635049714448673,0.05013851839814496,0.008606846700187465,0.0505524115526006,0.008578633276131118,0.05096251200162464,0.008551882239965752,0.0513689384239882,0.008560102857398914,0.05178770010098028,0.008552067700645599,0.05220696177115027,0.008565504890544494,0.05262692407718424,0.008583006297094733,0.05304377131008013,0.008590669860130755,0.05345864341997428
Sudan (former),206,All pasture-based animal products,0,2011,117227.0,6275200.0,,1.0081766086153917e-06,4.9745462665249535e-05,0.02,0.7,0.020174958081701083,0.015559999093461459,0.020173922877311762,0.01552764593820495,0.020171387894627413,0.015495404060850582,0.020167743089352846,0.015463183473373044,0.02016254581142643,0.01543108781278363,0.020156456864538347,0.015398978073763014,0.02014936470457815,0.015366869888107346,0.020141638916909788,0.015334718049407305,0.02013190785259475,0.015302858939914139,0.020120456888541277,0.015271174382603966,0.02010729600085967,0.015239659883866084,0.02009279058851296,0.015208209646248416,0.02007792125058186,0.015176695378431427,0.020061950696064867,0.015145194558947,0.02004551663402135,0.015113634082813378,0.020027561087512025,0.015082179990488213,0.020009558352426543,0.015050651961444268,0.019997392333133364,0.015020153543038367,0.019994036147841704,0.01499167394096151,0.020000539991721404,0.014965595982200989,0.02001552391735832,0.014941410518350188,0.020029800295866297,0.014917181259341555,0.020044208871468426,0.01489287643080395,0.02006811213899497,0.014889925540458164,0.020031304956844857,0.01490810578858179,0.020021538968633536,0.014926948995704504,0.020028668175373653,0.014946474102671702,0.02004314547615703,0.014965987436785242,0.020039236396881172,0.014986813122659816,0.020034153530068988,0.015007661414448998,0.020028456336214247,0.015028458642037444,0.02002242516430878,0.015049183836237934,0.02001542557820262,0.015069860211386836,0.02000760356576199,0.015090481313783839,0.019999920494160328,0.015111074439419515,0.019992232470493993,0.015131594322621037,0.019984508383756348,0.015152063061260275,0.019976778847238426,0.015172458957963828,0.019973884104792516,0.015195901831321156,0.019974292855184535,0.015221324148898657,0.01997709760417194,0.01524814452417451,0.019981526892316772,0.015275807346393314,0.019987171503463193,0.015304046348968833,0.019990004419563095,0.015333207367238071,0.01999181334047308,0.015362371887221183,0.020001583252135344,0.015393285131899546,0.02000950463606696,0.015424567653188292,0.02001565040545781,0.015456047870850975,0.020019581955460743,0.015487935288014443,0.020021551504978786,0.015520099582172129,,,,,,,,,,,,,,,,,,,,,,,,
Suriname,207,All pasture-based animal products,0,2023,21.7961,4457.78,,0.00013585667130473154,0.006462532823624293,0.02,0.7,-0.12699839192724077,0.11936911047805113,-0.1269823273136862,0.11880644228642469,-0.12697573894982306,0.11824195997417461,-0.12745271747383868,0.11773124328084765,-0.1280382064980221,0.11721891009578357,-0.12749877387528585,0.1168221868214767,-0.12694262228552378,0.11643173961800234,-0.126391026964502,0.11603860537311321,-0.12561922579893758,0.1156478232047495,-0.12479965719226283,0.11525596941562127,-0.1238438073862631,0.11488819319848297,-0.12273905530663631,0.11457021392371008,-0.12165599887589179,0.11424984900547118,-0.1205350055869499,0.1139296739441858,-0.1194802520129073,0.11361421614780111,-0.11849562313998835,0.11330564210553827,-0.11749227452703942,0.11299527827136015,-0.11651650318675727,0.11268424715687092,-0.11549420185554377,0.11239642531706814,-0.11450719507539514,0.11211052440258809,-0.113543457324077,0.11182417734032651,-0.11242438788907272,0.11157840857727151,-0.11117400899523511,0.1113356385102914,-0.10990319572351981,0.11111160986991984,-0.10869720298627217,0.11089715029455831,-0.10762247197349523,0.11072335128712534,-0.10653172662273361,0.11055175712057336,-0.10542612274939486,0.1104301006605456,-0.10430156628556544,0.11034614817713773,-0.10316816226968953,0.11025997201706358,-0.10207693628834413,0.11042301099678166,-0.10096354099827207,0.11061037776598698,-0.09996184454554313,0.11084557520593455,-0.0989404743831436,0.11108745845497739,-0.09798533930919097,0.1113502624985854,-0.09707486344089557,0.11162301811365676,-0.09620105536574017,0.11190220384723598,-0.09537944015720183,0.11219529998915949,-0.09453595693045697,0.11249933447776159,-0.09368134715247443,0.11280216590690356,-0.09317373156904321,0.11310854157487228,-0.09268290896246005,0.11341242538810492,-0.09230000733526801,0.11372553693602105,-0.0918017007807562,0.11405085612747123,-0.09145608073765843,0.11439203994573416,-0.09113597305420856,0.11473329165756366,-0.09079523282229834,0.1150749549695946,-0.09044489916792545,0.1154422951550952,-0.0900797491207955,0.11580883873192954,-0.08966370020990191,0.11617947354697392,-0.08923956755790602,0.1165477259379852,-0.08893836547222364,0.11692243836297248,-0.08856870250694618,0.11730483122333066,-0.08819898261086359,0.11768526065409869,-0.08796517810169971,0.11807956893047292,-0.08770023412885479,0.11848933822355039,-0.08753435836089928,0.11892178321207963,-0.08751339773532787,0.11943389520181544,-0.08753960309987391,0.11996094801326872,-0.08753923015216146,0.12048969031359691,-0.08761593459631513,0.1210383841685439,-0.08761217121829973,0.1215969665354499
Sweden,210,All pasture-based animal products,0,2023,1493.0,2963300.0,,0.0005360540231280648,0.027296077473713296,0.02,0.7,0.011673697313057119,0.744017950396883,0.0116735545165359,0.7436576257321682,0.01166643416705887,0.7433094089722256,0.011651263084428765,0.7429775048032893,0.011638294481171652,0.7426465645735283,0.011620464639258699,0.7423213015133651,0.011590691441098033,0.7420452083743652,0.011560622974049917,0.7417690573873813,0.011523995500280798,0.741503513771841,0.01149111791375576,0.7413143172713746,0.011457324468228114,0.7411303593469918,0.011437408873138759,0.7409670167417823,0.011423242782907336,0.7408077815228743,0.011402411106033843,0.7406665321453902,0.011384835093810115,0.7405326513623979,0.011365103746136536,0.7404121756244801,0.01134743210236077,0.7402920092266941,0.011334607423586138,0.7401770636272573,0.011332278546753682,0.7400787290998992,0.011337403829102897,0.7399905005173993,0.011349898488545299,0.7399049783266013,0.011381544721526263,0.7398532909827208,0.01142715813511705,0.7398077171119488,0.011490914023418883,0.7397707200258524,0.01146576685461348,0.7397425029928871,0.01142565057529063,0.7397371211868258,0.01137217046558292,0.7397536796489554,0.011318425223532977,0.7397700773904904,0.011277057998702336,0.7398197591289726,0.011237186441455493,0.7398707981345596,0.01117752218266943,0.7400310600660325,0.011118381992761599,0.7401952673918787,0.011078565956444984,0.7404376100015664,0.011045038522671163,0.7406887833456629,0.010931761212677,0.740949921027619,0.010810255689120252,0.7412122673159871,0.010706545734658249,0.7414772094540045,0.010605808475241799,0.7417421710044932,0.010508115279994203,0.7420091198565856,0.010491680109373916,0.7422823379327884,0.010455020619222165,0.7425553904121314,0.010436107855646783,0.7428305377972484,0.010416173350204394,0.743105621743021,0.01039631063796136,0.7433827544928465,0.01039045132944624,0.7436636339661932,0.010384413067185155,0.7439447201711911,0.010360064464248357,0.744250385745556,0.01033674404717089,0.7445562677196634,0.010310368433372095,0.7448630511365532,0.010299847492612264,0.7451747734277607,0.010289832905765038,0.7454863528432332,0.010282443533100608,0.7457980875648604,0.010275996751242068,0.7461106745414476,0.010284157059275285,0.7464343128669617,0.010290523757703198,0.7467579657454417,0.010285417108705864,0.7470886673063993,0.010275908246873347,0.7474205331444069,0.010265899798194391,0.7477543454725127,0.010253615428021941,0.7480905191196194,0.010241172116668577,0.7484391481779961,0.010231797881198015,0.7487882740569926,0.0102220514645398,0.7491372441797223
Switzerland,211,All pasture-based animal products,0,2023,1193.0161,3887803.28,,3.433121737668979e-06,0.00017394420273680183,0.02,0.7,0.04817812168724736,0.1026765634303732,0.04817888575764549,0.10266029064658533,0.04817934451126035,0.1026442790484725,0.04817951465481909,0.10263003376085371,0.048181062158360606,0.10261685425986801,0.048182304125724315,0.10260387283928055,0.04818332514990115,0.10259319590001516,0.048183960748957214,0.10258287312307852,0.04818720754560441,0.10257508245014682,0.04819012144439763,0.1025673106858519,0.04819154201651517,0.10256006940947,0.04819491073582685,0.10255335237889415,0.0482001377041223,0.10254709928883579,0.0482079066287635,0.10254166047007257,0.04821634674349087,0.10253629091714248,0.048225104047066765,0.10253177864599093,0.04823386877290542,0.10252736696633105,0.04824263510692995,0.10252299744830498,0.04824482218792492,0.10252101633566894,0.04824712824071291,0.10251903388705928,0.048248845281944897,0.10251713382185218,0.048250529658850835,0.10251523118835427,0.048254065302379356,0.10251365928370516,0.048263693924819724,0.10251396113743833,0.04827292499692476,0.10251429242175275,0.04828207248058018,0.10251463798915063,0.048292802879591354,0.10251616366081871,0.04830314623297081,0.10251771692591054,0.04831835833388279,0.10252067119124258,0.04833391887456879,0.10252373411126411,0.048349601970742305,0.10252679690145707,0.04836521789068193,0.10253084552210859,0.0483800412255384,0.10253501534999908,0.048394586328967815,0.10253918600630585,0.04841009360457022,0.1025435131312426,0.04842595019942885,0.10254843255811845,0.04844252380287618,0.10255347432389812,0.048459108949487184,0.10255871628905888,0.04847585513192959,0.10256399790277547,0.04849270372476518,0.10256947993080325,0.04848891551757746,0.10257519163189609,0.048485138825109186,0.10258090272025584,0.048482392922272056,0.10258689123650687,0.048479617393596304,0.10259288138256857,0.04847651906439159,0.10259889343617908,0.048473418825470814,0.10260490519908488,0.04846997956578481,0.10261095622578482,0.04846770471597294,0.10261963288520468,0.04846548107916736,0.10262831873552622,0.048463269466967884,0.10263700208158266,0.04846097685289204,0.10264574903926987,0.04845856582206888,0.10265473549481742,0.04845526689859975,0.10266478366155428,0.04845245181297545,0.10267512631697912,0.04844944759865871,0.10268564768467281,0.04844649563497015,0.10269725997898128,0.04844323626994565,0.10270969659659043,0.04844017214652486,0.10272216270389681,0.04843966223437393,0.102736962999481,0.04843880482884458,0.10275185123146974,0.048438194234548676,0.10276677809896968,0.04843817620185376,0.10278344658824326
Syrian Arab Republic,212,All pasture-based animal products,0,2023,8164.0,1446241.0,,6.095061306564401e-06,0.00029341954899178926,0.02,0.7,-0.04342320570829343,0.029556969408939354,-0.04342840079530212,0.02945525327006114,-0.04343483585410507,0.02935335169128159,-0.04350655894320257,0.02925510549575338,-0.04354310777248552,0.02915695755301449,-0.043554076309243336,0.029060134503062406,-0.04356691180301578,0.02896476142620921,-0.04359381233264935,0.028871153219115587,-0.04362109394982369,0.028777269110002293,-0.04364845865913451,0.028683010896711172,-0.04367585404239974,0.028588580110969482,-0.04355655794013402,0.028499115013502038,-0.04338324148070766,0.028410784119478134,-0.04319243642084469,0.02833219720730363,-0.04306883684151111,0.028264601411784936,-0.04293462728383522,0.02820067160800606,-0.042804434546126535,0.028139366563455885,-0.04265659424115868,0.028093598877776134,-0.04248741019821997,0.02805072819477707,-0.042333995444726574,0.0280088608502283,-0.042186050975751226,0.027972854374101137,-0.04203681460109177,0.02793657674563421,-0.04187733962269286,0.027904003419659876,-0.041719053866319654,0.027871037840253972,-0.04156208172283233,0.027837940580524134,-0.04140935084984857,0.02780533649689623,-0.041262000662305794,0.027774834910171995,-0.04112457453506378,0.027762727567532796,-0.04097863958683336,0.027750305446342754,-0.04084454610493972,0.027738194846567858,-0.0407120733185526,0.02772568732869196,-0.04055973020644521,0.027715772256872953,-0.04037637447438088,0.027710218121692564,-0.04019928458989815,0.0277046008540854,-0.040030553566323866,0.027705372579812513,-0.039865262540823516,0.027706165961569284,-0.03969826874368099,0.02770730512947459,-0.03953337592688357,0.027710195122636762,-0.03936852582153836,0.027712665870619033,-0.039199596683583054,0.02771487120653484,-0.03907490244868119,0.02772808378345245,-0.038959763414998086,0.027742002806713673,-0.03884499550322862,0.027755650399276226,-0.03872545771782704,0.027772536280113586,-0.038608751466945576,0.02779186936574072,-0.03849578106195616,0.027811504686525195,-0.038378702044171015,0.027831118795176208,-0.038262816423282664,0.02785530582950832,-0.0381462738343997,0.027879691497295862,-0.038052423792641385,0.02791391625716799,-0.03796807978254664,0.02795619954003782,-0.037889910439572586,0.028002173733337007,-0.03781557845430921,0.02805117545755741,-0.0377435872625434,0.028102123087713912,-0.03767665479119728,0.028157304955519307,-0.03761002681124353,0.02821264041505343,-0.037571166157778293,0.028290782117573514,-0.037539718489343815,0.028376303730642066,-0.037508800651714524,0.028462081066366645,-0.03750147900849752,0.028563510283278817,-0.03749733208639384,0.028667863567625504,-0.03749679851583651,0.02877309969227162
Tajikistan,208,All pasture-based animal products,0,2023,2829.7,1434454.8,,5.182719268433565e-05,0.0026641059823677422,0.02,0.7,,,,,,,,,,,,,,,,,,,,,,,,,,,,,,,,,,,,,,,,,,,,,,,,,,,,,,,,,,,,,,,-0.03541188444929158,0.06538384561763935,-0.03537436055221095,0.06501247207043695,-0.03534169977564039,0.06464021276432515,-0.035179402040888055,0.06431202070488067,-0.03508950349198968,0.06456950432047144,-0.03501816142683284,0.06485249469002892,-0.0349490189318683,0.06513314825820535,-0.03491496121944745,0.06542620448376593,-0.034878634248959234,0.06571715317007688,-0.03488553152419576,0.06604055309543223,-0.03491248790295878,0.06637433579119378,-0.034953487117239945,0.06670860887981406,-0.03500759822538233,0.06704172122520176,-0.03507709798954378,0.06737608768496073,-0.03514148358788121,0.06770844313773952,-0.03521079029483471,0.06804011265693777,-0.03528030455278786,0.06836965336148625,-0.035353161289121623,0.06869735223142508,-0.03531031428129496,0.06902361534822313,-0.03526317958436284,0.0693484001708409,-0.035191213703755914,0.0696775031618572,-0.035148071479952796,0.07002512892950431,-0.03510531975403703,0.0703709477004038,-0.035076969785819576,0.0707204637542668,-0.035058313572502095,0.07107069557128438,-0.03506720542564572,0.07143204756217982,-0.03507788236034324,0.07179166968831245,-0.03508709968525954,0.07214961528236968,-0.03509345626996766,0.07250651192445054,-0.03509854893196299,0.0728620475256518,-0.035100101792516075,0.07321675832883122
Thailand,216,All pasture-based animal products,0,2023,3027.2922,1436112.44,,0.0011960612770632979,0.06096045390504157,0.02,0.7,-0.006167996169728518,0.7867856887733161,-0.006178279778222828,0.7860287688987745,-0.006182776625278746,0.785272671209807,-0.006182422678563337,0.7845173558023614,-0.006177602719980357,0.7837631141805529,-0.006168903405562642,0.7830100936357851,-0.006157990150760129,0.7822572680085196,-0.006143438305844073,0.7815076165149141,-0.006127388256471855,0.7807582845031895,-0.00610866620529571,0.7800143366610836,-0.006086821149586197,0.7792875672096504,-0.006063075916215049,0.7785789660565995,-0.006040440485134996,0.7778924207043016,-0.0060176927412101955,0.7772196932764716,-0.0059945991255189734,0.7765476779189859,-0.0059702671023630915,0.7758812028312859,-0.005947887734602475,0.7752209967673591,-0.005923221167995096,0.7745666936146269,-0.0059007238056538545,0.7739155251406563,-0.0058964010731769115,0.7734444358848458,-0.0058829037537879506,0.7730185381706437,-0.005865392984693844,0.7725987316486784,-0.005848555720652293,0.7721783078737969,-0.005834557886360319,0.7717595085293792,-0.005822304610764651,0.7713401107256749,-0.005808918269867229,0.770920001201511,-0.005791589999248049,0.7705001061845527,-0.005783165502855812,0.7700849118738551,-0.0057617361988285196,0.7696768184964765,-0.005744552718130541,0.7692689300732691,-0.005726158011135754,0.768860335874847,-0.0056592889930306145,0.7685822787710022,-0.0055650825801485115,0.7683222996742542,-0.005466267418429455,0.7680620635478802,-0.005289763758016652,0.7679560716341909,-0.0051386298059871716,0.7678652220001935,-0.005006734617718861,0.7677827642196844,-0.004877920382877987,0.7676997529711821,-0.0047683996719769806,0.7676251862435542,-0.0046539036578502335,0.7675504476034238,-0.004145691967755383,0.7674766371310272,-0.0035945994302365447,0.7674458341369547,-0.0029957504291633352,0.7674608590124129,-0.002324586165474818,0.7676114802117019,-0.00164129945968855,0.7677643953535839,-0.001073570484409203,0.768091497432455,-0.0005856830635730392,0.7685386254424362,-7.038806180004187e-05,0.7689904299458443,0.0004868948756737712,0.7694536202708854,0.000997215900511661,0.7699611399780285,0.0015386713744675595,0.770473225506761,0.0020557210051521113,0.7709859377583398,0.00259505766179452,0.771504903325442,0.0030591930183007654,0.7720737184684685,0.0035563904240865085,0.7726778756292019,0.004048178562705007,0.7732818062677709,0.004507279579860968,0.7739024424741694,0.0049753843959894906,0.774524182134622,0.005430719451877369,0.7751460383118176,0.005864022545087957,0.7757802575483462,0.006103713072080559,0.7764341200996865,0.0060969250248549345,0.7772030886742402
Timor-Leste,176,All pasture-based animal products,0,2023,151.1,19857.24,,1.08417339438083e-07,5.300759184966507e-06,0.02,0.7,0.007136406489591927,0.005233974204077211,0.007136429343252643,0.005223611715724182,0.007136491781100741,0.005213239650112431,0.007140439204866251,0.0052054117580044735,0.0071444450100151685,0.005197582085412646,0.007148487141980966,0.0051897411724398405,0.007152536450197771,0.00518187993995892,0.007156611484306661,0.005174003350399989,0.0071607084610034845,0.005166110045179621,0.007164866089936668,0.00515821532249407,0.007169074381616756,0.005150314653102953,0.007173341309841259,0.005142411392665056,0.007177617013246331,0.005134487512884576,0.007181919462719371,0.005126547971547477,0.007186228648275053,0.005118587240828001,0.007193472578109006,0.005112952037368566,0.007201220085711337,0.005107768023112442,0.007208961608472689,0.005102562930268673,0.00721829961549901,0.005098657744446159,0.007229187420540457,0.005096013983587385,0.007240086787686413,0.005093349583429914,0.007251004609120913,0.005090666300512554,0.007261936939557942,0.005087963018194669,0.007272885594924739,0.005085240178035581,0.007285280430885533,0.005083353090297292,0.007297706613858028,0.005081451176686477,0.007310164955968171,0.005079534694263687,0.0073226755960781025,0.005077611520892782,0.007335710644288217,0.005076142789420183,0.00734887741380242,0.005074807340987895,0.007362090405903281,0.005073526769037403,0.007375429789658192,0.005072374020277083,0.007388842468872281,0.005071301273279229,0.007402507569817843,0.005070461324082253,0.007416268212933445,0.005069720924881085,0.007430123662594711,0.005069079098245534,0.007444075044164397,0.005068536525623102,0.00745821551893449,0.00506805384815167,0.007472518757766341,0.005067727184352785,0.007486877619340669,0.005067394810592622,0.007499066682881361,0.005067053928841778,0.007510592769440284,0.0050671960077569465,0.0075223190547746505,0.005067332891549176,0.007534089497848913,0.005067474496916915,0.007543868882319739,0.005067753242183194,0.007557072894567054,0.005068223149780045,0.0075655475551567025,0.005068852844711679,0.007576158791927769,0.0050696384342585644,0.007589298798811752,0.00507057164882765,0.007599652249919548,0.005071652935344032,0.007616598370064833,0.005072915203488392,0.007630056691026893,0.0050742962258901484,0.007637342760404672,0.005077294611143585,0.0076397485075034065,0.0050808457104747325,0.007637075616022532,0.005090174378125123,0.007637084846533787,0.005100706898339018,0.007637213014652446,0.005111217828263695,0.007636594977553486,0.005121724577282235,0.007637487482814945,0.005132270695466769,0.007637476293875536,0.005142813589635884,0.007637282508099589,0.005153337078681678,0.007637116211033632,0.0051638452331040224
Togo,217,All pasture-based animal products,0,2023,1289.9956,32945.1,,3.622312398388629e-05,0.001760288714005858,0.02,0.7,0.13650635829319255,0.0841403655586431,0.13650757001263536,0.08392595919072601,0.13651987579259126,0.08371695217106491,0.1365712163301463,0.08352964985573821,0.1366235403517852,0.0833421672120825,0.13667581596681644,0.08315416555416082,0.13672856848548912,0.0829657457433887,0.13678817515004663,0.08278169423433329,0.13684808450150557,0.0825974724575655,0.1369226305565408,0.08242051834990963,0.13657274813466685,0.08226899562379886,0.13624058731276578,0.0821264709350588,0.13591474046958663,0.08198653267233165,0.13558906622091388,0.08184629501861372,0.13527141588449682,0.08170958544696728,0.13496358782587836,0.08157913366900588,0.13465694099857378,0.08144916009780846,0.1343522172670974,0.08132019313394302,0.13404815381191507,0.08119131210583107,0.13376806268883354,0.0810777579816288,0.13350105815997917,0.08097057862659804,0.13325492391563099,0.08087423270346991,0.13307601270461228,0.08082041088275597,0.13292727568571763,0.08078282568253368,0.1327791922762712,0.08074531384501873,0.1326354611622178,0.08070930366132639,0.13249611970283282,0.0806748156494882,0.132368686607106,0.08064605007634781,0.1322412048532331,0.08061667568298188,0.13211974025695325,0.0805897168380869,0.13201447242385347,0.08057320744668449,0.13194286948664252,0.08057831473124775,0.1318752127067279,0.08058583234606956,0.1318328045077713,0.08060680063219774,0.13182481030565352,0.08064990363521107,0.13186045746332153,0.08071728230997853,0.13190060724489852,0.08078625642997589,0.1319412668165764,0.08085477393093167,0.13199612664958355,0.08093037222351153,0.1320541585781694,0.08100685450061222,0.13182388197065592,0.08108712022585325,0.1315949549970553,0.08116736033009697,0.1313678005493266,0.0812496825925329,0.13114395021086386,0.08133211194587947,0.13093395433911947,0.08142097665538532,0.1307240049193249,0.08150923379028913,0.1305144526872807,0.08159711001930747,0.13030472651046093,0.08168465112810439,0.1300959783176061,0.08177175245447763,0.12994628938267522,0.08191448131276857,0.12979718310076926,0.08205663281202735,0.12969506298534322,0.0822120277222059,0.12960777162971254,0.08237155102853276,0.1295566202967304,0.0825562406778987,0.12950626772695428,0.08274060557328024,0.1294575012056598,0.08292469034952107,0.12941015148610793,0.08310854337988482,0.12936313001508462,0.08329187852259583,0.12931792050381166,0.08347577118516394,0.12930090860005194,0.08368342038136753,0.1292886028909141,0.0838929666251412,0.1292822297745533,0.08410513830637097
Tonga,219,All pasture-based animal products,0,2023,6.1886,704.31,,0.0002942268146597691,0.015140756255620814,0.02,0.7,0.013034769244543387,0.1349234874664539,0.013024082788835045,0.13382963193101757,0.01261275217256308,0.13272925877559466,0.012291346291064875,0.13167613337476583,0.011899966689140062,0.13065643725632145,0.011511856186966374,0.1296271199845312,0.011121278766705267,0.12858791289944782,0.01074260631903623,0.127539594334098,0.010395421941258753,0.12648808351476556,0.010024344030943821,0.1254303091731052,0.009683106859915469,0.1243679902319721,0.008798816011688082,0.12330781681044152,0.007924482746594519,0.12223681938951955,0.0070658894128133864,0.12115399466331667,0.0063516022252100846,0.12019335344669868,0.005633392499655054,0.11922035738059053,0.004914495844642541,0.11823459162812507,0.0042540499682638955,0.11725899413775963,0.0036067692048184496,0.11627117394685507,0.0030520653297379657,0.11532667147813429,0.002627104209047243,0.11447850316481573,0.002053893468898324,0.11377310126358248,0.001414873287742091,0.11308282462172148,0.000748709277957671,0.11238256457641786,6.297769045804369e-05,0.1116696222942249,-0.0006038642686309603,0.11094350936862886,-0.0012593822872069282,0.11020239410045607,-0.0019044035640864848,0.10944583084866547,-0.002526322559675248,0.10867625425399643,-0.0032622507901740594,0.10797116054293118,-0.003962779748430095,0.10725704044268936,-0.004679236399542555,0.10652698711338647,-0.005426289140926438,0.10578486808547626,-0.006251272936923624,0.10506090754953606,-0.007180118557505791,0.10438100480709193,-0.00775914114839682,0.10482178920381269,-0.008682065340151916,0.1058123635748016,-0.009615644888310924,0.10678537499016622,-0.01063394745654785,0.10778229824535335,-0.011471596042920109,0.10903976970639508,-0.011329784989619281,0.11030946831351385,-0.011205517617816848,0.11156377950234109,-0.011100779010075792,0.11280324963578009,-0.011016198908221714,0.11402839535834328,-0.010950502161922717,0.1152397058496526,-0.010887026265999807,0.11643690058983322,-0.010826259767233112,0.11762040168673156,-0.010785091110191842,0.11879138851641846,-0.01075404545149405,0.1199502597247025,-0.010673674259834287,0.12110140859294576,-0.010593008758672752,0.1222403703563357,-0.010498960308841232,0.12336949407336908,-0.010425509013807295,0.12448802263122931,-0.010359198989311622,0.12559594159098297,-0.010343053678636076,0.12675621461062622,-0.010337021957455717,0.12790648642761632,-0.01033718573326391,0.12904666458929337,-0.010346751532768542,0.13017741157445076,-0.010367850996343997,0.13129936500357942,-0.01039763548514394,0.13241222343939296,-0.010439798617067746,0.13351682182553543,-0.010492728164787954,0.13461323605516204
Trinidad and Tobago,220,All pasture-based animal products,0,2023,9.7358,2656.5299999999997,,8.713234881863017e-05,0.004517270415629125,0.02,0.7,0.07061060911487793,0.08272860820808534,0.07061349961470986,0.08220056954538552,0.07000767801808916,0.08173283677677302,0.06940365149896754,0.08126173411472364,0.06880566066798255,0.08078807853680522,0.06829270824881589,0.08036520127079964,0.06782712090717352,0.07996351730468504,0.06742077188492356,0.07959182884128801,0.06713467162128933,0.07930090689402537,0.06688217391061937,0.07910952534038274,0.06668088556046686,0.07894190610163972,0.0665556225728674,0.07881735078192602,0.06646801189891648,0.07879981814383764,0.06638242741217192,0.0787785363392166,0.06630645620506087,0.07875552365738,0.06622679896705945,0.07875915586204905,0.06614068526813735,0.07876158625031901,0.0660632943945597,0.0787619586873455,0.06602610956230129,0.0787781988708164,0.06598159231075726,0.07879465684464504,0.06593729053769795,0.07880723659899447,0.06600235558783571,0.07889143497176221,0.0661016562771549,0.07898749663661422,0.06623407366695633,0.07909470279948025,0.0663769513106272,0.07920056307536288,0.0665411636890402,0.0793103941385384,0.06669751126290618,0.07943191237596295,0.06686125275866674,0.07955102774005728,0.0670372071741006,0.07966959713034515,0.06721711239967315,0.0797848682561656,0.06740923473586295,0.07989963151441107,0.0675932889809979,0.08001768670405973,0.06777017636463736,0.08015011037365409,0.06795094258432055,0.08027928967908038,0.06813075005280006,0.08040483564486446,0.06832587165201642,0.08053139108370606,0.068525020229325,0.0806547870506396,0.06872618231843301,0.080774696452281,0.0688187805315382,0.0808934993149601,0.06891512376822684,0.0810091338035897,0.06899761263317122,0.08112120176928209,0.06907651080597961,0.0812303418609738,0.06913604496255737,0.08135101618542576,0.06902734713853172,0.08150127487413364,0.06895380011313734,0.08165331258846374,0.06884890697231147,0.08182269803965242,0.06873735730438982,0.08201548013950442,0.06861033119219688,0.0822252198026274,0.06850783338419801,0.08243754459489545,0.06838015969059741,0.082658172600355,0.06835278984459045,0.0829201486496384,0.0683364092559161,0.08326966832063572,0.06833004980412212,0.08361703137848162,0.06831502494209973,0.08396748764534034,0.0682928715248101,0.08431809713781721,0.06825635487755002,0.08468913730854928,0.0682374519357054,0.08506189354350986,0.06823966358771773,0.08543880569984492,0.0682355733226269,0.08582100829959996,0.06821990908644388,0.08623608746027707,0.06820609979969372,0.08669414426355766,0.06819236575418927,0.0871910035378067
Tunisia,222,All pasture-based animal products,0,2023,4750.0,1512113.11,,2.048992975584605e-06,0.00010463914545821206,0.02,0.7,0.0070178282417132365,0.019672887705400176,0.007016488548787565,0.019621749522653845,0.007014209856513427,0.019570882582659325,0.007019257733911935,0.019527360016728924,0.007025906097759998,0.01948434402932981,0.007035331116637579,0.01944283197479464,0.007045061266955809,0.0194012069580752,0.007053130497125041,0.019361336436128626,0.007059283351170026,0.019324782888621488,0.007063493359537291,0.01929557245805612,0.007069470987692196,0.019266974218744234,0.007076892813797781,0.01923876113759741,0.007086311093773821,0.019211331758189558,0.007096500765070336,0.019183924908265787,0.007109772712976558,0.019158282311283314,0.007124421248649007,0.019132975421150254,0.00713981032292666,0.019107675951029815,0.007153611773842892,0.019083854299753227,0.007169214592122264,0.01908983175236456,0.0071886656229861595,0.019098363152074613,0.007213855250394923,0.019111751737719434,0.007237081753628048,0.01913026090933743,0.007268843678080618,0.019157571446824985,0.007300878995090925,0.019184756338467363,0.007334831672117372,0.01921264947518631,0.007368519839614978,0.01924042009318569,0.007403853830156898,0.01926870210362088,0.007438627617611857,0.01929696317146657,0.007473705073750895,0.019325107255802235,0.007508861741659505,0.019353108001937527,0.007541892007122904,0.019382099835895377,0.007558259146745664,0.01941125073698333,0.007576566497609355,0.019440883459757922,0.007595766629875798,0.01947073661805279,0.00761601322867382,0.019500924787548807,0.007650162006788249,0.019531550475846173,0.007681659505671298,0.019562212048302142,0.00770146234970191,0.019595443114791104,0.007711495400031246,0.019630186203497615,0.007715141630904223,0.019665264488742458,0.00771779335856199,0.019700244203057583,0.007743205721115719,0.019735258617098912,0.007767308714321304,0.019774295181164706,0.007799087070185848,0.019815051702730145,0.007827851328466943,0.019855843075038033,0.007863148909814145,0.019896690100037813,0.007898569157451782,0.019937436905375028,0.007928718118704966,0.019978608955537668,0.00795966424095744,0.020019891150003213,0.007990271022293566,0.02006110757572107,0.008020138563274892,0.020102231840089444,0.008047951082010237,0.020143275409522595,0.008075555962654917,0.020184203768146152,0.008103341178196114,0.02022500624309261,0.008110026939275577,0.02026813244608297,0.00811586541599432,0.020311133313133476,0.008118997661736002,0.020354340009176457,0.008121436241662188,0.020402695456439003,0.008123564099859953,0.020451006443984412,0.008125412881179357,0.02049925727683793,0.008126901655522576,0.020547497004485847,0.008127530383402295,0.020596859246401245
Turkmenistan,213,All pasture-based animal products,0,2023,37982.8218,2918384.54,,2.364450311355298e-06,0.00011625937978477625,0.02,0.7,,,,,,,,,,,,,,,,,,,,,,,,,,,,,,,,,,,,,,,,,,,,,,,,,,,,,,,,,,,,,,,-0.0257595434762998,0.021689460238924065,-0.025790202820940234,0.021681694939228818,-0.02582898530968713,0.02167488831058937,-0.025870878467179687,0.021668427793991998,-0.02591403241973906,0.021661928231534087,-0.025962841901252996,0.021656570597415208,-0.026013726768420474,0.02165131553906727,-0.026059836030174952,0.021647897649468215,-0.026097080246003736,0.021646335600623404,-0.026142676250825773,0.021656505328927322,-0.026180206160456392,0.02166821483564849,-0.026212523354338962,0.021680330780353904,-0.02627403206734568,0.021699515422642326,-0.026323245178092113,0.02173659624804181,-0.026373352139790585,0.021773550923572867,-0.026419851388361608,0.021810570383156425,-0.026477660762640694,0.02184886649595261,-0.026538307165392502,0.021887139721184813,-0.026615819673619298,0.021927975530315846,-0.02670300207074754,0.021969661641461077,-0.02676785382020152,0.02201225059126921,-0.02681519983766711,0.022056149764038458,-0.02684028446366321,0.02210108178554562,-0.026849976061430483,0.022147049535649072,-0.026878618868130574,0.02219436806010223,-0.026891791636883607,0.02224268669834695,-0.026886752318156237,0.02229195754076298,-0.02687119569476489,0.022342266859282204,-0.02685963722492079,0.022393041033951223,-0.026852783426805783,0.02244467030634337,-0.026851933523478727,0.022497232955758287
TÃ¼rkiye,223,All pasture-based animal products,0,2023,14617.0,22390361.37,,4.746472334414491e-06,0.00023838421626994302,0.02,0.7,-0.038633740797861305,0.04125020922675307,-0.038627289854001046,0.04119461670051349,-0.0386242261131169,0.04113922242327814,-0.03862046500655482,0.041083761585173684,-0.03861934281858559,0.041028392439205245,-0.0386135489624336,0.040973776461287956,-0.03860706549427309,0.04091909235638779,-0.03860612179348477,0.040864993549320945,-0.03861285515818083,0.04081140733800544,-0.038631702174015764,0.040759097424552394,-0.03865229560294954,0.04070673793488432,-0.03867635634180616,0.040654421206318875,-0.03869671909642228,0.040602185706347924,-0.03871636009790978,0.040549871849245356,-0.03873314375334756,0.04049756716449223,-0.03874897356743063,0.04044518753777551,-0.03876134191187655,0.04039285770458775,-0.03877168647475536,0.04034048639729046,-0.03878425943700615,0.040288264929625804,-0.03879797258164431,0.04023608347884,-0.038810981018565664,0.04018388847521201,-0.03884327207057417,0.040141989546046336,-0.03888186566434692,0.04010215798046717,-0.038941734824583955,0.04007145061448274,-0.03899920209994951,0.0400406656124824,-0.03906146174075726,0.040009834666453324,-0.03909317581579688,0.03998015935855252,-0.039126949866294544,0.03995075011153951,-0.03913081937411719,0.03992257132222891,-0.03913747582200619,0.039894892392634634,-0.03915578842777055,0.039867478040950026,-0.03917579992089954,0.03984022782090924,-0.03919631975520596,0.03981291634171724,-0.0392164862292338,0.03978553201144889,-0.03923814122550819,0.039758258375581015,-0.039260136136336554,0.03973090796513693,-0.039291839926545245,0.03970745577203056,-0.03929930735601371,0.039684649570933345,-0.03929843670146342,0.039661854088462394,-0.03925998262653386,0.03964097742322172,-0.039210448238281,0.039620260946615665,-0.03918692310556118,0.03961442614215748,-0.03917667530278384,0.039637733147677726,-0.0391679584888424,0.03966115929250332,-0.0391581042893823,0.039684714531445814,-0.039146135765719514,0.03971045411980038,-0.03913312507038313,0.03973628123926611,-0.03912226871477339,0.03976239850307303,-0.039110979873169735,0.03978845124590553,-0.03909761352738269,0.03981601048133998,-0.039082841502339316,0.03984887102248641,-0.03906957696207894,0.039893158843774416,-0.03905509049232381,0.039937621634677484,-0.03904077581456577,0.03998199942735282,-0.03902866029936869,0.040026685275569476,-0.03901898305795353,0.0400717556221129,-0.03900815790689252,0.04012287854601648,-0.03899521787724874,0.04017581740276276,-0.038981254729396037,0.04022884093186982,-0.03896595355542016,0.04028211377224916,-0.03895401399639181,0.040336109031691,-0.03895294497262132,0.04039479041359092
USSR,228,All pasture-based animal products,0,1991,326500.0,110220908.0,,2.9994445811493887e-07,1.1666295102350388e-05,0.02,0.7,0.052412442130567324,0.016957519309817284,0.052412407491099836,0.01694872731640397,0.05241655082180155,0.016940996112835494,0.05242062672288149,0.016933302464457213,0.052419109448652176,0.0169314710884468,0.052416541166907436,0.016930055943910796,0.052412669880572145,0.01692931524327828,0.052408875185269106,0.016928693659320076,0.05240804456075804,0.016928329710961223,0.052407071838014685,0.0169279627922803,0.05240560700571614,0.016927671693046358,0.05240582308684137,0.016927470265264963,0.052402392912891615,0.016927965525134696,0.05240005051761229,0.016928712184555054,0.052392113768348375,0.016929757777553258,0.05238890660998912,0.016931313485081992,0.05238667121345095,0.016933712981635006,0.05238367673205572,0.016936242505895198,0.0523801279846364,0.01693915800902321,0.052378638572110746,0.016943019986547774,0.052376570375703785,0.016947521942136858,0.052373945476150256,0.016952027759291305,0.052373967972899116,0.016957236955735523,0.05237396041354019,0.016962441760960942,0.052374046904489865,0.01696768420758945,0.05237543434701818,0.01697310750931621,0.05237722875952713,0.016978527291576864,0.052378972982628405,0.016984004520241732,0.05238057022415685,0.016989478961149947,0.052381844335639055,0.016995129339578936,,,,,,,,,,,,,,,,,,,,,,,,,,,,,,,,,,,,,,,,,,,,,,,,,,,,,,,,,,,,,,,,
Uganda,226,All pasture-based animal products,0,2023,6070.0829,3291057.93,,6.2694689421631005e-06,0.00032347168138518025,0.02,0.7,-0.004949679577702704,0.032859443325449066,-0.004956431809867566,0.03276985010401291,-0.004964598192381653,0.03268029981279957,-0.004975273837728958,0.03259143030118778,-0.004987861834702838,0.03250284933218799,-0.0050022735691721484,0.03241450334798121,-0.005017057905388818,0.032325892111386464,-0.005033222162860666,0.03223729282522065,-0.005047761248128571,0.03214889271012038,-0.005060521230505224,0.03206079122618821,-0.005075928189689147,0.03197343349311546,-0.005091262377967629,0.031885776022493734,-0.005106517705080575,0.03179781648182313,-0.005122429550670472,0.03170962112316922,-0.005139405150443067,0.03162129662866061,-0.005158794281809362,0.031533523198837704,-0.005178840760258072,0.03144550576901765,-0.005191185288819969,0.03137729514350563,-0.00520729109779575,0.031310721882164425,-0.005232765987569627,0.03125369127944824,-0.005260888851072424,0.031197351188250566,-0.005290437662230162,0.031140997866141273,-0.005321797850248614,0.031084809535680682,-0.00535403397858478,0.03102841398864067,-0.005388246064960528,0.030972265671991257,-0.0053959627066778905,0.030919019004766554,-0.005410808421701924,0.03087146297795726,-0.0054232014605699016,0.03082471928388144,-0.005434966767798106,0.03077770653897565,-0.005443319849605745,0.030732741705125542,-0.005443152508150643,0.03072318704807585,-0.005444387915427911,0.030713588988766315,-0.005446054294627021,0.03070368112452378,-0.005453744961037338,0.030697873866410125,-0.005462485291310329,0.030691895260731204,-0.005472942767376367,0.030686011915616238,-0.005485218039378353,0.030680273513397742,-0.00549704894216756,0.03067422763563195,-0.005509509943719902,0.030667903261853126,-0.005524177222772181,0.030661938223450633,-0.005513551032760717,0.030655686944670368,-0.00551364749398079,0.030672429451489184,-0.0055205283114829525,0.0307144920492274,-0.0055261952793229825,0.03075635710219294,-0.005531947780745437,0.03079788493277545,-0.005536470154911338,0.030839231177142136,-0.005540483377998774,0.03088024851254647,-0.005542225384226022,0.03092107280764235,-0.005537375048758706,0.030963897419833485,-0.005533436432569405,0.031006450933231813,-0.005530327408700373,0.031048716255057746,-0.005526359606327586,0.0310907491349357,-0.005523726021890053,0.031132526574918037,-0.0055236389530980345,0.031174764983661344,-0.005525143715222061,0.03121701713015526,-0.005526862609187525,0.0312589495047024,-0.005532961004321887,0.03130213310813006,-0.005530188365851043,0.0313620136785325,-0.005521794105533436,0.03144694131544982,-0.00551645120523843,0.03153220689488309,-0.005511057424816445,0.03161715947383962,-0.005501424557798782,0.03170588904337245
Ukraine,230,All pasture-based animal products,0,2023,8232.0,7542100.0,,1.3151173808686234e-05,0.00062987630419285,0.02,0.7,,,,,,,,,,,,,,,,,,,,,,,,,,,,,,,,,,,,,,,,,,,,,,,,,,,,,,,,,,,,,,,0.16971383754079264,0.1111728473632466,0.16971389293957564,0.11111453993341593,0.16971521454290342,0.11105733852386376,0.16971883399567939,0.1110017774889304,0.16974852670956864,0.11095446999822423,0.16985399837266726,0.11093383566786463,0.16996167332283363,0.1109143238243541,0.1700691338499953,0.11089482875628437,0.17018117526139803,0.11087645718906507,0.17009977671832532,0.11087201429933499,0.17004694830919517,0.11088448081187172,0.16999411900071215,0.11089691614366076,0.16994291802844932,0.11091111998406475,0.16989861490866792,0.11092747896424014,0.16985448505390116,0.11094383002224141,0.16981530749537707,0.11096516238347577,0.16977571753098097,0.11098678749379963,0.16973738947883904,0.11100904355482064,0.1696986195717848,0.1110312836109195,0.16966285499462788,0.11105398370475657,0.16964304615477058,0.11108387438819582,0.1696407693150068,0.11111848260775219,0.16963899960252177,0.11115307023062142,0.16963525796199871,0.11118821546496759,0.16963341971118462,0.11122359932423694,0.16964815668543548,0.11126363978194506,0.16965485157787955,0.11130395639731523,0.16966089955553637,0.11134428282359718,0.16966526845524316,0.11138484802658434,0.16966714674874447,0.11142755407660061,0.16966818757153831,0.11148623981985742
United Arab Emirates,225,All pasture-based animal products,0,2023,300.0,140121.42,,1.061695060636974e-05,0.0005420676895652734,0.02,0.7,0.016345945459997235,0.026112320149941297,0.01634052344590914,0.025909412829111533,0.016332443356231602,0.025705129839295807,0.016322751262733387,0.0254992727764728,0.01631106384956743,0.025291847588765622,0.016297375688688297,0.025082811770464994,0.01630311076261277,0.02487875361045636,0.016318106695748943,0.02467477169307895,0.016326917139629357,0.024470438194404334,0.016364557723697923,0.02427655116478063,0.016408289653541998,0.024081571185154506,0.01650182724810843,0.023912186736132053,0.016588656284387073,0.02374254779925126,0.01670014269835636,0.02358013091247276,0.016812650848584562,0.023489248254991914,0.01691270364326981,0.02341337366324926,0.017036772374976476,0.023344055067041878,0.01723219099224639,0.023316103103971322,0.017436765703965396,0.023287655950497196,0.017670845037166247,0.023268819399894093,0.017893499006540626,0.02325799776536255,0.01815057335050082,0.02325970231802157,0.018410356253789725,0.02325935026473952,0.0187116887902131,0.023275997905925525,0.019003729674543987,0.023295223783461917,0.019291533383746298,0.0233128476225615,0.019591115438691104,0.023330833055122936,0.019888492588024283,0.023346750964533237,0.020175415943571876,0.023375000615364086,0.020321701546628965,0.023402396052161132,0.02032612331685215,0.023431882127951907,0.020454750708981617,0.023462717847073898,0.020538376067233938,0.023494431518428505,0.02061293524287562,0.023524096073074652,0.020584471844857642,0.023576655842620232,0.02054583833726455,0.023638296909116712,0.020509543999467496,0.02369794331020635,0.020464676901640493,0.02375971243388298,0.02040961654695454,0.023832789707205,0.020357389880275197,0.023903986724508382,0.020294920529772616,0.023983666912256035,0.020223394801014247,0.02406646051438572,0.02016070013637966,0.024148840048794713,0.02009192979821525,0.024230793010299522,0.020020845843259798,0.024355291526939812,0.01999753224801714,0.02450135637163198,0.01996424594015531,0.024653344272293726,0.019972880230502005,0.02482321732884452,0.020012386591233437,0.02500391866066332,0.020041628284738558,0.02519252947934447,0.020070354377055323,0.025379385888051772,0.020104223072265406,0.025565167615500088,0.020127695088610516,0.025761378134701373,0.020154497439248645,0.025956235705307293,0.020180715130075896,0.026149492620835255,0.020204841798107262,0.026341325720354837,0.0202363463111741,0.02653290187928864,0.020261728090987904,0.02672473740979013,0.020280752636148074,0.026917060721170182,0.020298145647694072,0.027108032024355383,0.0203106946836086,0.027298605416482546,0.02031538838487237,0.027491426560900284
United Kingdom of Great Britain and Northern Ireland,229,All pasture-based animal products,0,2023,12182.8761,16953882.56,,7.487592254470928e-06,0.0003792972920131626,0.02,0.7,-0.05534750999047855,0.10370397791799497,-0.05534579690585478,0.10366855614879902,-0.055348628061309774,0.10363495415399246,-0.055357229578944345,0.10360297531050842,-0.05536274118538907,0.10357227469091582,-0.055368615554750575,0.10354179138672649,-0.05537639585670636,0.10351279195405638,-0.05538226481152757,0.1034842287518376,-0.05538801051173496,0.10345565474368436,-0.0553796824976997,0.10342778661444689,-0.05537084704176656,0.10340059817643618,-0.05535822364149469,0.10337882934190655,-0.0553456911669241,0.10335719445828985,-0.05533453791102384,0.103336019175237,-0.05532385362867699,0.1033148379311923,-0.05531259944122521,0.10329417769596222,-0.05529628863464871,0.10327695322368098,-0.05528018358789091,0.10326270359888082,-0.05526376303700835,0.10324845138758007,-0.055246776684379516,0.10323424457720393,-0.05523337598224576,0.10322047412087325,-0.05521911953400274,0.10321043471391772,-0.055203537284760115,0.10320205271574817,-0.05519406484911877,0.10319979828965141,-0.055187130915456836,0.10319788778773303,-0.05518021267489484,0.10319596493242089,-0.0551755914317236,0.10319771484972838,-0.05515005326228328,0.10320199256416118,-0.05512310557470872,0.10320659664739834,-0.05509607713799545,0.10321186190419268,-0.05507026737310159,0.1032191772508211,-0.055044954335386684,0.10322653330220254,-0.055020358471246526,0.10323395030211337,-0.0549968015922768,0.10324152557359609,-0.054974127271311554,0.10324928192013094,-0.05495401725452802,0.10325837772459634,-0.05493558557709476,0.103267519272543,-0.054915930737141606,0.10327707674561977,-0.05489822684500249,0.10328742359454172,-0.05489545065874195,0.10330043632598364,-0.05488922755302593,0.10331344056221337,-0.05488162384656332,0.1033267234488107,-0.05487469513310672,0.10334004156907292,-0.0548695346085961,0.10335530857760021,-0.05486483662522933,0.10337062107050138,-0.054853976843286426,0.10338606855546496,-0.054848129520454356,0.10340241413643145,-0.05483954203756891,0.10342006209507618,-0.05483015785906274,0.10343770353464224,-0.05482035309057326,0.10345571354032142,-0.05481335835236789,0.10347422989835456,-0.05480721095661349,0.10349292024828727,-0.05480110492845466,0.10351159841811874,-0.054803061846462275,0.10354018816874007,-0.05480307128147682,0.10356913358003843,-0.05479247507640947,0.10360197873877738,-0.054786465890560444,0.10363706936249834,-0.05478054248702526,0.10367214926346321,-0.05477982599941276,0.10370788804438137,-0.05477982496105672,0.10374363005501402,-0.0547795378251678,0.10377942625860005,-0.0547761003559218,0.10381543052990323
United Republic of Tanzania,215,All pasture-based animal products,0,2023,24877.5,4258764.0,,2.4729889227730676e-06,0.00012611910615414212,0.02,0.7,-0.007487539283834027,0.029508584876860373,-0.007489435609227185,0.029467044371264243,-0.007491198626687096,0.02942544628390993,-0.007494338160909969,0.02938400005942937,-0.007497531136877053,0.02934249391599104,-0.007499354658881626,0.029301175214136155,-0.007500223804067188,0.029259912587765478,-0.007502002631639959,0.029218683363382618,-0.007502228933752157,0.029177714397183727,-0.007502955154066071,0.029136713004252898,-0.007451742169161682,0.02909764465837201,-0.007409753449375903,0.02906525020016216,-0.007374615297054354,0.02903684337971214,-0.007339483961509338,0.029008374114188138,-0.007304577220697384,0.028979848156848655,-0.0072697530078983386,0.028951260188149863,-0.007234864092154791,0.02892260971420419,-0.007200749848277982,0.028893964375239098,-0.007168948365951354,0.02886581717292946,-0.0071405843317494805,0.028838782018629876,-0.007154111354629823,0.028813056399929832,-0.007170135127606992,0.02878791409607987,-0.007187632753381339,0.02876294489611742,-0.007206216851819318,0.02873804288075971,-0.007224148238644455,0.0287131288952459,-0.007241888358350712,0.02868815469672046,-0.007259718321227366,0.02866311669075236,-0.007277422110870055,0.028638015651977013,-0.0072957568480939775,0.028612894751134425,-0.0073335019080836075,0.028588032332035822,-0.0073672791856979475,0.02856322792984624,-0.007392807954715974,0.028538550852515627,-0.007422071788415384,0.028514067053771436,-0.0074335208054247225,0.028492517426911175,-0.007455900344727895,0.02847192920152906,-0.0074626085864013805,0.0284578749860247,-0.007465560584316581,0.02844406626871805,-0.007469438783614155,0.028431358912628425,-0.007474180437631615,0.02841966291824292,-0.0074791644763355985,0.028413888110147466,-0.007489679614800019,0.028410932316809828,-0.007500971149137043,0.028408833715680596,-0.0075127744593990985,0.028407165337611503,-0.0075278157362125495,0.028412420120661395,-0.007545891095758124,0.02842413181298326,-0.007563781266549769,0.02843604062948182,-0.007581475084898924,0.02844932306332972,-0.007599581687800905,0.028462954391307308,-0.007616371539996726,0.028476741794980047,-0.0076309505249513,0.02849113432580002,-0.007644234612726063,0.028505675767016972,-0.007648744249269019,0.028520562305905175,-0.0076522953979774044,0.028535397329142002,-0.007656287659584562,0.028550188842457896,-0.007660681280747748,0.028564933165293138,-0.007666070956715036,0.028579721984920106,-0.00767500087848133,0.02859566302337847,-0.007678371714957569,0.028617656500780367,-0.0076868945622150875,0.02864198433182309,-0.007688028584142709,0.02868322492268485,-0.007691468862888487,0.02872495096253298,-0.007691913166554442,0.028767940742906426
United States of America,231,All pasture-based animal products,0,2023,272053.15959999996,115033501.32,,3.985562246913219e-06,0.00020215851299267668,0.02,0.7,0.022836800788124632,0.10909026173478661,0.022836767325555618,0.10907206658277431,0.02283309931746158,0.10905406552653885,0.022830758261210782,0.10903667190116534,0.02282497570455508,0.10902083515886568,0.022815061899185668,0.10900730558712066,0.022803127399331546,0.10899425499332625,0.022788998562972507,0.10898176676416116,0.022772672310773845,0.10896983441034705,0.022756435464593272,0.10895789980771241,0.02274065392300567,0.10894598281099852,0.022725451462434182,0.10893409559160078,0.022703992779269766,0.10892759856376365,0.02268337732750811,0.10892116562351169,0.022662746366809955,0.10891473899732236,0.022643057891587992,0.1089113325372009,0.02262337339028256,0.10890793750945121,0.022594173594683492,0.10890598518781959,0.02256496025949209,0.10890464731637368,0.022536264991091293,0.10890475836722463,0.02250803203147339,0.10890612364926738,0.022476883662608915,0.10890766205310198,0.022446088729755703,0.10891008637802917,0.022415485816222103,0.10891474863302635,0.02238586317160772,0.10892260483308275,0.02235620836722918,0.10893052009303576,0.022323158944163563,0.10893905094171744,0.022290159432833773,0.10894762767702423,0.022257160410316668,0.10895698208869298,0.02222431036311942,0.10896660389770042,0.022191421983797976,0.10897650021145094,0.022158595651186053,0.10898660124604555,0.022124718325631204,0.10899690549437484,0.02209150571926405,0.10900731314733875,0.022059013264258492,0.10901784119020849,0.02202548916255656,0.10902866903959936,0.021992070929075416,0.1090395259056472,0.021958765724230556,0.10905040085769904,0.02192492564674413,0.10906221848408837,0.02189057717411061,0.10907485956014572,0.021892376720429502,0.10908818692205545,0.021894295881046043,0.10910180246201018,0.021896237456436582,0.10911543277417525,0.021898310851732068,0.10912934338727248,0.02190037185750842,0.1091436074686844,0.02190243438763212,0.10915837256239982,0.02190450389665856,0.10917368926659335,0.021905364828896018,0.10918931731960443,0.021907569914749122,0.10920526462750475,0.02190928281550244,0.10922125917770927,0.02191024754202246,0.1092373710746591,0.02191025214806988,0.1092536847681507,0.021910442554288926,0.10927012972299739,0.02191046575022007,0.10928682620472355,0.02191064204353779,0.1093036157619565,0.021910626414320407,0.10932079997621375,0.021910484650378596,0.109338104241376,0.021910371463214152,0.1093554141214503,0.021910206296521895,0.10937276550956802,0.02191022589643092,0.10939034445338837,0.021910329633806954,0.10940798218850845,0.021910359114342665,0.10942572935821793
Uruguay,234,All pasture-based animal products,0,2023,12540.0,2804274.77,,4.5478643059966177e-07,2.2883706934250214e-05,0.02,0.7,-0.00984898698632937,0.011010429315434632,-0.009849933379695634,0.010989877587882117,-0.00985032539495765,0.010969334740127472,-0.00985265375930798,0.010949238466086992,-0.009861438417202014,0.01093127934848131,-0.009869069269517618,0.010913934860337196,-0.009876324227332079,0.010901378102829914,-0.009882456613053857,0.010893481704455034,-0.009891019814954162,0.01088624015810366,-0.009899901206418447,0.010879260168879372,-0.0099086852542834,0.01087766525627611,-0.009917457331193296,0.010876030200187169,-0.00992496196326547,0.010875484844363749,-0.009934838060717696,0.010875530150118808,-0.009945461189658594,0.010875628897554236,-0.009958057278368735,0.01087618221011233,-0.009969297206422135,0.01087877535941707,-0.009979957949925938,0.010881423370888953,-0.009989719545394807,0.010884279995018233,-0.010003113089469046,0.0108883831738851,-0.01001766466463848,0.010892954002879733,-0.010032247554428733,0.010897486760790543,-0.010047272383067818,0.010902113873148477,-0.010063871961956121,0.010909899511115371,-0.010081930964602618,0.010918408067250503,-0.010100006819684718,0.010926907979133186,-0.010118082148212752,0.01093537181141035,-0.010136292720501882,0.01094380105452861,-0.010155574629567007,0.010952368072130873,-0.010166772433323833,0.010961309203828032,-0.010177893962595844,0.010970215079370446,-0.010190423129892885,0.01097960989548218,-0.010202949654999946,0.010988965649732221,-0.010217661263953907,0.01099927988630857,-0.010232380986756967,0.01100955530756168,-0.010248981733502738,0.01102059939850806,-0.010266323421785965,0.011031801778580853,-0.0102850262411456,0.011043433022718445,-0.010303602484123913,0.011055037941019481,-0.010321757401837096,0.011067065151931335,-0.010325164341309636,0.011079431491409292,-0.01032839447174648,0.011091768458266192,-0.010331809711702937,0.011104074099783515,-0.010333138657410859,0.011116644092863085,-0.010341172435054013,0.011130947813639115,-0.010350249800285531,0.011145239534990116,-0.010357917135682543,0.011159498463339834,-0.01037948358212282,0.011174329547288092,-0.01039574289330922,0.011189537265132287,-0.01041962235593636,0.011204881439252924,-0.010428549969917347,0.011221971429993817,-0.01042980594339117,0.011239335368730457,-0.010431701026729424,0.011256757434284717,-0.01043381054341,0.011274197624389134,-0.010435166472479617,0.011291794377870274,-0.010435338388319611,0.011310271768328214,-0.010435819991705866,0.011328718756339683,-0.010437460394035291,0.01134733855922482,-0.010438547082218757,0.011366013593131481,-0.01043897571092932,0.01138479103977259,-0.010440694301387837,0.011403784877099095,-0.010441868046217651,0.011422831537835567
Uzbekistan,235,All pasture-based animal products,0,2023,21554.9028,13280870.5,,1.397774939263204e-06,6.787225135491372e-05,0.02,0.7,,,,,,,,,,,,,,,,,,,,,,,,,,,,,,,,,,,,,,,,,,,,,,,,,,,,,,,,,,,,,,,-0.05703371356843612,0.04107086841140717,-0.05703381452806572,0.041053859243139604,-0.057034474247851526,0.04103849830592391,-0.05703627642826105,0.041025428597584034,-0.057048860917902844,0.04102333375539301,-0.0570615108748737,0.041022271263998336,-0.05707627437261127,0.041021265279676075,-0.057091213733258275,0.0410214379816583,-0.05710586766387985,0.04102169915047426,-0.0571038394227556,0.041022657948559374,-0.057106903135429564,0.04102399928055632,-0.057108577935373966,0.04102988825908434,-0.057110187854817085,0.04103577046268172,-0.05711011484363051,0.04104203336194262,-0.057107231153767486,0.041049656772699034,-0.05710436915678476,0.04105727316108911,-0.05709945842938081,0.04106551577380051,-0.057092380477076224,0.0410744092751595,-0.057082815035756324,0.04108403835760609,-0.05707034931888146,0.04109542645914824,-0.05705560388430983,0.04110766382416353,-0.057038190844267436,0.041121197422854625,-0.05703643748021373,0.041135428677097484,-0.05703665609343061,0.04115030747528722,-0.05703882556462761,0.04116591400030223,-0.05704084982321722,0.041181625771326766,-0.05704355132731975,0.04119753947216832,-0.057045550875312934,0.041214024856246576,-0.057045212658284966,0.04123076635489077,-0.0570445412834277,0.04124757302130314,-0.057044799804931934,0.041264442997215295
Vanuatu,155,All pasture-based animal products,0,2023,44.1886,4344.84,,1.0171495386050055e-05,0.0004931457580017996,0.02,0.7,-0.055283852442285335,0.038148840442611257,-0.055277222753275096,0.03802589925800917,-0.05526386473613164,0.03791282169397827,-0.05524264871247509,0.03780518579831407,-0.05521388596785629,0.03770047803874882,-0.05517728275882045,0.0376014807465254,-0.055135463615614104,0.03750293618125635,-0.055088654833161145,0.03740473252043837,-0.055037064893451365,0.0373067756265698,-0.05497973630915206,0.037209536529559384,-0.05491466320015404,0.037118844160852815,-0.05484871257769863,0.037027663445038106,-0.054778887003782466,0.03693640744472643,-0.05470529444426857,0.03684504283555454,-0.05462603645413666,0.03675431213559252,-0.054542461941341096,0.036663620086028435,-0.05454237264285526,0.036602930587824926,-0.054537140513224294,0.03654258673139981,-0.05454118610869769,0.036482896938492985,-0.05455152360868967,0.036423281947883995,-0.054530754481493915,0.0363635176460768,-0.054488534762356954,0.036304523463753464,-0.054519526211341394,0.03624737468787999,-0.054549528657664804,0.0361897045439291,-0.05457969317981371,0.036131489236447205,-0.0545418333368029,0.036075737023736294,-0.05450170641239911,0.03603742097022252,-0.05442822344478165,0.03599934045895675,-0.05435533099182067,0.03596071249799145,-0.054337572572999523,0.03592967959673055,-0.054312210829670124,0.035901268920134066,-0.0542335174976083,0.035874961126664634,-0.054146943744782225,0.03585491994690775,-0.05405233254030133,0.035839635686529446,-0.053917220825123506,0.03582442082932952,-0.05379268107949173,0.03581009242348889,-0.05366751642358557,0.03579520913493723,-0.05349223416415165,0.03578312940345336,-0.05331062167775748,0.03577200761480269,-0.053134859473279755,0.0357608479004255,-0.05280868406211148,0.03576620146542947,-0.052526221117184434,0.035783742325736584,-0.05223491607958079,0.03581392822125222,-0.05196251344912979,0.035846678298289546,-0.051681645790779086,0.035881655805849386,-0.05141477577719522,0.035917859703553406,-0.0511525995721361,0.03595385578853619,-0.050883321229865365,0.03599080178392407,-0.05066010876503088,0.03604009939693235,-0.05042563855710536,0.03610403796737272,-0.0501984366216266,0.036168044732684285,-0.04996689557747212,0.036231960438458846,-0.04974281656747522,0.036296017274253085,-0.049546130821911616,0.03636624887190377,-0.04938964327347713,0.03644779865088602,-0.04926716711955682,0.03653766733220102,-0.04917452017027962,0.03663449486615539,-0.04911301859522603,0.03673897577144096,-0.04905910133295048,0.03684383814126841,-0.04902278202414221,0.03695145511531109,-0.04897794446733844,0.037062818969207205,-0.04892426699094783,0.03718139883272947
Venezuela (Bolivarian Republic of),236,All pasture-based animal products,0,2023,18484.524,2956313.96,,2.86306008790556e-07,1.4548715261799747e-05,0.02,0.7,0.003592706923331468,0.00804045264278788,0.0035912911134860573,0.008022912035292947,0.0035883623711467603,0.008005667448727364,0.003583043362166794,0.007989378069316235,0.003576590288914463,0.007973235583977752,0.0035689418246088664,0.007957267165589862,0.0035605990692667636,0.007941327021564014,0.003550461692319564,0.007925505460591687,0.003536037780342862,0.007911642119826949,0.003520315937906117,0.007897822069071558,0.0035031761291845626,0.00788406410090551,0.0034842705605864464,0.007870547829661784,0.003467108720942802,0.007857136910392082,0.003449992733322752,0.007844016469272736,0.003433500811210747,0.007831164012078238,0.0034217232162523994,0.007818473957674023,0.0034101478864491212,0.00780574149223653,0.003398553340374713,0.007792966608446366,0.003385074070826371,0.007780186250592488,0.0033701801814594937,0.007767443641446413,0.0033527701348712996,0.007754727797675129,0.003336032831812861,0.007741985957946919,0.003319946615372535,0.007729202144764591,0.0033072728685424393,0.00771682059867939,0.0032945353239446605,0.007704555352703586,0.003281821952066997,0.007692250109822477,0.003271212433817972,0.007680083147453103,0.0032605907330864985,0.007668251433761081,0.0032502865752001477,0.007656737570123246,0.003240976332947808,0.007646754442969735,0.00322935214792088,0.007637007561048342,0.0032197941082075764,0.0076274406876262815,0.00321270646025566,0.00761810148950401,0.0031972835359393133,0.007615913967581717,0.003180372016491707,0.007613818947562019,0.0031641465815024673,0.007611703939931271,0.0031494703621565154,0.007609672172528268,0.003133375722607865,0.00760771927604495,0.0031125047768058023,0.007607472632479181,0.0030932488017507394,0.007607320077125897,0.003088040944604442,0.007607370238753775,0.003081563533361466,0.007607473620965,0.003069647938514086,0.00760927314439398,0.0030546591319831995,0.007611613553954298,0.0030437016900799595,0.007614617571078717,0.0030402293216978144,0.007618264293525114,0.0030439171051377355,0.007624104008049831,0.0030566835031738053,0.00763342529918609,0.003067030083512343,0.0076428872026160265,0.0030811016656677173,0.007652785910486557,0.0030948305483375787,0.007662643766871841,0.0031054418774956955,0.007673030284958685,0.0031088431750567825,0.007686563000332104,0.0031121163207512275,0.007700051531265711,0.0031165717821510105,0.0077135714143416875,0.0031176536061146595,0.007727718517933029,0.0031186729336337283,0.007741821424290082,0.0031173047900815445,0.007756239975701328,0.003117012282652777,0.007770683295131045,0.0031229711768784494,0.007786701002701045,0.003123606426569098,0.00780499623906088,0.003124590331011925,0.007823255487921604
Viet Nam,237,All pasture-based animal products,0,2023,642.0,1633884.29,,0.00021326090487197534,0.005013357796371924,0.02,0.7,-0.7086815205863288,0.13288003345937255,-0.7087232400012162,0.1320797920536809,-0.7088063186398028,0.13127919043316483,-0.7089004900655959,0.13047433481739873,-0.7089977151624374,0.12966750250632048,-0.7090922891691629,0.12885572708978688,-0.7092665732035124,0.12804856524772262,-0.7094702682397435,0.12723885629202572,-0.7097739440888571,0.1264364211778312,-0.7100824143917032,0.12563191160667964,-0.7104773818491168,0.12483231779564577,-0.7108851978520561,0.12402778430846159,-0.7113724277327487,0.1232267856674762,-0.7119255822293582,0.12242725739551157,-0.7125258302809525,0.12162650140660779,-0.713201552167987,0.12082817343556289,-0.7139012449886892,0.120025461408721,-0.714599206813959,0.11921744682534471,-0.715323326673658,0.1184048730606891,-0.7160550343220734,0.11758959981408568,-0.7167902464505593,0.11676745052292124,-0.7175471174410316,0.11593998477825691,-0.7183210211805636,0.11510658846867448,-0.7191281650503092,0.11426903452622439,-0.7199805237907011,0.11342823016030705,-0.7210581603972648,0.11260296958632918,-0.7221352166763826,0.11176974711448037,-0.7232152728490252,0.11092854857548072,-0.7242964296229626,0.11007924154404936,-0.7253829102703211,0.10922304362121384,-0.7264434233804848,0.10835872414221155,-0.7302360156675245,0.10787867495586054,-0.7340577711843101,0.10739191100323636,-0.7378767978427313,0.10689649051080531,-0.7418623001894571,0.10641041273630765,-0.7385834776237574,0.10688799806805437,-0.7352969808037524,0.1073563060198397,-0.7320143866825953,0.10781554748604069,-0.7287298407688332,0.10826669946582528,-0.7255312059834148,0.10872717111224872,-0.7225051194435764,0.10918414124188763,-0.7195378251124032,0.10964222278022179,-0.7172872005084504,0.11022592399004383,-0.7151944539318122,0.11083095341476783,-0.7138249772436247,0.11152332778663598,-0.7124203906359662,0.11221380835567307,-0.7110428434463796,0.1129189792144413,-0.7097059701084915,0.11362570658660252,-0.7083638950861108,0.11432905221636021,-0.7070121443911264,0.11502673401854242,-0.7056726080476889,0.11572127253508453,-0.7043330891664323,0.11640996280527781,-0.7030321676297426,0.11710423102875689,-0.7018621832782541,0.11782206544882314,-0.7018557316314267,0.11870627719978247,-0.7018056629664419,0.1195865863325448,-0.7017749531021453,0.12047192435215799,-0.7017576748083202,0.12135128785568666,-0.7017414023448347,0.12222428904431326,-0.7017197154484315,0.12309114725527572,-0.7016887432443119,0.12395366486911147,-0.7016851469724635,0.12481081862987493
Western Africa,5105,All pasture-based animal products,0,2023,182734.4311,4715534.96,,1.5192196686461582e-06,7.733713703157652e-05,0.02,0.7,0.007712312252790454,0.035041019225003335,0.007712283447894902,0.03501933534071891,0.007713081568570548,0.03499801243173575,0.007715394280246549,0.03497775897374427,0.007718692895491569,0.03495799974847912,0.007722288575658369,0.03493828103611426,0.0077260014573580435,0.034918557614890475,0.007729696176478909,0.034898820861489814,0.007734383615959482,0.03487958321454786,0.007738469803516321,0.034860626514839295,0.007740692104455654,0.034842595387855266,0.007741219633081562,0.03483143150099908,0.007741028992645057,0.034820694959006256,0.007739927378894757,0.034810722107500885,0.007739043349677465,0.03480076504252881,0.007741074314638077,0.03479400104756849,0.007743625851764786,0.03478725991296535,0.007747826303357336,0.03478152501206798,0.007752523133275848,0.034775888484134994,0.007756366567046323,0.03477374494829945,0.00775983455118044,0.034771665550628904,0.007763891537268712,0.034769734883361304,0.007767437254795961,0.03476831381505647,0.007769094993182193,0.034770568826444186,0.00776978225731135,0.03477343126800979,0.007773859505122431,0.03478097194824658,0.007777537368363495,0.034788586478883374,0.007781211661023274,0.03479620319273445,0.007784912815142427,0.03480380656893373,0.007788587297634646,0.034811396380621744,0.007798744749159167,0.03482121813847765,0.00780888332378756,0.03483102645205326,0.007819714540575548,0.03484106639530367,0.00782640140011176,0.03485139376557918,0.007832628638253757,0.034861852719551195,0.007839556956974622,0.0348724903474911,0.007847672476768467,0.034883348935319795,0.007856887924019363,0.03489425291245173,0.007866216026013452,0.034905148508127676,0.007876113077542794,0.03491684823784095,0.007872980400983774,0.03492861645131928,0.007869948528964018,0.03494060383579176,0.007867686402630119,0.03495266468563506,0.007866786768147201,0.03496495834029808,0.007859058515238467,0.03497739730817932,0.007852654025966011,0.034990729717473204,0.007845892697830398,0.03500473695048941,0.007837999555097076,0.03501875517087687,0.00783473216991412,0.03503359237074754,0.00783638707301413,0.035052808609313056,0.00783853436069505,0.035072134613946246,0.00784085326579161,0.03509145739553628,0.007842957783294923,0.035111400307390205,0.007845259988129728,0.03513153451646358,0.007847553729356358,0.03515167899005444,0.00784895873317196,0.03517218058584278,0.007850378393441161,0.03519266895748924,0.007851293878718841,0.03521329056488785,0.007852467988248126,0.03523396393579896,0.007853483478952171,0.03525479922108833,0.007854521608097602,0.035275846689579254,0.007855171052526047,0.035296931452015554
Western Asia,5305,All pasture-based animal products,0,2023,227916.4378,34951934.15,,4.714146378095423e-06,0.00023900494196159037,0.02,0.7,0.023885872354094395,0.05916889708790662,0.02389365556505768,0.05913082500017357,0.023897471893179763,0.05909336072755994,0.023900445608975186,0.059055884640172515,0.023899290246341055,0.05901871846347803,0.023903668409578888,0.05898227268813877,0.02390785476344393,0.058945801215911225,0.023907931409364473,0.0589101170573578,0.02390368068851595,0.05887514136237598,0.023893777031929284,0.058841422970086564,0.023882174256656577,0.058807781051559045,0.02386925671632345,0.05877438251737419,0.023857382652589673,0.05874104046720114,0.023845399628890124,0.05870767134987317,0.023834671535639645,0.05867434030898419,0.023826141763746,0.05864111807454284,0.02381951787578554,0.0586079843150557,0.023814859650682182,0.05857492953800021,0.02381344756507943,0.05854220479737615,0.0238098289705377,0.0585097136750552,0.02380789771330965,0.058477299689989735,0.023794821021535947,0.05845239948269312,0.023775670096451318,0.05842987379482671,0.023710300479435426,0.05841623199490475,0.02364990026757846,0.058402641996011154,0.023585838389168404,0.05838907436265356,0.023542470793723236,0.058377028076928836,0.02350017592919193,0.05836496018871813,0.023471914190132143,0.058353819311337825,0.023455375941927915,0.05834352383728159,0.023439855906817034,0.05833328423213495,0.0233824919148123,0.05833579395320525,0.023330626994593415,0.05833836699415362,0.0232714301375454,0.05834109554105187,0.023211807686340152,0.0583437967904742,0.023152459111736606,0.05834647036809286,0.0231113119363378,0.058350524964982275,0.023075494167143655,0.058354633438420844,0.023041337543354877,0.058358726677448555,0.023004785979390104,0.05836377140851222,0.022967138992763834,0.058368963356544235,0.022921644028750722,0.058379096433147135,0.02289292609829456,0.05839778433041047,0.022863556948747425,0.05841646379348432,0.022836879802204366,0.05843541159064344,0.02281309672385848,0.058454709972028285,0.022791671944498652,0.05847417111123177,0.02277027850617558,0.0584936045021949,0.022746533631920397,0.05851324848409765,0.022725843027746766,0.0585331894127816,0.022717774679189028,0.05855761918200821,0.0227225649051076,0.05858668049847091,0.02273087810020628,0.05861615487129946,0.022737847878680186,0.058645677630402133,0.022739898897012095,0.05867620185658629,0.022738268538340947,0.05870722922925243,0.022744795041721503,0.058740097412208085,0.02275502768497545,0.05877343649870236,0.022767342202208843,0.05880691229210288,0.022783741461061113,0.05884096498207141,0.022796073299836454,0.0588757307327377,0.022799293484805434,0.0589152823590747
Western Europe,5404,All pasture-based animal products,0,2023,24344.0853,88661503.01,,1.9104163906579517e-05,0.0009705438596870614,0.02,0.7,0.05196037897153816,0.2153792922987407,0.05196042678403118,0.21533494352134822,0.051960765253737495,0.21529114043381894,0.051963242750814695,0.2152480004894386,0.05196003834501717,0.21520979514848185,0.05195456762453149,0.21517300404884707,0.05194543876585318,0.21514015346147808,0.05193788393420112,0.21510985576662844,0.05193063596826317,0.21507980722903242,0.05191777256743407,0.2150502777525258,0.05190823798463107,0.21502121173910338,0.05190144160516516,0.21499443915546596,0.05189546786477659,0.2149677872497492,0.05189469595832796,0.21494290850645337,0.05189372082233129,0.2149180251287983,0.051893998807996056,0.2148933118717717,0.05189523419342165,0.21486865044672065,0.05190081273824322,0.21484726117040784,0.051911290659913345,0.21482843326878726,0.05192473186039927,0.21481125677868748,0.05193836324899277,0.21479408586600673,0.05195267649600417,0.21477709239297899,0.05197162298042503,0.21476405148764946,0.05198961255728546,0.21475112720868136,0.05200441707187636,0.21473959198224038,0.05202138229535122,0.2147289023665848,0.05202879956896839,0.21472944095902705,0.05203285663892134,0.2147341067420444,0.0520367133671019,0.21473884882457003,0.052036349052952846,0.21474496169482277,0.05201264874401128,0.21476724245435228,0.05198457492668741,0.2147914582824244,0.05195033415750688,0.21481883381258998,0.05191431727935436,0.21484646883225053,0.05187872714219527,0.21487437856642688,0.05184251673255394,0.21490260951961593,0.05180475589187539,0.2149315192612098,0.05176629264076245,0.21496068165802668,0.051727066912162806,0.21498987446141296,0.05168767787893203,0.21501905959692294,0.051686507347688565,0.2150485390927326,0.05168397002080386,0.21507847513804035,0.05168147563547355,0.2151084283442206,0.05168013978483787,0.21513994310943893,0.051678806804475265,0.21517144886711748,0.051680112524983945,0.21520423383461978,0.05168104146170221,0.21523706833470987,0.05168153920149693,0.21527069069231553,0.05168207366512045,0.2153044563820684,0.05168151755449257,0.2153389830335304,0.05167831343700749,0.2153749249762907,0.05167477284849796,0.21541102460550676,0.0516730610814486,0.21544746014680127,0.05167122046968449,0.21548790279869975,0.05167378589509675,0.215529152592317,0.051674675616440624,0.21557106760859557,0.051675299301843926,0.21561310905615766,0.05167657656206397,0.21565522475958213,0.05167720855140357,0.21569733859033702,0.05167807188637676,0.21573944373751888,0.0516787336015439,0.21578350723594517,0.05167841384561531,0.2158276554243194
World,5000,All pasture-based animal products,0,2023,3367249.0895999996,1031183253.6800001,,1.177195384018599e-06,5.8984290680533995e-05,0.02,0.7,-0.0870562096266658,0.0936463796679954,-0.08705618474365974,0.093640126813151,-0.0870570935632157,0.09363461765022107,-0.08705798407303285,0.09362911372990924,-0.08706082691351699,0.09362472061499066,-0.08706387539514744,0.09362048582380463,-0.08706722054783325,0.09361639932215139,-0.08707181421048164,0.09361243579412633,-0.08707657299430621,0.09360872341352845,-0.08708293042334281,0.09360535406594628,-0.08708865086239395,0.09360215971684853,-0.08709471612474363,0.09359908425009952,-0.0871007546832817,0.09359601012192542,-0.08710715766960142,0.09359303141461639,-0.08711352725996652,0.09359007337055247,-0.08711961543755349,0.09358718906819055,-0.08712560921768578,0.0935844728683071,-0.08713158923216822,0.09358177408928924,-0.08713771592971759,0.09357913293248811,-0.08714371285559029,0.09357653537466479,-0.08714999162369193,0.09357407643166037,-0.08715630106822957,0.0935716308538213,-0.0871630728621326,0.09356998319918303,-0.08716972154450586,0.09356836269059729,-0.087176356599807,0.09356674184467294,-0.08718284708608252,0.09356513939299194,-0.08718903939140496,0.09356408499882679,-0.0871950040207158,0.09356304671023934,-0.08720088647214987,0.09356201777360248,-0.08720673459232542,0.09356104757367292,-0.0872154800392062,0.09356234234420799,-0.08721895913554786,0.09356543227291232,-0.08722489117464385,0.09356897122827709,-0.08722994807880205,0.09357266423755067,-0.08723513835796555,0.09357637431738514,-0.08724028950814587,0.09358010678313308,-0.08724509062689134,0.09358394434901965,-0.08724980381999531,0.0935877883528301,-0.08725438076253211,0.09359167112437637,-0.08725894481588423,0.09359556562840682,-0.0872631328641954,0.09359945997050662,-0.08726696510816799,0.09360346115735933,-0.08727003436085948,0.09360748220158138,-0.08727172025089183,0.09361155978799007,-0.08727334131415508,0.09361590632489064,-0.08727464408013794,0.09362041506896536,-0.08727559265641115,0.09362494696101333,-0.08727600679005197,0.09362952195897804,-0.08727629690634207,0.09363409983805544,-0.08727633622434959,0.09363872211747615,-0.08727661690425301,0.09364340823123099,-0.08727635421611891,0.09364818524440423,-0.08727632791744874,0.09365296753078686,-0.08727622081493894,0.0936584853669251,-0.08727582777001322,0.09366400705643961,-0.087275907165428,0.09366958333604178,-0.08727725482490074,0.09367530912419238,-0.08727772497719805,0.09368116090923062,-0.08727815521202745,0.09368705544728559,-0.08727794531928922,0.09369325853052442,-0.0872777341184347,0.09369950839306916,-0.08727778247415416,0.09370578891095487
Yemen,249,All pasture-based animal products,0,2023,22019.7386,462242.57,,2.369043565134012e-10,1.2080101491655811e-08,0.02,0.7,0.00014021832944432198,0.0002556574048287425,0.0001402142649720219,0.0002551951426242165,0.00014020431849589502,0.00025473617149022115,0.00014019254943508654,0.0002542765883103952,0.00014018010918514772,0.00025381618097553775,0.00014016128691811422,0.00025337933466029506,0.00014013779486214713,0.0002529437257126118,0.00014015080066188688,0.0002526642023202687,0.0001401727123217669,0.00025246554646234706,0.00014018733952823932,0.0002522774743910225,0.0001402212533422714,0.0002520993555545487,0.00014025543567117174,0.0002519203653359283,0.00014028358769949906,0.00025174493340081593,0.00014031729129812244,0.00025157001963409416,0.00014037272237407607,0.00025140714880835245,0.0001404209102034811,0.0002512590543469444,0.0001404652038535808,0.00025111138622576116,0.00014051695159043203,0.0002509651516479533,0.00014057812030975774,0.00025082146664632426,0.0001406513438543298,0.0002506820353953938,0.0001407320924061947,0.00025054406586931023,0.00014086962513265317,0.0002504553026399966,0.0001410589380817174,0.00025040985830427823,0.00014128509305901319,0.0002503911505292787,0.0001415205539278386,0.00025037490283198814,0.00014175603642205942,0.0002503577612113749,0.00014199167804053632,0.0002503397269835138,0.00014223923445462705,0.0002503258161754731,0.00014248853539300494,0.0002503111770113897,0.00014273629723489538,0.0002502958056017973,0.00014297753779101606,0.0002502856394597325,0.00014321889263295705,0.0002502745791994725,0.00014345858823806197,0.00025026281465868606,0.00014369127422818364,0.0002502593738084533,0.00014392317598331642,0.00025025507749323195,0.00014415508137139262,0.00025024988594227903,0.0001443955945959156,0.00025024672278171293,0.0001446441018983403,0.00025024524502395226,0.0001449012107236258,0.00025024578872993034,0.00014516219182940761,0.0002502461636789638,0.0001447994266915789,0.0002502526238906494,0.00014444248719896102,0.00025025830680371086,0.00014410414994492978,0.0002502731158596707,0.00014376590250652024,0.00025028703036161125,0.00014342806042201897,0.0002503000597177029,0.0001430925746801067,0.00025031248658897824,0.00014280204692755552,0.00025036011363333444,0.00014254829491495492,0.00025043420082005433,0.0001423143656581528,0.0002505185107718082,0.00014212489601847514,0.00025077350933470823,0.00014194991984091423,0.00025103448650714807,0.00014178675601710485,0.00025129953929772206,0.00014164222754598554,0.0002515738872930963,0.00014149153721729842,0.000251852199934762,0.00014133456870986017,0.0002521537167077016,0.00014117839423639708,0.0002525089496240735,0.00014101560713173365,0.0002528696817406286,0.00014084758225559553,0.0002532324384798922,0.00014075683698290043,0.00025367022549011606,0.0001406777556952619,0.0002541120819217817,0.0001406083785005079,0.000254556737270856,0.000140532323812739,0.0002550071808280885
Yugoslav SFR,248,All pasture-based animal products,0,1991,6346.0,4612944.0,,4.573526483728863e-07,2.343154200563425e-05,0.02,0.7,0.01164682223014668,0.02277194132654793,0.011645927333993888,0.022761907444349316,0.011633555518311078,0.022752896677666435,0.011621718820304439,0.022743899152633897,0.011609346063726822,0.022734916295236923,0.011596515266808174,0.02272817975346386,0.011585275746681792,0.02272164761405688,0.011574041744322819,0.022715111043203652,0.011562160741148325,0.02270892820870889,0.01155485955291722,0.022703915180346278,0.01154503355977718,0.02269896771160001,0.011532492809868813,0.022695303309675292,0.011523475701024483,0.022694419054974248,0.01151084952770295,0.022697481986356623,0.01149794407978241,0.02270086087470399,0.011487819535814278,0.022704573145273885,0.011476213850440616,0.02270873503266721,0.011465208611023455,0.02271290566292256,0.011454379594266382,0.022717141512741165,0.011445789690210302,0.02272142700543465,0.011436791573187933,0.02272572312457062,0.011428500584501679,0.022730039354066842,0.011420603023868246,0.022734511542911378,0.011413644128251563,0.022739303671539493,0.011406566734032576,0.022744093798292023,0.011401473145337623,0.022749219483255236,0.011396303548043996,0.02275435606396243,0.011391211021749148,0.0227603665226194,0.01138727847620734,0.02276668378268434,0.011383713543843849,0.022773464153007076,,,,,,,,,,,,,,,,,,,,,,,,,,,,,,,,,,,,,,,,,,,,,,,,,,,,,,,,,,,,,,,,
Zambia,251,All pasture-based animal products,0,2023,20415.8428,731160.54,,3.9522782056699047e-07,1.9916315813155562e-05,0.02,0.7,0.0034005641552045975,0.004901709580006759,0.0034005055500666605,0.004861390933360515,0.0033990532406963578,0.004820867710404872,0.003396688660069671,0.0047801176152520546,0.0033943293857009553,0.004739010076463831,0.0033916655165281973,0.0046975739953997835,0.003388318930634456,0.004656017803029656,0.0033848804147358497,0.004614077626886476,0.00338082166184386,0.004571926774486297,0.0033767033607901564,0.004529368404384875,0.0033724763924164944,0.004486553742793361,0.0033674147701390315,0.0044433945474486244,0.0033621906179373377,0.004399798679884935,0.003355532816503342,0.004356031999422879,0.003348899568929139,0.004311794168613676,0.003342556106656805,0.004267171579055935,0.003335943368678689,0.004222053922699273,0.003328862418797752,0.00417649126670075,0.003321637065936023,0.004130398273683724,0.003313717158451048,0.004083930236157058,0.003306109776730199,0.004036986299266406,0.0032991128200869965,0.003989480262384288,0.003290947506524141,0.003942146319128511,0.0032805967308508696,0.0038948503580762167,0.003271075061492941,0.0038472757128883333,0.003261260796735459,0.003799036601123902,0.003251308888856278,0.003750089449615421,0.003240928737887684,0.003700448119357998,0.003229885433812917,0.003650075783779264,0.0032222951208276773,0.0036012183250270437,0.0031806060589207284,0.0036420132217363844,0.0031415676539230603,0.0036820166507221495,0.003103800437546737,0.0037212544810242055,0.0030961024526467455,0.0037622605965375324,0.0030843548723345463,0.0038026044591023497,0.003086407951402321,0.0038430593547110568,0.003122586429793619,0.003888094548245981,0.0031587282137192658,0.003932465242351571,0.003190752563844934,0.003976287580482843,0.003212676039358991,0.004020249568578335,0.0032343356057780294,0.0040636104864003875,0.0032519308746565235,0.004106498006787467,0.003268514249700219,0.004148933741726253,0.003279813728189457,0.004191300377381444,0.0032911427699371843,0.0042331365708591,0.0032999093486663017,0.0042749129239041984,0.0033082681408801145,0.004316192065154014,0.003317674535428944,0.004357014822912168,0.003327905712093711,0.004397683520903863,0.0033412839684159317,0.004437983936065187,0.0033527786857871457,0.004477964160214893,0.0033631085171126184,0.004517573601024426,0.003375425091884084,0.004556807129038283,0.003387053785874063,0.004595638474494568,0.003389502300736474,0.0046368876433623,0.003388436864377562,0.004678015089701343,0.0033928082432367673,0.004719480597206174,0.003395354834513624,0.004760652830058636,0.003397638478090418,0.004801464835562422,0.003395677090735888,0.004842346868431251,0.0033945438693578525,0.004882900922353186,0.0033952180153331364,0.004923193948863654
Zimbabwe,181,All pasture-based animal products,0,2023,12539.9625,1224563.79,,2.5816258751163505e-06,0.0001296120577382889,0.02,0.7,-0.0062722403940269345,0.017438482075731863,-0.0062725101310467934,0.017364330776919634,-0.0062730911422012176,0.01728989652980207,-0.006276036971796593,0.017216495879509568,-0.006279347290981854,0.017142814385202442,-0.006281828709334043,0.017069135599520936,-0.0062865972689497285,0.016996339761508848,-0.006290132570885684,0.016924043159519793,-0.006292456196837306,0.01685217633142554,-0.00629529316319706,0.01678004016898848,-0.006296346701960824,0.016717306397674294,-0.006295814710639029,0.016655696603951328,-0.006294073891778287,0.016594403660131443,-0.006296477372581027,0.016535626460670215,-0.0062985746864900275,0.016476511347106648,-0.006299068304676088,0.016418344846007633,-0.006297966675660738,0.016360129777732907,-0.006297510510698718,0.016302798433281657,-0.006297262163471267,0.016245378905017274,-0.006304582056081947,0.01619065167279113,-0.00631546049333593,0.01613758353664816,-0.006326131190035253,0.016084210731018296,-0.006336802638994104,0.016030437487909745,-0.0063488140777631505,0.015976353486936715,-0.006361918609190595,0.015922109750296863,-0.006375842239736888,0.015867596775329198,-0.006388129678923992,0.01581316887898471,-0.006401004285538041,0.01575903805005696,-0.006414452557963577,0.01570455110412887,-0.0064256074676697205,0.01564994588407546,-0.006543462475038101,0.015672110848899846,-0.006673535306655141,0.01569572063383485,-0.006774722514996629,0.015740853987189118,-0.006875621907294808,0.01578556143331953,-0.006970823882200328,0.01583042959652302,-0.007078463587252547,0.015883584109703558,-0.0071849835746347485,0.015936517001135075,-0.00732994307972369,0.01599503125402781,-0.007463341411966593,0.016054324786437004,-0.007596717246986653,0.016113215644055094,-0.007705989213282768,0.01617187313268796,-0.0077873890386518044,0.016238199874287113,-0.007862075952161898,0.016304677616850692,-0.007927509360493787,0.01637135534683963,-0.007994971986505325,0.01643779355395367,-0.00806759221745207,0.016504687801066995,-0.008141101705505372,0.016571226737372578,-0.0082157066480983,0.01663748162145809,-0.008285670175186471,0.016703707047476906,-0.008348472574681373,0.016770391486976687,-0.00840988179393653,0.016836804215774867,-0.00847158202879208,0.016902869244264904,-0.008525375505079843,0.016968742695662623,-0.008514406117128776,0.017041667306878176,-0.00850138762603701,0.017115015475199138,-0.00849251611199556,0.017188123794952992,-0.008485282504600813,0.017261588903487352,-0.008480888259134192,0.017334802752039708,-0.00847600864622901,0.017407830343499874,-0.008475497301990528,0.01748060968761569,-0.008480105755327462,0.0175542531196102,-0.00848599521572544,0.017627589419413694
